Name	Type	Pack	Patreon Pack	Itch	Unity	Patreon	Link	Tags
Apple Tree	natural prop	Forgotten Plains		yes	yes	no	https://krishna-palacio.itch.io/minifantasy-forgotten-plains	nature, tree, fruit
Wooden Bridge	tileset		Wooden Bridge	no	no	yes	https://www.patreon.com/posts/exclusive-wooden-54463590	building, bridge
Stone Bridge	tileset	Towns II		yes	no	no	https://krishna-palacio.itch.io/minifantasy-towns-ii	building, bridge
Human And Orc	creature	Dungeon		yes	yes	no	https://krishna-palacio.itch.io/minifantasy-dungeon	base character, character, aggressive
Stone Brick Wall	tileset	Dungeon		yes	yes	no	https://krishna-palacio.itch.io/minifantasy-dungeon	building, indoor, dungeon, wall, grey
Damaged Stone Brick Wall	tileset	Dungeon		yes	yes	no	https://krishna-palacio.itch.io/minifantasy-dungeon	building, indoor, dungeon, wall, grey, broken, damaged
Dirty Stone Brick Wall	tileset	Dungeon		yes	yes	no	https://krishna-palacio.itch.io/minifantasy-dungeon	building, indoor, dungeon, wall, grey, dirty
Stone Brick Door Frame	tileset	Dungeon		yes	yes	no	https://krishna-palacio.itch.io/minifantasy-dungeon	building, indoor, dungeon, door, grey
Stone Brick Pillar	tileset	Dungeon		yes	yes	no	https://krishna-palacio.itch.io/minifantasy-dungeon	building, indoor, dungeon, pillar, grey
Plain Stone Tile	tileset	Dungeon		yes	yes	no	https://krishna-palacio.itch.io/minifantasy-dungeon	building, indoor, floor, grey, bluish
Small Stone Tile	tileset	Dungeon		yes	yes	no	https://krishna-palacio.itch.io/minifantasy-dungeon	building, indoor, floor, grey, bluish
Broken Plain Stone Tile	tileset	Dungeon		yes	yes	no	https://krishna-palacio.itch.io/minifantasy-dungeon	building, indoor, floor, grey, bluish, broken, damaged
Broken Small Stone Tile	tileset	Dungeon		yes	yes	no	https://krishna-palacio.itch.io/minifantasy-dungeon	building, indoor, floor, grey, bluish, broken, damaged
Floor Spike Trap	tileset	Dungeon		yes	yes	no	https://krishna-palacio.itch.io/minifantasy-dungeon	building, indoor, trap, floor, grey
Studded Wooden Door 	manufactured prop	Dungeon		yes	yes	no	https://krishna-palacio.itch.io/minifantasy-dungeon	prop, door
Underground Chasm	tileset	Dungeon		yes	yes	no	https://krishna-palacio.itch.io/minifantasy-dungeon	dirt, abyss, brown, cliff
Small Wooden Table	manufactured prop	Dungeon		yes	yes	no	https://krishna-palacio.itch.io/minifantasy-dungeon	prop, brown, wooden, table
Broken Small Wooden Table	manufactured prop	Dungeon		yes	yes	no	https://krishna-palacio.itch.io/minifantasy-dungeon	prop, brown, wooden, broken, damaged, table
Medium Wooden Table	manufactured prop	Dungeon		yes	yes	no	https://krishna-palacio.itch.io/minifantasy-dungeon	prop, brown, wooden, table
Broken Medium Wooden Table	manufactured prop	Dungeon		yes	yes	no	https://krishna-palacio.itch.io/minifantasy-dungeon	prop, brown, wooden, broken, damaged, table
Large Wooden Table	manufactured prop	Dungeon		yes	yes	no	https://krishna-palacio.itch.io/minifantasy-dungeon	prop, brown, wooden, table
Broken Large Wooden Table	manufactured prop	Dungeon		yes	yes	no	https://krishna-palacio.itch.io/minifantasy-dungeon	prop, brown, wooden, broken, damaged, table
Wooden Crate	manufactured prop	Dungeon		yes	yes	no	https://krishna-palacio.itch.io/minifantasy-dungeon	prop, brown, wooden, table
Loot Sack	manufactured prop	Dungeon		yes	yes	no	https://krishna-palacio.itch.io/minifantasy-dungeon	prop, fabric, grey, white, loot, treasure
Clay Jar	manufactured prop	Dungeon		yes	yes	no	https://krishna-palacio.itch.io/minifantasy-dungeon	prop, beige, houseware
Clay Plate	manufactured prop	Dungeon		yes	yes	no	https://krishna-palacio.itch.io/minifantasy-dungeon	prop, beige, houseware
Clay Pot	manufactured prop	Dungeon		yes	yes	no	https://krishna-palacio.itch.io/minifantasy-dungeon	prop, beige, houseware
Gold Coins	manufactured prop	Dungeon		yes	yes	no	https://krishna-palacio.itch.io/minifantasy-dungeon	prop, Yellow, treasure
Wooden Chair	manufactured prop	Dungeon		yes	yes	no	https://krishna-palacio.itch.io/minifantasy-dungeon	prop, brown, wooden, chair
Knocked Down Wooden Chair	manufactured prop	Dungeon		yes	yes	no	https://krishna-palacio.itch.io/minifantasy-dungeon	prop, brown, wooden, broken, damaged, chair
Wall Banner	manufactured prop	Dungeon		yes	yes	no	https://krishna-palacio.itch.io/minifantasy-dungeon	prop, fabric, red, banner
Damaged Wall Banner	manufactured prop	Dungeon		yes	yes	no	https://krishna-palacio.itch.io/minifantasy-dungeon	prop, fabric, red, banner, broken, damaged
Candle	manufactured prop	Dungeon		yes	yes	no	https://krishna-palacio.itch.io/minifantasy-dungeon	prop, light source
Wall Torch	manufactured prop	Dungeon		yes	yes	no	https://krishna-palacio.itch.io/minifantasy-dungeon	prop, light source
Studded Wooden Chest	manufactured prop	Dungeon		yes	yes	no	https://krishna-palacio.itch.io/minifantasy-dungeon	prop, brown, wooden, treasure, loot, chest
Iron Cauldron	manufactured prop	Dungeon		yes	yes	no	https://krishna-palacio.itch.io/minifantasy-dungeon	prop, iron, grey, bluish, houseware
Soldier Statue	manufactured prop	Dungeon		yes	yes	no	https://krishna-palacio.itch.io/minifantasy-dungeon	prop, white, grey, bluish, marble, stone, iron
Decorative Soldier Armour	manufactured prop	Dungeon		yes	yes	no	https://krishna-palacio.itch.io/minifantasy-dungeon	prop, white, grey, bluish, marble, stone, iron
Bat	creature	Creatures		yes	yes	no	https://krishna-palacio.itch.io/minifantasy-creatures	animal, monster, mammal, aggressive
Wolf	creature	Creatures		yes	yes	no	https://krishna-palacio.itch.io/minifantasy-creatures	animal, beast, mammal, aggressive
Cyclop	creature	Creatures		yes	yes	no	https://krishna-palacio.itch.io/minifantasy-creatures	monster, aggressive
Minotaur	creature	Creatures		yes	yes	no	https://krishna-palacio.itch.io/minifantasy-creatures	monster, aggressive
Green Mother Slime	creature	Creatures		yes	yes	no	https://krishna-palacio.itch.io/minifantasy-creatures	monster, aggressive
Troll	creature	Creatures		yes	yes	no	https://krishna-palacio.itch.io/minifantasy-creatures	monster, aggressive
Warg	creature	Creatures		yes	yes	no	https://krishna-palacio.itch.io/minifantasy-creatures	monster, beast, mammal, aggressive
Yeti	creature	Creatures		yes	yes	no	https://krishna-palacio.itch.io/minifantasy-creatures	monster, aggressive
Blue Mother Slime	creature	Creatures		yes	yes	no	https://krishna-palacio.itch.io/minifantasy-creatures	monster, aggressive
Dwarf	creature	Creatures		yes	yes	no	https://krishna-palacio.itch.io/minifantasy-creatures	base character, character, aggressive
Yellow Beard	creature	Creatures		yes	yes	no	https://krishna-palacio.itch.io/minifantasy-creatures	character, dwarf, aggressive
Elf	creature	Creatures		yes	yes	no	https://krishna-palacio.itch.io/minifantasy-creatures	base character, character, aggressive
Goblin	creature	Creatures		yes	yes	no	https://krishna-palacio.itch.io/minifantasy-creatures	base character, character, monster, aggressive
Halfling	creature	Creatures		yes	yes	no	https://krishna-palacio.itch.io/minifantasy-creatures	base character, character, aggressive
Human	creature	Creatures		yes	yes	no	https://krishna-palacio.itch.io/minifantasy-creatures	base character, character, aggressive
Amazon	creature	Creatures		yes	yes	no	https://krishna-palacio.itch.io/minifantasy-creatures	character, human, aggressive
Townsfolk	creature	Creatures		yes	yes	no	https://krishna-palacio.itch.io/minifantasy-creatures	character, human, aggressive
Orc	creature	Creatures		yes	yes	no	https://krishna-palacio.itch.io/minifantasy-creatures	base character, character, monster, aggressive
Wild Orc	creature	Creatures		yes	yes	no	https://krishna-palacio.itch.io/minifantasy-creatures	character, monster, orc, aggressive
Trasgo	creature	Creatures		yes	yes	no	https://krishna-palacio.itch.io/minifantasy-creatures	monster, aggressive
Centaur	creature	Creatures		yes	yes	no	https://krishna-palacio.itch.io/minifantasy-creatures	monster, aggressive
Evil Snowman	creature	Creatures		yes	yes	no	https://krishna-palacio.itch.io/minifantasy-creatures	monster, aggressive
Pumpkin Horror	creature	Creatures		yes	yes	no	https://krishna-palacio.itch.io/minifantasy-creatures	monster, aggressive
Skeleton	creature	Creatures		yes	yes	no	https://krishna-palacio.itch.io/minifantasy-creatures	monster, undead, aggressive
Green Slime	creature	Creatures		yes	yes	no	https://krishna-palacio.itch.io/minifantasy-creatures	monster, aggressive
Blue Slime	creature	Creatures		yes	yes	no	https://krishna-palacio.itch.io/minifantasy-creatures	monster, aggressive
Wildfire	creature	Creatures		yes	yes	no	https://krishna-palacio.itch.io/minifantasy-creatures	monster, undead, aggressive
Zombie	creature	Creatures		yes	yes	no	https://krishna-palacio.itch.io/minifantasy-creatures	monster, undead, aggressive
Grass	tileset	Forgotten Plains		yes	yes	no	https://krishna-palacio.itch.io/minifantasy-forgotten-plains	nature, outdoor, green
Dirt Soil	tileset	Forgotten Plains		yes	yes	no	https://krishna-palacio.itch.io/minifantasy-forgotten-plains	nature, outdoor, brown
Dirt Path	tileset	Forgotten Plains		yes	yes	no	https://krishna-palacio.itch.io/minifantasy-forgotten-plains	nature, outdoor, brown
Grass/Dirt Transition	tileset	Forgotten Plains		yes	yes	no	https://krishna-palacio.itch.io/minifantasy-forgotten-plains	nature, outdoor, green, brown
Outdoor Stone Tile	tileset	Forgotten Plains		yes	yes	no	https://krishna-palacio.itch.io/minifantasy-forgotten-plains	outdoor, grey
Broken Outdoor Stone Tile	tileset	Forgotten Plains		yes	yes	no	https://krishna-palacio.itch.io/minifantasy-forgotten-plains	outdoor, grey, damaged, broken
Outdoor Stone Tile/Grass Transition	tileset	Forgotten Plains		yes	yes	no	https://krishna-palacio.itch.io/minifantasy-forgotten-plains	outdoor, grey, green
Outdoor Stone Tile/Dirt Transition	tileset	Forgotten Plains		yes	yes	no	https://krishna-palacio.itch.io/minifantasy-forgotten-plains	outdoor, grey, brown
Water	animated tileset	Forgotten Plains		yes	yes	no	https://krishna-palacio.itch.io/minifantasy-forgotten-plains	nature, outdoor, blue
Water/Grass Transition	animated tileset	Forgotten Plains		yes	yes	no	https://krishna-palacio.itch.io/minifantasy-forgotten-plains	nature, outdoor, blue, green
Water/Dirrt Transition	animated tileset	Forgotten Plains		yes	yes	no	https://krishna-palacio.itch.io/minifantasy-forgotten-plains	nature, outdoor, blue, brown
Stone Cliffs	tileset	Forgotten Plains		yes	yes	no	https://krishna-palacio.itch.io/minifantasy-forgotten-plains	nature, outdoor, grey, green
Stone Cliff Stairs	tileset	Forgotten Plains		yes	yes	no	https://krishna-palacio.itch.io/minifantasy-forgotten-plains	outdoor, grey, green
Grass/Dirt Hills	tileset	Forgotten Plains		yes	yes	no	https://krishna-palacio.itch.io/minifantasy-forgotten-plains	nature, outdoor, brown, green
River	animated tileset	Forgotten Plains		yes	yes	no	https://krishna-palacio.itch.io/minifantasy-forgotten-plains	nature, outdoor, blue, green
Waterfall	animated tileset	Forgotten Plains		yes	yes	no	https://krishna-palacio.itch.io/minifantasy-forgotten-plains	nature, outdoor, blue, green
Forgotten Pillars	manufactured prop	Forgotten Plains		yes	yes	no	https://krishna-palacio.itch.io/minifantasy-forgotten-plains	outdoor, grey, damaged, broken
Forgotten Wall	manufactured prop	Forgotten Plains		yes	yes	no	https://krishna-palacio.itch.io/minifantasy-forgotten-plains	outdoor, grey, damaged, broken
Red Flower	natural prop	Forgotten Plains		yes	yes	no	https://krishna-palacio.itch.io/minifantasy-forgotten-plains	nature, outdoor
Purple Flower	natural prop	Forgotten Plains		yes	yes	no	https://krishna-palacio.itch.io/minifantasy-forgotten-plains	nature, outdoor
White Flower	natural prop	Forgotten Plains		yes	yes	no	https://krishna-palacio.itch.io/minifantasy-forgotten-plains	nature, outdoor
Weeds	natural prop	Forgotten Plains		yes	yes	no	https://krishna-palacio.itch.io/minifantasy-forgotten-plains	nature, outdoor, green
Bindweds	natural prop	Forgotten Plains		yes	yes	no	https://krishna-palacio.itch.io/minifantasy-forgotten-plains	nature, outdoor, green
Reeds	natural prop	Forgotten Plains		yes	yes	no	https://krishna-palacio.itch.io/minifantasy-forgotten-plains	nature, outdoor, green
Gravel Soil	tileset	Towns I		yes	yes	no	https://krishna-palacio.itch.io/minifantasy-towns	floor, outdoor, dark grey
Cobblestone Pavement	tileset	Towns I		yes	yes	no	https://krishna-palacio.itch.io/minifantasy-towns	floor, outdoor, grey
Gravel Soil/Grass Transition	tileset	Towns I		yes	yes	no	https://krishna-palacio.itch.io/minifantasy-towns	floor, outdoor, grey
Cobblestone Pavement/Gravel Soil Transition	tileset	Towns I		yes	yes	no	https://krishna-palacio.itch.io/minifantasy-towns	floor, outdoor, dark grey, grey
City Sidewalk Tiles	tileset	Towns I		yes	yes	no	https://krishna-palacio.itch.io/minifantasy-towns	floor, outdoor, veige, yellow
House Fence	tileset	Towns I		yes	yes	no	https://krishna-palacio.itch.io/minifantasy-towns	veige, enclosure
Timber Log Stack	tileset	Towns I		yes	yes	no	https://krishna-palacio.itch.io/minifantasy-towns	nature, brown, wood
Red Tile Roof	tileset	Towns I		yes	yes	no	https://krishna-palacio.itch.io/minifantasy-towns	building, outdoor
Wooden Pillars	tileset	Towns I		yes	yes	no	https://krishna-palacio.itch.io/minifantasy-towns	building, outdoor, brown, wood
Cobblestone Wall	tileset	Towns I		yes	yes	no	https://krishna-palacio.itch.io/minifantasy-towns	building, outdoor, grey
Stone Brick Wall	tileset	Towns I		yes	yes	no	https://krishna-palacio.itch.io/minifantasy-towns	building, outdoor, grey
House Doors	tileset	Towns I		yes	yes	no	https://krishna-palacio.itch.io/minifantasy-towns	building, outdoor, indoor, grey, blue, white
House Windows	tileset	Towns I		yes	yes	no	https://krishna-palacio.itch.io/minifantasy-towns	building, outdoor, indoor, grey, blue, white
Painted House Wall	tileset	Towns I		yes	yes	no	https://krishna-palacio.itch.io/minifantasy-towns	building, indoor, white
Parquet Floor	tileset	Towns I		yes	yes	no	https://krishna-palacio.itch.io/minifantasy-towns	building, indoor, brown, wood
Bar/Shop Counter	tileset	Towns I		yes	yes	no	https://krishna-palacio.itch.io/minifantasy-towns	building, indoor, brown, wood
Stone Chimney	manufactured prop	Towns I		yes	yes	no	https://krishna-palacio.itch.io/minifantasy-towns	building, outdoor, grey
Metal Chimney	manufactured prop	Towns I		yes	yes	no	https://krishna-palacio.itch.io/minifantasy-towns	building, outdoor, grey
Water Well	manufactured prop	Towns I		yes	yes	no	https://krishna-palacio.itch.io/minifantasy-towns	building, outdoor, grey, red
Pant Pots	manufactured prop	Towns I		yes	yes	no	https://krishna-palacio.itch.io/minifantasy-towns	decoration, outdoor, indoor, green, brown
Hen House	manufactured prop	Towns I		yes	yes	no	https://krishna-palacio.itch.io/minifantasy-towns	outdoor, brown, wood
Post Box	manufactured prop	Towns I		yes	yes	no	https://krishna-palacio.itch.io/minifantasy-towns	outdoor, grey, brown
Timber Log With Axe	natural prop	Towns I		yes	yes	no	https://krishna-palacio.itch.io/minifantasy-towns	nature, brown, wood
Shop Signs	manufactured prop	Towns I		yes	yes	no	https://krishna-palacio.itch.io/minifantasy-towns	Outdoor, brown, wood
Bulletin Board	manufactured prop	Towns I		yes	yes	no	https://krishna-palacio.itch.io/minifantasy-towns	brown, wood
Wooden Signs	manufactured prop	Towns I		yes	yes	no	https://krishna-palacio.itch.io/minifantasy-towns	brown, wood
Metal Furnace	manufactured prop	Towns I		yes	yes	no	https://krishna-palacio.itch.io/minifantasy-towns	grey, blacksmith
Weapon Display	manufactured prop	Towns I		yes	yes	no	https://krishna-palacio.itch.io/minifantasy-towns	grey, blacksmith, decoration
Anvil	manufactured prop	Towns I		yes	yes	no	https://krishna-palacio.itch.io/minifantasy-towns	grey, blacksmith
Wood Kitchen	manufactured prop	Towns I		yes	yes	no	https://krishna-palacio.itch.io/minifantasy-towns	grey, cook
Paints	manufactured prop	Towns I		yes	yes	no	https://krishna-palacio.itch.io/minifantasy-towns	decoration, art
Long Wooden Table	manufactured prop	Towns I		yes	yes	no	https://krishna-palacio.itch.io/minifantasy-towns	furniture, wood, brown
Square  Woodn Table	manufactured prop	Towns I		yes	yes	no	https://krishna-palacio.itch.io/minifantasy-towns	furniture, wood, brown
Desk	manufactured prop	Towns I		yes	yes	no	https://krishna-palacio.itch.io/minifantasy-towns	furniture, wood, brown
Butcher Table	manufactured prop	Towns I		yes	yes	no	https://krishna-palacio.itch.io/minifantasy-towns	furniture, wood, brown
Alchemist Table	manufactured prop	Towns I		yes	yes	no	https://krishna-palacio.itch.io/minifantasy-towns	furniture, wood, brown
Tabern Table	manufactured prop	Towns I		yes	yes	no	https://krishna-palacio.itch.io/minifantasy-towns	furniture, wood, brown
Beer Keg	manufactured prop	Towns I		yes	yes	no	https://krishna-palacio.itch.io/minifantasy-towns	furniture, wood, brown
Tabern Bench	manufactured prop	Towns I		yes	yes	no	https://krishna-palacio.itch.io/minifantasy-towns	furniture, wood, brown
Bookshelves	manufactured prop	Towns I		yes	yes	no	https://krishna-palacio.itch.io/minifantasy-towns	furniture, wood, brown
Empty Shelves	manufactured prop	Towns I		yes	yes	no	https://krishna-palacio.itch.io/minifantasy-towns	furniture, wood, brown
Shelves	manufactured prop	Towns I		yes	yes	no	https://krishna-palacio.itch.io/minifantasy-towns	furniture, wood, brown
Inn Bed	manufactured prop	Towns I		yes	yes	no	https://krishna-palacio.itch.io/minifantasy-towns	furniture, wood, brown, red, white
Hen	creature	Towns I		yes	yes	no	https://krishna-palacio.itch.io/minifantasy-towns	Animal, bird, non-aggressive
Chick	creature	Towns I		yes	yes	no	https://krishna-palacio.itch.io/minifantasy-towns	Animal, bird, non-aggressive
Dagger Attack	base character expanded animations	Weapons		yes	no	no	https://krishna-palacio.itch.io/minifantasy-weapons	layered animation, weapon, base character, human, orc, elf, halfling, goblin, dwarf
Sword Attack	base character expanded animations	Weapons		yes	no	no	https://krishna-palacio.itch.io/minifantasy-weapons	layered animation, weapon, base character, human, orc, elf, halfling, goblin, dwarf
Axe Attack	base character expanded animations	Weapons		yes	no	no	https://krishna-palacio.itch.io/minifantasy-weapons	layered animation, weapon, base character, human, orc, elf, halfling, goblin, dwarf
Spear Attack	base character expanded animations	Weapons		yes	no	no	https://krishna-palacio.itch.io/minifantasy-weapons	layered animation, weapon, base character, human, orc, elf, halfling, goblin, dwarf
Pitchfork Attack	base character expanded animations	Weapons		yes	no	no	https://krishna-palacio.itch.io/minifantasy-weapons	layered animation, weapon, base character, human, orc, elf, halfling, goblin, dwarf
Whip Attack	base character expanded animations	Weapons		yes	no	no	https://krishna-palacio.itch.io/minifantasy-weapons	layered animation, weapon, base character, human, orc, elf, halfling, goblin, dwarf
Flail Attack	base character expanded animations	Weapons		yes	no	no	https://krishna-palacio.itch.io/minifantasy-weapons	layered animation, weapon, base character, human, orc, elf, halfling, goblin, dwarf
Longsword Attack	base character expanded animations	Weapons		yes	no	no	https://krishna-palacio.itch.io/minifantasy-weapons	layered animation, weapon, base character, human, orc, elf, halfling, goblin, dwarf
War Axe Attack	base character expanded animations	Weapons		yes	no	no	https://krishna-palacio.itch.io/minifantasy-weapons	layered animation, weapon, base character, human, orc, elf, halfling, goblin, dwarf
Bow Attack	base character expanded animations	Weapons		yes	no	no	https://krishna-palacio.itch.io/minifantasy-weapons	layered animation, weapon, base character, human, orc, elf, halfling, goblin, dwarf
Slingshot Attack	base character expanded animations	Weapons		yes	no	no	https://krishna-palacio.itch.io/minifantasy-weapons	layered animation, weapon, base character, human, orc, elf, halfling, goblin, dwarf
Buckler Guard	base character expanded animations	Weapons		yes	no	no	https://krishna-palacio.itch.io/minifantasy-weapons	layered animation, weapon, base character, human, orc, elf, halfling, goblin, dwarf
Wooden Shield Guard	base character expanded animations	Weapons		yes	no	no	https://krishna-palacio.itch.io/minifantasy-weapons	layered animation, weapon, base character, human, orc, elf, halfling, goblin, dwarf
Iron Shield Guard	base character expanded animations	Weapons		yes	no	no	https://krishna-palacio.itch.io/minifantasy-weapons	layered animation, weapon, base character, human, orc, elf, halfling, goblin, dwarf
Dagger Charged Attack	base character expanded animations	Weapons		yes	no	no	https://krishna-palacio.itch.io/minifantasy-weapons	layered animation, weapon, base character, human, orc, elf, halfling, goblin, dwarf
Sword Charged Attack	base character expanded animations	Weapons		yes	no	no	https://krishna-palacio.itch.io/minifantasy-weapons	layered animation, weapon, base character, human, orc, elf, halfling, goblin, dwarf
Axe Charged  Attack	base character expanded animations	Weapons		yes	no	no	https://krishna-palacio.itch.io/minifantasy-weapons	layered animation, weapon, base character, human, orc, elf, halfling, goblin, dwarf
Spear Charged Attack	base character expanded animations	Weapons		yes	no	no	https://krishna-palacio.itch.io/minifantasy-weapons	layered animation, weapon, base character, human, orc, elf, halfling, goblin, dwarf
Pitchfork Charged Attack	base character expanded animations	Weapons		yes	no	no	https://krishna-palacio.itch.io/minifantasy-weapons	layered animation, weapon, base character, human, orc, elf, halfling, goblin, dwarf
Longsword Charged Attack	base character expanded animations	Weapons		yes	no	no	https://krishna-palacio.itch.io/minifantasy-weapons	layered animation, weapon, base character, human, orc, elf, halfling, goblin, dwarf
War Axe Charged Attack	base character expanded animations	Weapons		yes	no	no	https://krishna-palacio.itch.io/minifantasy-weapons	layered animation, weapon, base character, human, orc, elf, halfling, goblin, dwarf
Charged Attacks	base character expanded animations	Weapons		yes	no	no	https://krishna-palacio.itch.io/minifantasy-weapons	layered animation, weapon, base character, human, orc, elf, halfling, goblin, dwarf
Guards	base character expanded animations	Weapons		yes	no	no	https://krishna-palacio.itch.io/minifantasy-weapons	layered animation, weapon, base character, human, orc, elf, halfling, goblin, dwarf
Ranged Attacks	base character expanded animations	Weapons		yes	no	no	https://krishna-palacio.itch.io/minifantasy-weapons	layered animation, weapon, base character, human, orc, elf, halfling, goblin, dwarf
Slash Attacks	base character expanded animations	Weapons		yes	no	no	https://krishna-palacio.itch.io/minifantasy-weapons	layered animation, weapon, base character, human, orc, elf, halfling, goblin, dwarf
Swing Attacks	base character expanded animations	Weapons		yes	no	no	https://krishna-palacio.itch.io/minifantasy-weapons	layered animation, weapon, base character, human, orc, elf, halfling, goblin, dwarf
Thrust Attacks	base character expanded animations	Weapons		yes	no	no	https://krishna-palacio.itch.io/minifantasy-weapons	layered animation, weapon, base character, human, orc, elf, halfling, goblin, dwarf
Two Handed Attacks	base character expanded animations	Weapons		yes	no	no	https://krishna-palacio.itch.io/minifantasy-weapons	layered animation, weapon, base character, human, orc, elf, halfling, goblin, dwarf
Cartographic Map Forest	tileset	Maps		yes	no	no	https://krishna-palacio.itch.io/minifantasy-maps	world, map, ui
Cartographic Map Shore	tileset	Maps		yes	no	no	https://krishna-palacio.itch.io/minifantasy-maps	world, map, ui
Cartographic Map Ocean	tileset	Maps		yes	no	no	https://krishna-palacio.itch.io/minifantasy-maps	world, map, ui
Cartographic Map Mountain Range	tileset	Maps		yes	no	no	https://krishna-palacio.itch.io/minifantasy-maps	world, map, ui
Cartographic Map River	tileset	Maps		yes	no	no	https://krishna-palacio.itch.io/minifantasy-maps	world, map, ui
Cartographic Map Road	tileset	Maps		yes	no	no	https://krishna-palacio.itch.io/minifantasy-maps	world, map, ui
Cartographic Map Path	tileset	Maps		yes	no	no	https://krishna-palacio.itch.io/minifantasy-maps	world, map, ui
Cartographic Map Waves	natural prop	Maps		yes	no	no	https://krishna-palacio.itch.io/minifantasy-maps	world, map, ui
Cartographic Map Tents	manufactured prop	Maps		yes	no	no	https://krishna-palacio.itch.io/minifantasy-maps	world, map, ui, location, poi
Cartographic Map Huts	manufactured prop	Maps		yes	no	no	https://krishna-palacio.itch.io/minifantasy-maps	world, map, ui, location, poi
Cartographic Map Houses	manufactured prop	Maps		yes	no	no	https://krishna-palacio.itch.io/minifantasy-maps	world, map, ui, location, poi
Cartographic Map Camps	manufactured prop	Maps		yes	no	no	https://krishna-palacio.itch.io/minifantasy-maps	world, map, ui, location, poi
Cartographic Map Towns	manufactured prop	Maps		yes	no	no	https://krishna-palacio.itch.io/minifantasy-maps	world, map, ui, location, poi
Cartographic Map Cities	manufactured prop	Maps		yes	no	no	https://krishna-palacio.itch.io/minifantasy-maps	world, map, ui, location, poi
Cartographic Map Docks	manufactured prop	Maps		yes	no	no	https://krishna-palacio.itch.io/minifantasy-maps	world, map, ui, location, poi
Cartographic Map Bridges	manufactured prop	Maps		yes	no	no	https://krishna-palacio.itch.io/minifantasy-maps	world, map, ui, location, poi
Cartographic Map Ships	manufactured prop	Maps		yes	no	no	https://krishna-palacio.itch.io/minifantasy-maps	world, map, ui, location, poi
Cartographic Map Watchtowers	manufactured prop	Maps		yes	no	no	https://krishna-palacio.itch.io/minifantasy-maps	world, map, ui, location, poi
Cartographic Map Inn	manufactured prop	Maps		yes	no	no	https://krishna-palacio.itch.io/minifantasy-maps	world, map, ui, location, poi
Cartographic Map Sawmill	manufactured prop	Maps		yes	no	no	https://krishna-palacio.itch.io/minifantasy-maps	world, map, ui, location, poi
Cartographic Map Farms	manufactured prop	Maps		yes	no	no	https://krishna-palacio.itch.io/minifantasy-maps	world, map, ui, location, poi
Cartographic Map Mine	manufactured prop	Maps		yes	no	no	https://krishna-palacio.itch.io/minifantasy-maps	world, map, ui, location, poi
Cartographic Map Fort	manufactured prop	Maps		yes	no	no	https://krishna-palacio.itch.io/minifantasy-maps	world, map, ui, location, poi
Cartographic Map Fortress	manufactured prop	Maps		yes	no	no	https://krishna-palacio.itch.io/minifantasy-maps	world, map, ui, location, poi
Cartographic Map Church	manufactured prop	Maps		yes	no	no	https://krishna-palacio.itch.io/minifantasy-maps	world, map, ui, location, poi
Cartographic Map Military Camp	manufactured prop	Maps		yes	no	no	https://krishna-palacio.itch.io/minifantasy-maps	world, map, ui, location, poi
Cartographic Map Castles	manufactured prop	Maps		yes	no	no	https://krishna-palacio.itch.io/minifantasy-maps	world, map, ui, location, poi
Cartographic Map Ligth House	manufactured prop	Maps		yes	no	no	https://krishna-palacio.itch.io/minifantasy-maps	world, map, ui, location, poi
Cartographic Map Location Markers	manufactured prop	Maps		yes	no	no	https://krishna-palacio.itch.io/minifantasy-maps	world, map, ui, location, poi
Plowed Soil	tileset	Farm		yes	yes	no	https://krishna-palacio.itch.io/minifantasy-farm	farming, harvest, dry, humid, brown, yellow, orange, outdoor
Cultivated Soil	tileset	Farm		yes	yes	no	https://krishna-palacio.itch.io/minifantasy-farm	farming, harvest, dry, humid, brown, yellow, orange, outdoor
Dirt Soil	tileset	Farm		yes	yes	no	https://krishna-palacio.itch.io/minifantasy-farm	nature, outdoor, brown
Grass	tileset	Farm		yes	yes	no	https://krishna-palacio.itch.io/minifantasy-farm	nature, outdoor, green
Grass/Dirt Transition	tileset	Farm		yes	yes	no	https://krishna-palacio.itch.io/minifantasy-farm	nature, outdoor, green, brown
Dirt Path	tileset	Farm		yes	yes	no	https://krishna-palacio.itch.io/minifantasy-farm	nature, outdoor, brown
Stone Slab Path	tileset	Farm		yes	yes	no	https://krishna-palacio.itch.io/minifantasy-farm	outdoor, grey, brown, geen, manufactured
Barn Walls	tileset	Farm		yes	yes	no	https://krishna-palacio.itch.io/minifantasy-farm	building, outdoor, indoor, wooden, red, white, brown
Barn Roof	tileset	Farm		yes	yes	no	https://krishna-palacio.itch.io/minifantasy-farm	building, outdoor, grey, brown
Barn Windows	tileset	Farm		yes	yes	no	https://krishna-palacio.itch.io/minifantasy-farm	building, outdoor, indoor, wooden, red, white, brown
Barn Doors	tileset	Farm		yes	yes	no	https://krishna-palacio.itch.io/minifantasy-farm	building, outdoor, indoor, wooden, red, white, brown
Hay Scattered On The Ground	tileset	Farm		yes	yes	no	https://krishna-palacio.itch.io/minifantasy-farm	yellow, outdoor, indoor, nature
Wooden Fence	tileset	Farm		yes	yes	no	https://krishna-palacio.itch.io/minifantasy-farm	outdoor, indoor, wooden, brown
Barn Pillar	tileset	Farm		yes	yes	no	https://krishna-palacio.itch.io/minifantasy-farm	indoor, wooden, brown
Hay Bales	manufactured prop	Farm		yes	yes	no	https://krishna-palacio.itch.io/minifantasy-farm	indoor, outdoor, yellow
Haycock	manufactured prop	Farm		yes	yes	no	https://krishna-palacio.itch.io/minifantasy-farm	outdoor, yellow
Rake	manufactured prop	Farm		yes	yes	no	https://krishna-palacio.itch.io/minifantasy-farm	tool, brown, farmer
Scarecrow	manufactured prop	Farm		yes	yes	no	https://krishna-palacio.itch.io/minifantasy-farm	outdoor, fields
Water Pump	manufactured prop	Farm		yes	yes	no	https://krishna-palacio.itch.io/minifantasy-farm	outdoor, indoor, grey
Drinking Trough	manufactured prop	Farm		yes	yes	no	https://krishna-palacio.itch.io/minifantasy-farm	outdoor, indoor, cattle raising, furniture
Feeder	manufactured prop	Farm		yes	yes	no	https://krishna-palacio.itch.io/minifantasy-farm	outdoor, indoor, cattle raising, furniture
Chest	manufactured prop	Farm		yes	yes	no	https://krishna-palacio.itch.io/minifantasy-farm	indoor, outdoor, furniture
Bucket	manufactured prop	Farm		yes	yes	no	https://krishna-palacio.itch.io/minifantasy-farm	cattle raising, brown
Crops	natural prop	Farm		yes	yes	no	https://krishna-palacio.itch.io/minifantasy-farm	farming, harvest, outdoor, nature
Pumpkin Seed pack	icon	Farm		yes	yes	no	https://krishna-palacio.itch.io/minifantasy-farm	item, crop
Pumpkin Seed On The Ground	natural prop	Farm		yes	yes	no	https://krishna-palacio.itch.io/minifantasy-farm	nature, outdoor, farming, harvest, crop
Multiple Pumkin Seeds On The Ground	natural prop	Farm		yes	yes	no	https://krishna-palacio.itch.io/minifantasy-farm	nature, outdoor, farming, harvest, crop
Pumpkin Growing States	natural prop	Farm		yes	yes	no	https://krishna-palacio.itch.io/minifantasy-farm	farming, harvest, outdoor, nature, crop
Pumpkin	icon	Farm		yes	yes	no	https://krishna-palacio.itch.io/minifantasy-farm	item, farming, harvest, crop
Eggplant Seed pack	icon	Farm		yes	yes	no	https://krishna-palacio.itch.io/minifantasy-farm	item, crop
Eggplant Seed On The Ground	natural prop	Farm		yes	yes	no	https://krishna-palacio.itch.io/minifantasy-farm	nature, outdoor, farming, harvest, crop
Multiple Eggplant Seeds On The Ground	natural prop	Farm		yes	yes	no	https://krishna-palacio.itch.io/minifantasy-farm	nature, outdoor, farming, harvest, crop
Eggplant Growing States	natural prop	Farm		yes	yes	no	https://krishna-palacio.itch.io/minifantasy-farm	farming, harvest, outdoor, nature, crop
Eggplant	icon	Farm		yes	yes	no	https://krishna-palacio.itch.io/minifantasy-farm	item, farming, harvest, crop
Berry Seed pack	icon	Farm		yes	yes	no	https://krishna-palacio.itch.io/minifantasy-farm	item, crop
Berry Seed On The Ground	natural prop	Farm		yes	yes	no	https://krishna-palacio.itch.io/minifantasy-farm	nature, outdoor, farming, harvest, crop
Multiple Berry Seeds On The Ground	natural prop	Farm		yes	yes	no	https://krishna-palacio.itch.io/minifantasy-farm	nature, outdoor, farming, harvest, crop
Berry Growing States	natural prop	Farm		yes	yes	no	https://krishna-palacio.itch.io/minifantasy-farm	farming, harvest, outdoor, nature, crop
Berry	icon	Farm		yes	yes	no	https://krishna-palacio.itch.io/minifantasy-farm	item, farming, harvest, crop
Beet Seed pack	icon	Farm		yes	yes	no	https://krishna-palacio.itch.io/minifantasy-farm	item, crop
Beet Seed On The Ground	natural prop	Farm		yes	yes	no	https://krishna-palacio.itch.io/minifantasy-farm	nature, outdoor, farming, harvest, crop
Multiple Beet Seeds On The Ground	natural prop	Farm		yes	yes	no	https://krishna-palacio.itch.io/minifantasy-farm	nature, outdoor, farming, harvest, crop
Beet Growing States	natural prop	Farm		yes	yes	no	https://krishna-palacio.itch.io/minifantasy-farm	farming, harvest, outdoor, nature, crop
Beet	icon	Farm		yes	yes	no	https://krishna-palacio.itch.io/minifantasy-farm	item, farming, harvest, crop
Wheat Seed pack	icon	Farm		yes	yes	no	https://krishna-palacio.itch.io/minifantasy-farm	item, crop
Wheat Seed On The Ground	natural prop	Farm		yes	yes	no	https://krishna-palacio.itch.io/minifantasy-farm	nature, outdoor, farming, harvest, crop
Multiple Wheat Seeds On The Ground	natural prop	Farm		yes	yes	no	https://krishna-palacio.itch.io/minifantasy-farm	nature, outdoor, farming, harvest, crop
Wheat Growing States	natural prop	Farm		yes	yes	no	https://krishna-palacio.itch.io/minifantasy-farm	farming, harvest, outdoor, nature, crop
Wheat	icon	Farm		yes	yes	no	https://krishna-palacio.itch.io/minifantasy-farm	item, farming, harvest, crop
Tomato Seed pack	icon	Farm		yes	yes	no	https://krishna-palacio.itch.io/minifantasy-farm	item, crop
Tomato Seed On The Ground	natural prop	Farm		yes	yes	no	https://krishna-palacio.itch.io/minifantasy-farm	nature, outdoor, farming, harvest, crop
Multiple Tomato Seeds On The Ground	natural prop	Farm		yes	yes	no	https://krishna-palacio.itch.io/minifantasy-farm	nature, outdoor, farming, harvest, crop
Tomato Growing States	natural prop	Farm		yes	yes	no	https://krishna-palacio.itch.io/minifantasy-farm	farming, harvest, outdoor, nature, crop
Tomato	icon	Farm		yes	yes	no	https://krishna-palacio.itch.io/minifantasy-farm	item, farming, harvest, crop
Sunflower Seed pack	icon	Farm		yes	yes	no	https://krishna-palacio.itch.io/minifantasy-farm	item, crop
Sunflower Seed On The Ground	natural prop	Farm		yes	yes	no	https://krishna-palacio.itch.io/minifantasy-farm	nature, outdoor, farming, harvest, crop
Multiple Sunflower Seeds On The Ground	natural prop	Farm		yes	yes	no	https://krishna-palacio.itch.io/minifantasy-farm	nature, outdoor, farming, harvest, crop
Sunflower Growing States	natural prop	Farm		yes	yes	no	https://krishna-palacio.itch.io/minifantasy-farm	farming, harvest, outdoor, nature, crop
Sunflower	icon	Farm		yes	yes	no	https://krishna-palacio.itch.io/minifantasy-farm	item, farming, harvest, crop
Corn Seed pack	icon	Farm		yes	yes	no	https://krishna-palacio.itch.io/minifantasy-farm	item, crop
Corn Seed On The Ground	natural prop	Farm		yes	yes	no	https://krishna-palacio.itch.io/minifantasy-farm	nature, outdoor, farming, harvest, crop
Multiple Corn Seeds On The Ground	natural prop	Farm		yes	yes	no	https://krishna-palacio.itch.io/minifantasy-farm	nature, outdoor, farming, harvest, crop
Corn Growing States	natural prop	Farm		yes	yes	no	https://krishna-palacio.itch.io/minifantasy-farm	farming, harvest, outdoor, nature, crop
Corn	icon	Farm		yes	yes	no	https://krishna-palacio.itch.io/minifantasy-farm	item, farming, harvest, crop
Rice Seed pack	icon	Farm		yes	yes	no	https://krishna-palacio.itch.io/minifantasy-farm	item, crop
Rice Seed On The Ground	natural prop	Farm		yes	yes	no	https://krishna-palacio.itch.io/minifantasy-farm	nature, outdoor, farming, harvest, crop
Multiple Rice Seeds On The Ground	natural prop	Farm		yes	yes	no	https://krishna-palacio.itch.io/minifantasy-farm	nature, outdoor, farming, harvest, crop
Rice Growing States	natural prop	Farm		yes	yes	no	https://krishna-palacio.itch.io/minifantasy-farm	farming, harvest, outdoor, nature, crop
Rice	icon	Farm		yes	yes	no	https://krishna-palacio.itch.io/minifantasy-farm	item, farming, harvest, crop
Lettuce Seed pack	icon	Farm		yes	yes	no	https://krishna-palacio.itch.io/minifantasy-farm	item, crop
Lettuce Seed On The Ground	natural prop	Farm		yes	yes	no	https://krishna-palacio.itch.io/minifantasy-farm	nature, outdoor, farming, harvest, crop
Multiple Lettuce Seeds On The Ground	natural prop	Farm		yes	yes	no	https://krishna-palacio.itch.io/minifantasy-farm	nature, outdoor, farming, harvest, crop
Lettuce Growing States	natural prop	Farm		yes	yes	no	https://krishna-palacio.itch.io/minifantasy-farm	farming, harvest, outdoor, nature, crop
Lettuce	icon	Farm		yes	yes	no	https://krishna-palacio.itch.io/minifantasy-farm	item, farming, harvest, crop
Potato Seed pack	icon	Farm		yes	yes	no	https://krishna-palacio.itch.io/minifantasy-farm	item, crop
Potato Seed On The Ground	natural prop	Farm		yes	yes	no	https://krishna-palacio.itch.io/minifantasy-farm	nature, outdoor, farming, harvest, crop
Multiple Potato Seeds On The Ground	natural prop	Farm		yes	yes	no	https://krishna-palacio.itch.io/minifantasy-farm	nature, outdoor, farming, harvest, crop
Potato Growing States	natural prop	Farm		yes	yes	no	https://krishna-palacio.itch.io/minifantasy-farm	farming, harvest, outdoor, nature, crop
Potato	icon	Farm		yes	yes	no	https://krishna-palacio.itch.io/minifantasy-farm	item, farming, harvest, crop
Radish Seed pack	icon	Farm		yes	yes	no	https://krishna-palacio.itch.io/minifantasy-farm	item, crop
Radish Seed On The Ground	natural prop	Farm		yes	yes	no	https://krishna-palacio.itch.io/minifantasy-farm	nature, outdoor, farming, harvest, crop
Multiple Radish Seeds On The Ground	natural prop	Farm		yes	yes	no	https://krishna-palacio.itch.io/minifantasy-farm	nature, outdoor, farming, harvest, crop
Radish Growing States	natural prop	Farm		yes	yes	no	https://krishna-palacio.itch.io/minifantasy-farm	farming, harvest, outdoor, nature, crop
Radish	icon	Farm		yes	yes	no	https://krishna-palacio.itch.io/minifantasy-farm	item, farming, harvest, crop
Garlic Seed pack	icon	Farm		yes	yes	no	https://krishna-palacio.itch.io/minifantasy-farm	item, crop
Garlic Seed On The Ground	natural prop	Farm		yes	yes	no	https://krishna-palacio.itch.io/minifantasy-farm	nature, outdoor, farming, harvest, crop
Multiple Garlic Seeds On The Ground	natural prop	Farm		yes	yes	no	https://krishna-palacio.itch.io/minifantasy-farm	nature, outdoor, farming, harvest, crop
Garlic Growing States	natural prop	Farm		yes	yes	no	https://krishna-palacio.itch.io/minifantasy-farm	farming, harvest, outdoor, nature, crop
Garlic	icon	Farm		yes	yes	no	https://krishna-palacio.itch.io/minifantasy-farm	item, farming, harvest, crop
Cauliflower Seed pack	icon	Farm		yes	yes	no	https://krishna-palacio.itch.io/minifantasy-farm	item, crop
Cauliflower Seed On The Ground	natural prop	Farm		yes	yes	no	https://krishna-palacio.itch.io/minifantasy-farm	nature, outdoor, farming, harvest, crop
Multiple Cauliflower Seeds On The Ground	natural prop	Farm		yes	yes	no	https://krishna-palacio.itch.io/minifantasy-farm	nature, outdoor, farming, harvest, crop
Cauliflower Growing States	natural prop	Farm		yes	yes	no	https://krishna-palacio.itch.io/minifantasy-farm	farming, harvest, outdoor, nature, crop
Cauliflower	icon	Farm		yes	yes	no	https://krishna-palacio.itch.io/minifantasy-farm	item, farming, harvest, crop
Pepper Seed pack	icon	Farm		yes	yes	no	https://krishna-palacio.itch.io/minifantasy-farm	item, crop
Pepper Seed On The Ground	natural prop	Farm		yes	yes	no	https://krishna-palacio.itch.io/minifantasy-farm	nature, outdoor, farming, harvest, crop
Multiple Pepper Seeds On The Ground	natural prop	Farm		yes	yes	no	https://krishna-palacio.itch.io/minifantasy-farm	nature, outdoor, farming, harvest, crop
Pepper Growing States	natural prop	Farm		yes	yes	no	https://krishna-palacio.itch.io/minifantasy-farm	farming, harvest, outdoor, nature, crop
Pepper 	icon	Farm		yes	yes	no	https://krishna-palacio.itch.io/minifantasy-farm	item, farming, harvest, crop
Cow	creature	Farm		yes	yes	no	https://krishna-palacio.itch.io/minifantasy-farm	animal, livestock, mammal
Donkey	creature	Farm		yes	yes	no	https://krishna-palacio.itch.io/minifantasy-farm	animal, livestock, mammal
Ram	creature	Farm		yes	yes	no	https://krishna-palacio.itch.io/minifantasy-farm	animal, livestock, mammal
Pig	creature	Farm		yes	yes	no	https://krishna-palacio.itch.io/minifantasy-farm	animal, livestock, mammal
Rabbit	creature	Farm		yes	yes	no	https://krishna-palacio.itch.io/minifantasy-farm	animal, livestock, mammal
Sheep	creature	Farm		yes	yes	no	https://krishna-palacio.itch.io/minifantasy-farm	animal, livestock, mammal
Contextual Farming Action bubbles	Other	Farm		yes	yes	no	https://krishna-palacio.itch.io/minifantasy-farm	farming, harvest, cattle raising, husbandry
Oasis Grass	tileset	Desolate Desert		yes	yes	no	https://krishna-palacio.itch.io/minifantasy-desolate-desert	nature, outdoor, green
Arid Ground	tileset	Desolate Desert		yes	yes	no	https://krishna-palacio.itch.io/minifantasy-desolate-desert	nature, outdoor, orange
Cracked Arid Ground	tileset	Desolate Desert		yes	yes	no	https://krishna-palacio.itch.io/minifantasy-desolate-desert	nature, outdoor, orange
Sand Ground	tileset	Desolate Desert		yes	yes	no	https://krishna-palacio.itch.io/minifantasy-desolate-desert	nature, outdoor, yellow
Oasis Grass/Arid Ground Transition	tileset	Desolate Desert		yes	yes	no	https://krishna-palacio.itch.io/minifantasy-desolate-desert	nature, outdoor, green, orange
Sand Ground Transition	tileset	Desolate Desert		yes	yes	no	https://krishna-palacio.itch.io/minifantasy-desolate-desert	nature, outdoor, yellow
Arid Path	tileset	Desolate Desert		yes	yes	no	https://krishna-palacio.itch.io/minifantasy-desolate-desert	nature, outdoor, grey, orange
Desert Cliffs	tileset	Desolate Desert		yes	yes	no	https://krishna-palacio.itch.io/minifantasy-desolate-desert	nature, outdoor, grey
Oasis Water	animated tileset	Desolate Desert		yes	yes	no	https://krishna-palacio.itch.io/minifantasy-desolate-desert	nature, outdoor, blue
Oasis Grass/Water Transition	animated tileset	Desolate Desert		yes	yes	no	https://krishna-palacio.itch.io/minifantasy-desolate-desert	nature, outdoor, blue, green
Arid Ground/Water Transition	animated tileset	Desolate Desert		yes	yes	no	https://krishna-palacio.itch.io/minifantasy-desolate-desert	nature, outdoor, Blue, orange
Sand Ground/Water Transition	animated tileset	Desolate Desert		yes	yes	no	https://krishna-palacio.itch.io/minifantasy-desolate-desert	nature, outdoor, Blue, yellow
Arid Ground/Dirt Soil Transition	tileset	Desolate Desert		yes	yes	no	https://krishna-palacio.itch.io/minifantasy-desolate-desert	nature, outdoor, orange, brown
Desert Small Rocks	natural prop	Desolate Desert		yes	yes	no	https://krishna-palacio.itch.io/minifantasy-desolate-desert	nature, outdoor, grey
Desert Big Rocks	natural prop	Desolate Desert		yes	yes	no	https://krishna-palacio.itch.io/minifantasy-desolate-desert	nature, outdoor, grey
Animal Dried Bones	natural prop	Desolate Desert		yes	yes	no	https://krishna-palacio.itch.io/minifantasy-desolate-desert	nature, outdoor, corpse
Dead Plants	natural prop	Desolate Desert		yes	yes	no	https://krishna-palacio.itch.io/minifantasy-desolate-desert	nature, outdoor, brown
Cactus	natural prop	Desolate Desert		yes	yes	no	https://krishna-palacio.itch.io/minifantasy-desolate-desert	nature, outdoor, green
Agave	natural prop	Desolate Desert		yes	yes	no	https://krishna-palacio.itch.io/minifantasy-desolate-desert	nature, outdoor, green
Palm Trees	natural prop	Desolate Desert		yes	yes	no	https://krishna-palacio.itch.io/minifantasy-desolate-desert	nature, outdoor, green, brown
Tumbleweed	animated effect	Desolate Desert		yes	yes	no	https://krishna-palacio.itch.io/minifantasy-desolate-desert	nature, outdoor, animated, brown
Dungeon Cave Entrance	tileset	Deep Caves		yes	no	no	https://krishna-palacio.itch.io/minifantasy-deep-caves	Indoor, dungeon
Forgotten Plains Cave Entrance	tileset	Deep Caves		yes	no	no	https://krishna-palacio.itch.io/minifantasy-deep-caves	outdoor
Desolate Desert Cave Entrance	tileset	Deep Caves		yes	no	no	https://krishna-palacio.itch.io/minifantasy-deep-caves	outdoor
Cave Walls	tileset	Deep Caves		yes	no	no	https://krishna-palacio.itch.io/minifantasy-deep-caves	limestone, rock, underground, dungeon
Cave Cliffs	tileset	Deep Caves		yes	no	no	https://krishna-palacio.itch.io/minifantasy-deep-caves	limestone, rock, underground, dungeon
Broken Cave Walls	tileset	Deep Caves		yes	no	no	https://krishna-palacio.itch.io/minifantasy-deep-caves	limestone, rock, underground, dungeon, broken, damaged
Dirty Cave Walls	tileset	Deep Caves		yes	no	no	https://krishna-palacio.itch.io/minifantasy-deep-caves	limestone, rock, underground, dungeon, broken, damaged
Cave Walls With Gemstones	tileset	Deep Caves		yes	no	no	https://krishna-palacio.itch.io/minifantasy-deep-caves	limestone, rock, underground, dungeon, pretty
Stalactites	natural prop	Deep Caves		yes	no	no	https://krishna-palacio.itch.io/minifantasy-deep-caves	limestone, rock, underground, dungeon
Stalagmites	natural prop	Deep Caves		yes	no	no	https://krishna-palacio.itch.io/minifantasy-deep-caves	limestone, rock, underground, dungeon
Skulls	natural prop	Deep Caves		yes	no	no	https://krishna-palacio.itch.io/minifantasy-deep-caves	creepy, corpse, horror
Skull On A Spear	manufactured prop	Deep Caves		yes	no	no	https://krishna-palacio.itch.io/minifantasy-deep-caves	creepy, corpse, horror
Blood Pentagram	manufactured prop	Deep Caves		yes	no	no	https://krishna-palacio.itch.io/minifantasy-deep-caves	creepy, horror, gore
Ritualistic Blood Circle	manufactured prop	Deep Caves		yes	no	no	https://krishna-palacio.itch.io/minifantasy-deep-caves	creepy, horror, gore
Big Cave Crystal	natural prop	Deep Caves		yes	no	no	https://krishna-palacio.itch.io/minifantasy-deep-caves	pretty
Medium Cave Crystal	natural prop	Deep Caves		yes	no	no	https://krishna-palacio.itch.io/minifantasy-deep-caves	pretty
Small Cave Crystal	natural prop	Deep Caves		yes	no	no	https://krishna-palacio.itch.io/minifantasy-deep-caves	pretty
Cave Floor	tileset	Deep Caves		yes	no	no	https://krishna-palacio.itch.io/minifantasy-deep-caves	limestone, rock, underground, dungeon
Eroded Cave Floor	tileset	Deep Caves		yes	no	no	https://krishna-palacio.itch.io/minifantasy-deep-caves	limestone, rock, underground, dungeon
Cave Passageway	tileset	Deep Caves		yes	no	no	https://krishna-palacio.itch.io/minifantasy-deep-caves	limestone, rock, underground, dungeon
Snow Ground	tileset	Icy Wilderness		yes	no	no	https://krishna-palacio.itch.io/minifantasy-icy-wilderness	outdoor, winter, cold, white
Ice Ground	tileset	Icy Wilderness		yes	no	no	https://krishna-palacio.itch.io/minifantasy-icy-wilderness	outdoor, winter, cold, blue
Snow/Grass Transition	tileset	Icy Wilderness		yes	no	no	https://krishna-palacio.itch.io/minifantasy-icy-wilderness	outdoor, winter, cold, white, green
Snow/Dirt Transition	tileset	Icy Wilderness		yes	no	no	https://krishna-palacio.itch.io/minifantasy-icy-wilderness	outdoor, winter, cold, white, brown
Snow/Ice Transition	tileset	Icy Wilderness		yes	no	no	https://krishna-palacio.itch.io/minifantasy-icy-wilderness	outdoor, winter, cold, white, blue
Snow/Water Transition	animated tileset	Icy Wilderness		yes	no	no	https://krishna-palacio.itch.io/minifantasy-icy-wilderness	outdoor, winter, cold, white, blue
Ice/Water Transition	animated tileset	Icy Wilderness		yes	no	no	https://krishna-palacio.itch.io/minifantasy-icy-wilderness	outdoor, winter, cold, blue
Path On Snow	tileset	Icy Wilderness		yes	no	no	https://krishna-palacio.itch.io/minifantasy-icy-wilderness	outdoor, winter, cold, white
Icy Wilderness Cave Entrance	tileset	Icy Wilderness		yes	no	no	https://krishna-palacio.itch.io/minifantasy-icy-wilderness	outdoor, winter, cold, purple, white
Snowy Cliffs	tileset	Icy Wilderness		yes	no	no	https://krishna-palacio.itch.io/minifantasy-icy-wilderness	outdoor, winter, cold, purple, white
Eroded Snowy Cliff Walls	tileset	Icy Wilderness		yes	no	no	https://krishna-palacio.itch.io/minifantasy-icy-wilderness	outdoor, winter, cold, purple, white
Snowy Hills	tileset	Icy Wilderness		yes	no	no	https://krishna-palacio.itch.io/minifantasy-icy-wilderness	outdoor, winter, cold, purple, white
Pine Tree	natural prop	Icy Wilderness		yes	no	no	https://krishna-palacio.itch.io/minifantasy-icy-wilderness	nature, outdoor, green
Snowy Pine Tree	natural prop	Icy Wilderness		yes	no	no	https://krishna-palacio.itch.io/minifantasy-icy-wilderness	nature, outdoor, winter, green, white
Snowman	manufactured prop	Icy Wilderness		yes	no	no	https://krishna-palacio.itch.io/minifantasy-icy-wilderness	white, decoration, winter, holiday
Big Natural Ice Crystal	natural prop	Icy Wilderness		yes	no	no	https://krishna-palacio.itch.io/minifantasy-icy-wilderness	outdoor, winter, cold, blue
Medium Natural Ice Crystal	natural prop	Icy Wilderness		yes	no	no	https://krishna-palacio.itch.io/minifantasy-icy-wilderness	outdoor, winter, cold, blue
Small Natural Ice Crystal	natural prop	Icy Wilderness		yes	no	no	https://krishna-palacio.itch.io/minifantasy-icy-wilderness	outdoor, winter, cold, blue
Snowy Rocks	natural prop	Icy Wilderness		yes	no	no	https://krishna-palacio.itch.io/minifantasy-icy-wilderness	outdoor, winter, cold, purple, white
Winter Flowering Plants	natural prop	Icy Wilderness		yes	no	no	https://krishna-palacio.itch.io/minifantasy-icy-wilderness	nature, green, lilac, red
Ice Fishing Hole	manufactured prop	Icy Wilderness		yes	no	no	https://krishna-palacio.itch.io/minifantasy-icy-wilderness	fishing, profession, blue, cold, winter
Tree Branch On The Ground	natural prop	Icy Wilderness		yes	no	no	https://krishna-palacio.itch.io/minifantasy-icy-wilderness	nature, brown
Winter Bush	natural prop	Icy Wilderness		yes	no	no	https://krishna-palacio.itch.io/minifantasy-icy-wilderness	nature, green, white
Icy Breeze	animated effect	Icy Wilderness		yes	no	no	https://krishna-palacio.itch.io/minifantasy-icy-wilderness	nature, wind, cold, winter
Penguin	creature	Icy Wilderness		yes	no	no	https://krishna-palacio.itch.io/minifantasy-icy-wilderness	Animal, bird, non-aggressive
Mossy Swamp Ground	tileset	Silent Swamp		yes	no	no	https://krishna-palacio.itch.io/minifantasy-silent-swamp	outdoor, green, turquoise
Swamp Grass	tileset	Silent Swamp		yes	no	no	https://krishna-palacio.itch.io/minifantasy-silent-swamp	outdoor, green, turquoise
Swamp Mud	tileset	Silent Swamp		yes	no	no	https://krishna-palacio.itch.io/minifantasy-silent-swamp	outdoor, brown, grey
Mossy Ground/Mud Transition	tileset	Silent Swamp		yes	no	no	https://krishna-palacio.itch.io/minifantasy-silent-swamp	outdoor, green, turquoise, brown, grey
Humid Mossy Swamp Ground	tileset	Silent Swamp		yes	no	no	https://krishna-palacio.itch.io/minifantasy-silent-swamp	outdoor, green, turquoise
Humid Swamp Mud	tileset	Silent Swamp		yes	no	no	https://krishna-palacio.itch.io/minifantasy-silent-swamp	outdoor, brown, grey
Murky Water	animated tileset	Silent Swamp		yes	no	no	https://krishna-palacio.itch.io/minifantasy-silent-swamp	outdoor, yellow, grey
Poisonous Water	animated tileset	Silent Swamp		yes	no	no	https://krishna-palacio.itch.io/minifantasy-silent-swamp	outdoor, purple
Mossy Swamp/Murky Water Transition	animated tileset	Silent Swamp		yes	no	no	https://krishna-palacio.itch.io/minifantasy-silent-swamp	outdoor, yellow, grey, green, turquoise
Mossy Swamp/Poisonous Water Transition	animated tileset	Silent Swamp		yes	no	no	https://krishna-palacio.itch.io/minifantasy-silent-swamp	outdoor, purple, green, turquoise
Swamp Mud/Murky Water Transition	animated tileset	Silent Swamp		yes	no	no	https://krishna-palacio.itch.io/minifantasy-silent-swamp	outdoor, yellow, grey, brown
Swamp Mud/Poisonous Water Transition	animated tileset	Silent Swamp		yes	no	no	https://krishna-palacio.itch.io/minifantasy-silent-swamp	outdoor, purple, grey, brown
Mossy Swamp/Grass Transition	tileset	Silent Swamp		yes	no	no	https://krishna-palacio.itch.io/minifantasy-silent-swamp	outdoor, green, turquoise
Wooden Walkway	tileset	Silent Swamp		yes	no	no	https://krishna-palacio.itch.io/minifantasy-silent-swamp	outdoor, Wood, brown, pink
Wooden Platform	tileset	Silent Swamp		yes	no	no	https://krishna-palacio.itch.io/minifantasy-silent-swamp	outdoor, Wood, brown, pink
Lily Pads	natural prop	Silent Swamp		yes	no	no	https://krishna-palacio.itch.io/minifantasy-silent-swamp	outdoor, nature, water plant
Ferns	natural prop	Silent Swamp		yes	no	no	https://krishna-palacio.itch.io/minifantasy-silent-swamp	outdoor, nature, water plant
Small Swamp Rock	natural prop	Silent Swamp		yes	no	no	https://krishna-palacio.itch.io/minifantasy-silent-swamp	outdoor, nature
Big Swamp Rock	natural prop	Silent Swamp		yes	no	no	https://krishna-palacio.itch.io/minifantasy-silent-swamp	outdoor, nature
Remains Of Dead Tree	natural prop	Silent Swamp		yes	no	no	https://krishna-palacio.itch.io/minifantasy-silent-swamp	outdoor, nature
Swamp Reeds	natural prop	Silent Swamp		yes	no	no	https://krishna-palacio.itch.io/minifantasy-silent-swamp	outdoor, nature, water plant
Shroom	natural prop	Silent Swamp		yes	no	no	https://krishna-palacio.itch.io/minifantasy-silent-swamp	outdoor, nature
Weeping Willow	natural prop	Silent Swamp		yes	no	no	https://krishna-palacio.itch.io/minifantasy-silent-swamp	outdoor, nature, tree
Crocodile	creature	Silent Swamp		yes	no	no	https://krishna-palacio.itch.io/minifantasy-silent-swamp	animal, reptile, aggressive, aquatic
Giant Toad	creature	Silent Swamp		yes	no	no	https://krishna-palacio.itch.io/minifantasy-silent-swamp	animal, amphibian, aggressive
Swamp Ogre	creature	Silent Swamp		yes	no	no	https://krishna-palacio.itch.io/minifantasy-silent-swamp	monster, aggressive
Tentacle	creature	Silent Swamp		yes	no	no	https://krishna-palacio.itch.io/minifantasy-silent-swamp	monster, aggressive
Cartogaphic Map 4x4 set	tileset	Tiny Overworld		yes	no	no	https://krishna-palacio.itch.io/minifantasy-tiny-overworld	ocean,river, road, path, forest, mountain, world, map, ui
Desolate Desert 4x4 set	tileset	Tiny Overworld		yes	no	no	https://krishna-palacio.itch.io/minifantasy-tiny-overworld	oasis, arid, sand, water, cliff, beach, river, road, path, world, map, ui
Forgotten Plains 4x4 set	tileset	Tiny Overworld		yes	no	no	https://krishna-palacio.itch.io/minifantasy-tiny-overworld	grass, dirt, water, river, cliff, road, path, world, map, ui
Icy Wilderness 4x4 set	tileset	Tiny Overworld		yes	no	no	https://krishna-palacio.itch.io/minifantasy-tiny-overworld	snow, ice, lake, water, river, path, cliff, hill, world, map, ui
Silent Swamp 4x4 set	tileset	Tiny Overworld		yes	no	no	https://krishna-palacio.itch.io/minifantasy-tiny-overworld	mud, mossy ground, water, river, platform, walkway, world, map, ui
Cartogaphic Map 4x4 prop	manufactured prop	Tiny Overworld		yes	no	no	https://krishna-palacio.itch.io/minifantasy-tiny-overworld	tent, camp, hut, house, fort, fortress, castle, palisade, bridge, dock, watchtower
Desolate Desert 4x4 prop	natural prop	Tiny Overworld		yes	no	no	https://krishna-palacio.itch.io/minifantasy-tiny-overworld	cactus, rock, palm tree
Forgotten Plains 4x4 prop	natural prop	Tiny Overworld		yes	no	no	https://krishna-palacio.itch.io/minifantasy-tiny-overworld	flower, ruin, field, tree
Icy Wilderness 4x4 prop	natural prop	Tiny Overworld		yes	no	no	https://krishna-palacio.itch.io/minifantasy-tiny-overworld	flower, snowman, rock, pine tree
Silent Swamp 4x4 prop	natural prop	Tiny Overworld		yes	no	no	https://krishna-palacio.itch.io/minifantasy-tiny-overworld	lily pad, fern, reed, rock, dead tree, weeping willow tree
Rock Magic Projectile	base character expanded animations	Magic And Sorcery		yes	no	no	https://krishna-palacio.itch.io/minifantasy-magic-and-sorcery	layered animation, spell, magic, sorcery, base character, human, orc, elf, halfling, goblin, dwarf
Rock Magic Explosion	base character expanded animations	Magic And Sorcery		yes	no	no	https://krishna-palacio.itch.io/minifantasy-magic-and-sorcery	layered animation, spell, magic, sorcery, base character, human, orc, elf, halfling, goblin, dwarf
Rock Magic Shield	base character expanded animations	Magic And Sorcery		yes	no	no	https://krishna-palacio.itch.io/minifantasy-magic-and-sorcery	layered animation, spell, magic, sorcery, base character, human, orc, elf, halfling, goblin, dwarf
Fire Magic Projectile	base character expanded animations	Magic And Sorcery		yes	no	no	https://krishna-palacio.itch.io/minifantasy-magic-and-sorcery	layered animation, spell, magic, sorcery, base character, human, orc, elf, halfling, goblin, dwarf
Fire Magic Explosion	base character expanded animations	Magic And Sorcery		yes	no	no	https://krishna-palacio.itch.io/minifantasy-magic-and-sorcery	layered animation, spell, magic, sorcery, base character, human, orc, elf, halfling, goblin, dwarf
Fire Magic Shield	base character expanded animations	Magic And Sorcery		yes	no	no	https://krishna-palacio.itch.io/minifantasy-magic-and-sorcery	layered animation, spell, magic, sorcery, base character, human, orc, elf, halfling, goblin, dwarf
Ice Magic Projectile	base character expanded animations	Magic And Sorcery		yes	no	no	https://krishna-palacio.itch.io/minifantasy-magic-and-sorcery	layered animation, spell, magic, sorcery, base character, human, orc, elf, halfling, goblin, dwarf
Ice Magic Explosion	base character expanded animations	Magic And Sorcery		yes	no	no	https://krishna-palacio.itch.io/minifantasy-magic-and-sorcery	layered animation, spell, magic, sorcery, base character, human, orc, elf, halfling, goblin, dwarf
Ice Magic Shield	base character expanded animations	Magic And Sorcery		yes	no	no	https://krishna-palacio.itch.io/minifantasy-magic-and-sorcery	layered animation, spell, magic, sorcery, base character, human, orc, elf, halfling, goblin, dwarf
Wind Magic Projectile	base character expanded animations	Magic And Sorcery		yes	no	no	https://krishna-palacio.itch.io/minifantasy-magic-and-sorcery	layered animation, spell, magic, sorcery, base character, human, orc, elf, halfling, goblin, dwarf
Wind Magic Explosion	base character expanded animations	Magic And Sorcery		yes	no	no	https://krishna-palacio.itch.io/minifantasy-magic-and-sorcery	layered animation, spell, magic, sorcery, base character, human, orc, elf, halfling, goblin, dwarf
Wind Magic Shield	base character expanded animations	Magic And Sorcery		yes	no	no	https://krishna-palacio.itch.io/minifantasy-magic-and-sorcery	layered animation, spell, magic, sorcery, base character, human, orc, elf, halfling, goblin, dwarf
Magic Divine Touch	base character expanded animations	Magic And Sorcery		yes	no	no	https://krishna-palacio.itch.io/minifantasy-magic-and-sorcery	layered animation, spell, magic, sorcery, base character, human, orc, elf, halfling, goblin, dwarf
Magic Holy Aura	base character expanded animations	Magic And Sorcery		yes	no	no	https://krishna-palacio.itch.io/minifantasy-magic-and-sorcery	layered animation, spell, magic, sorcery, base character, human, orc, elf, halfling, goblin, dwarf
Magic Holy Shield	base character expanded animations	Magic And Sorcery		yes	no	no	https://krishna-palacio.itch.io/minifantasy-magic-and-sorcery	layered animation, spell, magic, sorcery, base character, human, orc, elf, halfling, goblin, dwarf
Magic Buff Effects	base character expanded animations	Magic And Sorcery		yes	no	no	https://krishna-palacio.itch.io/minifantasy-magic-and-sorcery	layered animation, spell, magic, sorcery, base character, human, orc, elf, halfling, goblin, dwarf
Fabric Hats	icon	Crafting And Professions I		yes	no	no	https://krishna-palacio.itch.io/minifantasy-crafting-and-professions-i	item, equipment, inventory, ui, defense
Fabric Robes	icon	Crafting And Professions I		yes	no	no	https://krishna-palacio.itch.io/minifantasy-crafting-and-professions-i	item, equipment, inventory, ui, defense
Fabric Footgear	icon	Crafting And Professions I		yes	no	no	https://krishna-palacio.itch.io/minifantasy-crafting-and-professions-i	item, equipment, inventory, ui, defense
Wooden Helmets	icon	Crafting And Professions I		yes	no	no	https://krishna-palacio.itch.io/minifantasy-crafting-and-professions-i	item, equipment, inventory, ui, defense
Wooden Breastplates	icon	Crafting And Professions I		yes	no	no	https://krishna-palacio.itch.io/minifantasy-crafting-and-professions-i	item, equipment, inventory, ui, defense
Wooden Boots	icon	Crafting And Professions I		yes	no	no	https://krishna-palacio.itch.io/minifantasy-crafting-and-professions-i	item, equipment, inventory, ui, defense
Wooden Shields	icon	Crafting And Professions I		yes	no	no	https://krishna-palacio.itch.io/minifantasy-crafting-and-professions-i	item, equipment, inventory, ui, defense
Wooden Heavy Shields	icon	Crafting And Professions I		yes	no	no	https://krishna-palacio.itch.io/minifantasy-crafting-and-professions-i	item, equipment, inventory, ui, defense
Metal Helmets	icon	Crafting And Professions I		yes	no	no	https://krishna-palacio.itch.io/minifantasy-crafting-and-professions-i	item, equipment, inventory, ui, defense
Metal Breastplates	icon	Crafting And Professions I		yes	no	no	https://krishna-palacio.itch.io/minifantasy-crafting-and-professions-i	item, equipment, inventory, ui, defense
Metal Boots	icon	Crafting And Professions I		yes	no	no	https://krishna-palacio.itch.io/minifantasy-crafting-and-professions-i	item, equipment, inventory, ui, defense
Metal Bucklers	icon	Crafting And Professions I		yes	no	no	https://krishna-palacio.itch.io/minifantasy-crafting-and-professions-i	item, equipment, inventory, ui, defense
Metal Shields	icon	Crafting And Professions I		yes	no	no	https://krishna-palacio.itch.io/minifantasy-crafting-and-professions-i	item, equipment, inventory, ui, defense
Small Potion Flasks	icon	Crafting And Professions I		yes	no	no	https://krishna-palacio.itch.io/minifantasy-crafting-and-professions-i	item, equipment, inventory, ui, utility
Medium Potion Flasks	icon	Crafting And Professions I		yes	no	no	https://krishna-palacio.itch.io/minifantasy-crafting-and-professions-i	item, equipment, inventory, ui, utility
Large Potion Flasks	icon	Crafting And Professions I		yes	no	no	https://krishna-palacio.itch.io/minifantasy-crafting-and-professions-i	item, equipment, inventory, ui, utility
Wooden Rings	icon	Crafting And Professions I		yes	no	no	https://krishna-palacio.itch.io/minifantasy-crafting-and-professions-i	item, equipment, inventory, ui, jewelry
Wooden Earrings	icon	Crafting And Professions I		yes	no	no	https://krishna-palacio.itch.io/minifantasy-crafting-and-professions-i	item, equipment, inventory, ui, jewelry
Wooden Necklaces	icon	Crafting And Professions I		yes	no	no	https://krishna-palacio.itch.io/minifantasy-crafting-and-professions-i	item, equipment, inventory, ui, jewelry
Metal Rings	icon	Crafting And Professions I		yes	no	no	https://krishna-palacio.itch.io/minifantasy-crafting-and-professions-i	item, equipment, inventory, ui, jewelry
Metal Earrings	icon	Crafting And Professions I		yes	no	no	https://krishna-palacio.itch.io/minifantasy-crafting-and-professions-i	item, equipment, inventory, ui, jewelry
Metal Necklace	icon	Crafting And Professions I		yes	no	no	https://krishna-palacio.itch.io/minifantasy-crafting-and-professions-i	item, equipment, inventory, ui, jewelry
Daggers	icon	Crafting And Professions I		yes	no	no	https://krishna-palacio.itch.io/minifantasy-crafting-and-professions-i	item, equipment, inventory, ui, weapon
Swords	icon	Crafting And Professions I		yes	no	no	https://krishna-palacio.itch.io/minifantasy-crafting-and-professions-i	item, equipment, inventory, ui, weapon
Axes	icon	Crafting And Professions I		yes	no	no	https://krishna-palacio.itch.io/minifantasy-crafting-and-professions-i	item, equipment, inventory, ui, weapon
Flails	icon	Crafting And Professions I		yes	no	no	https://krishna-palacio.itch.io/minifantasy-crafting-and-professions-i	item, equipment, inventory, ui, weapon
Spears	icon	Crafting And Professions I		yes	no	no	https://krishna-palacio.itch.io/minifantasy-crafting-and-professions-i	item, equipment, inventory, ui, weapon
Great Swords	icon	Crafting And Professions I		yes	no	no	https://krishna-palacio.itch.io/minifantasy-crafting-and-professions-i	item, equipment, inventory, ui, weapon
Battle Axes	icon	Crafting And Professions I		yes	no	no	https://krishna-palacio.itch.io/minifantasy-crafting-and-professions-i	item, equipment, inventory, ui, weapon
Pickaxes	icon	Crafting And Professions I		yes	no	no	https://krishna-palacio.itch.io/minifantasy-crafting-and-professions-i	item, equipment, inventory, ui, weapon
Bows	icon	Crafting And Professions I		yes	no	no	https://krishna-palacio.itch.io/minifantasy-crafting-and-professions-i	item, equipment, inventory, ui, weapon
Alchemy Table	animated prop	Crafting And Professions I		yes	no	no	https://krishna-palacio.itch.io/minifantasy-crafting-and-professions-i	workstation, crafting station
Alchemist Working	base character expanded animations	Crafting And Professions I		yes	no	no	https://krishna-palacio.itch.io/minifantasy-crafting-and-professions-i	layered animation, profession, crafting, base character, human, orc, elf, halfling, goblin, dwarf
Blacksmith Anvil	animated prop	Crafting And Professions I		yes	no	no	https://krishna-palacio.itch.io/minifantasy-crafting-and-professions-i	workstation, crafting station
Blacksmith Working	base character expanded animations	Crafting And Professions I		yes	no	no	https://krishna-palacio.itch.io/minifantasy-crafting-and-professions-i	layered animation, profession, crafting, base character, human, orc, elf, halfling, goblin, dwarf
Blacksmith Foundry	animated prop	Crafting And Professions I		yes	no	no	https://krishna-palacio.itch.io/minifantasy-crafting-and-professions-i	workstation, crafting station
Blacksmith Furnace	animated prop	Crafting And Professions I		yes	no	no	https://krishna-palacio.itch.io/minifantasy-crafting-and-professions-i	workstation, crafting station
Jeweler Table	animated prop	Crafting And Professions I		yes	no	no	https://krishna-palacio.itch.io/minifantasy-crafting-and-professions-i	workstation, crafting station
Jeweler Working	base character expanded animations	Crafting And Professions I		yes	no	no	https://krishna-palacio.itch.io/minifantasy-crafting-and-professions-i	layered animation, profession, crafting, base character, human, orc, elf, halfling, goblin, dwarf
Loom	animated prop	Crafting And Professions I		yes	no	no	https://krishna-palacio.itch.io/minifantasy-crafting-and-professions-i	workstation, crafting station
Spinning Wheel	animated prop	Crafting And Professions I		yes	no	no	https://krishna-palacio.itch.io/minifantasy-crafting-and-professions-i	workstation, crafting station
Sawmill	animated prop	Crafting And Professions I		yes	no	no	https://krishna-palacio.itch.io/minifantasy-crafting-and-professions-i	workstation, crafting station
Carpenter Table	animated prop	Crafting And Professions I		yes	no	no	https://krishna-palacio.itch.io/minifantasy-crafting-and-professions-i	workstation, crafting station
Carpenter Working	base character expanded animations	Crafting And Professions I		yes	no	no	https://krishna-palacio.itch.io/minifantasy-crafting-and-professions-i	layered animation, profession, crafting, base character, human, orc, elf, halfling, goblin, dwarf
Harvesting	base character expanded animations	Crafting And Professions I		yes	no	no	https://krishna-palacio.itch.io/minifantasy-crafting-and-professions-i	layered animation, profession, gathering, base character, human, orc, elf, halfling, goblin, dwarf
Linen	natural prop	Crafting And Professions I		yes	no	no	https://krishna-palacio.itch.io/minifantasy-crafting-and-professions-i	gathering, node, profession, crafting, raw, material
Cotton	natural prop	Crafting And Professions I		yes	no	no	https://krishna-palacio.itch.io/minifantasy-crafting-and-professions-i	gathering, node, profession, crafting, raw, material
Hemp	natural prop	Crafting And Professions I		yes	no	no	https://krishna-palacio.itch.io/minifantasy-crafting-and-professions-i	gathering, node, profession, crafting, raw, material
Ramie	natural prop	Crafting And Professions I		yes	no	no	https://krishna-palacio.itch.io/minifantasy-crafting-and-professions-i	gathering, node, profession, crafting, raw, material
Agave	natural prop	Crafting And Professions I		yes	no	no	https://krishna-palacio.itch.io/minifantasy-crafting-and-professions-i	gathering, node, profession, crafting, raw, material
Linen	icon	Crafting And Professions I		yes	no	no	https://krishna-palacio.itch.io/minifantasy-crafting-and-professions-i	item, inventory, ui, raw, material
Cotton	icon	Crafting And Professions I		yes	no	no	https://krishna-palacio.itch.io/minifantasy-crafting-and-professions-i	item, inventory, ui, raw, material
Hemp	icon	Crafting And Professions I		yes	no	no	https://krishna-palacio.itch.io/minifantasy-crafting-and-professions-i	item, inventory, ui, raw, material
Ramie	icon	Crafting And Professions I		yes	no	no	https://krishna-palacio.itch.io/minifantasy-crafting-and-professions-i	item, inventory, ui, raw, material
Agave	icon	Crafting And Professions I		yes	no	no	https://krishna-palacio.itch.io/minifantasy-crafting-and-professions-i	item, inventory, ui, raw, material
Refined Thread	icon	Crafting And Professions I		yes	no	no	https://krishna-palacio.itch.io/minifantasy-crafting-and-professions-i	item, inventory, ui, refined, manufactured, material
Mandrake	natural prop	Crafting And Professions I		yes	no	no	https://krishna-palacio.itch.io/minifantasy-crafting-and-professions-i	gathering, node, profession, crafting, raw, material
Mushroom	natural prop	Crafting And Professions I		yes	no	no	https://krishna-palacio.itch.io/minifantasy-crafting-and-professions-i	gathering, node, profession, crafting, raw, material
Henbane	natural prop	Crafting And Professions I		yes	no	no	https://krishna-palacio.itch.io/minifantasy-crafting-and-professions-i	gathering, node, profession, crafting, raw, material
Belladonna	natural prop	Crafting And Professions I		yes	no	no	https://krishna-palacio.itch.io/minifantasy-crafting-and-professions-i	gathering, node, profession, crafting, raw, material
Poppy	natural prop	Crafting And Professions I		yes	no	no	https://krishna-palacio.itch.io/minifantasy-crafting-and-professions-i	gathering, node, profession, crafting, raw, material
Mandrake	icon	Crafting And Professions I		yes	no	no	https://krishna-palacio.itch.io/minifantasy-crafting-and-professions-i	item, inventory, ui, raw, material
Mushroom	icon	Crafting And Professions I		yes	no	no	https://krishna-palacio.itch.io/minifantasy-crafting-and-professions-i	item, inventory, ui, raw, material
Henbane	icon	Crafting And Professions I		yes	no	no	https://krishna-palacio.itch.io/minifantasy-crafting-and-professions-i	item, inventory, ui, raw, material
Belladonna	icon	Crafting And Professions I		yes	no	no	https://krishna-palacio.itch.io/minifantasy-crafting-and-professions-i	item, inventory, ui, raw, material
Poppy	icon	Crafting And Professions I		yes	no	no	https://krishna-palacio.itch.io/minifantasy-crafting-and-professions-i	item, inventory, ui, raw, material
Refined Herb Powder	icon	Crafting And Professions I		yes	no	no	https://krishna-palacio.itch.io/minifantasy-crafting-and-professions-i	item, inventory, ui, refined, manufactured, material
Chopping Tree	base character expanded animations	Crafting And Professions I		yes	no	no	https://krishna-palacio.itch.io/minifantasy-crafting-and-professions-i	layered animation, profession, gathering, base character, human, orc, elf, halfling, goblin, dwarf
Oak Tree	natural prop	Crafting And Professions I		yes	no	no	https://krishna-palacio.itch.io/minifantasy-crafting-and-professions-i	gathering, node, profession, crafting, raw, material
Hickory Tree	natural prop	Crafting And Professions I		yes	no	no	https://krishna-palacio.itch.io/minifantasy-crafting-and-professions-i	gathering, node, profession, crafting, raw, material
Pine Tree	natural prop	Crafting And Professions I		yes	no	no	https://krishna-palacio.itch.io/minifantasy-crafting-and-professions-i	gathering, node, profession, crafting, raw, material
Willow Tree	natural prop	Crafting And Professions I		yes	no	no	https://krishna-palacio.itch.io/minifantasy-crafting-and-professions-i	gathering, node, profession, crafting, raw, material
Birch Tree	natural prop	Crafting And Professions I		yes	no	no	https://krishna-palacio.itch.io/minifantasy-crafting-and-professions-i	gathering, node, profession, crafting, raw, material
Oak Wood	icon	Crafting And Professions I		yes	no	no	https://krishna-palacio.itch.io/minifantasy-crafting-and-professions-i	item, inventory, ui, raw, material
Hickory Wood	icon	Crafting And Professions I		yes	no	no	https://krishna-palacio.itch.io/minifantasy-crafting-and-professions-i	item, inventory, ui, raw, material
Pine Wood	icon	Crafting And Professions I		yes	no	no	https://krishna-palacio.itch.io/minifantasy-crafting-and-professions-i	item, inventory, ui, raw, material
Willow Wood	icon	Crafting And Professions I		yes	no	no	https://krishna-palacio.itch.io/minifantasy-crafting-and-professions-i	item, inventory, ui, raw, material
Birch Wood	icon	Crafting And Professions I		yes	no	no	https://krishna-palacio.itch.io/minifantasy-crafting-and-professions-i	item, inventory, ui, raw, material
Oak Plank	icon	Crafting And Professions I		yes	no	no	https://krishna-palacio.itch.io/minifantasy-crafting-and-professions-i	item, inventory, ui, refined, manufactured, material
Hickory Plank	icon	Crafting And Professions I		yes	no	no	https://krishna-palacio.itch.io/minifantasy-crafting-and-professions-i	item, inventory, ui, refined, manufactured, material
Pine Plank	icon	Crafting And Professions I		yes	no	no	https://krishna-palacio.itch.io/minifantasy-crafting-and-professions-i	item, inventory, ui, refined, manufactured, material
Willow Plank	icon	Crafting And Professions I		yes	no	no	https://krishna-palacio.itch.io/minifantasy-crafting-and-professions-i	item, inventory, ui, refined, manufactured, material
Birch Plank	icon	Crafting And Professions I		yes	no	no	https://krishna-palacio.itch.io/minifantasy-crafting-and-professions-i	item, inventory, ui, refined, manufactured, material
Mining Minerals	base character expanded animations	Crafting And Professions I		yes	no	no	https://krishna-palacio.itch.io/minifantasy-crafting-and-professions-i	layered animation, profession, gathering, base character, human, orc, elf, halfling, goblin, dwarf
Coal Node	natural prop	Crafting And Professions I		yes	no	no	https://krishna-palacio.itch.io/minifantasy-crafting-and-professions-i	gathering, node, profession, crafting, raw, material
Tin Node	natural prop	Crafting And Professions I		yes	no	no	https://krishna-palacio.itch.io/minifantasy-crafting-and-professions-i	gathering, node, profession, crafting, raw, material
Iron Node	natural prop	Crafting And Professions I		yes	no	no	https://krishna-palacio.itch.io/minifantasy-crafting-and-professions-i	gathering, node, profession, crafting, raw, material
Copper Node	natural prop	Crafting And Professions I		yes	no	no	https://krishna-palacio.itch.io/minifantasy-crafting-and-professions-i	gathering, node, profession, crafting, raw, material
Silver Node	natural prop	Crafting And Professions I		yes	no	no	https://krishna-palacio.itch.io/minifantasy-crafting-and-professions-i	gathering, node, profession, crafting, raw, material
Gold Node	natural prop	Crafting And Professions I		yes	no	no	https://krishna-palacio.itch.io/minifantasy-crafting-and-professions-i	gathering, node, profession, crafting, raw, material
Rock	icon	Crafting And Professions I		yes	no	no	https://krishna-palacio.itch.io/minifantasy-crafting-and-professions-i	item, inventory, ui, raw, material
Coal Ore	icon	Crafting And Professions I		yes	no	no	https://krishna-palacio.itch.io/minifantasy-crafting-and-professions-i	item, inventory, ui, raw, material
Tin Ore	icon	Crafting And Professions I		yes	no	no	https://krishna-palacio.itch.io/minifantasy-crafting-and-professions-i	item, inventory, ui, raw, material
Iron Ore	icon	Crafting And Professions I		yes	no	no	https://krishna-palacio.itch.io/minifantasy-crafting-and-professions-i	item, inventory, ui, raw, material
Copper Ore	icon	Crafting And Professions I		yes	no	no	https://krishna-palacio.itch.io/minifantasy-crafting-and-professions-i	item, inventory, ui, raw, material
Silver Ore	icon	Crafting And Professions I		yes	no	no	https://krishna-palacio.itch.io/minifantasy-crafting-and-professions-i	item, inventory, ui, raw, material
Gold Ore	icon	Crafting And Professions I		yes	no	no	https://krishna-palacio.itch.io/minifantasy-crafting-and-professions-i	item, inventory, ui, raw, material
Tin Ingot	icon	Crafting And Professions I		yes	no	no	https://krishna-palacio.itch.io/minifantasy-crafting-and-professions-i	item, inventory, ui, refined, manufactured, material
Iron Ingot	icon	Crafting And Professions I		yes	no	no	https://krishna-palacio.itch.io/minifantasy-crafting-and-professions-i	item, inventory, ui, refined, manufactured, material
Copper Ingot	icon	Crafting And Professions I		yes	no	no	https://krishna-palacio.itch.io/minifantasy-crafting-and-professions-i	item, inventory, ui, refined, manufactured, material
Silver Ingot	icon	Crafting And Professions I		yes	no	no	https://krishna-palacio.itch.io/minifantasy-crafting-and-professions-i	item, inventory, ui, refined, manufactured, material
Gold Ingot	icon	Crafting And Professions I		yes	no	no	https://krishna-palacio.itch.io/minifantasy-crafting-and-professions-i	item, inventory, ui, refined, manufactured, material
Amethyst Node	natural prop	Crafting And Professions I		yes	no	no	https://krishna-palacio.itch.io/minifantasy-crafting-and-professions-i	gathering, node, profession, crafting, raw, material
Diamond Node	natural prop	Crafting And Professions I		yes	no	no	https://krishna-palacio.itch.io/minifantasy-crafting-and-professions-i	gathering, node, profession, crafting, raw, material
Emerald Node	natural prop	Crafting And Professions I		yes	no	no	https://krishna-palacio.itch.io/minifantasy-crafting-and-professions-i	gathering, node, profession, crafting, raw, material
Ruby Node	natural prop	Crafting And Professions I		yes	no	no	https://krishna-palacio.itch.io/minifantasy-crafting-and-professions-i	gathering, node, profession, crafting, raw, material
Topaz Node	natural prop	Crafting And Professions I		yes	no	no	https://krishna-palacio.itch.io/minifantasy-crafting-and-professions-i	gathering, node, profession, crafting, raw, material
Amethyst 	icon	Crafting And Professions I		yes	no	no	https://krishna-palacio.itch.io/minifantasy-crafting-and-professions-i	item, inventory, ui, raw, material
Diamond 	icon	Crafting And Professions I		yes	no	no	https://krishna-palacio.itch.io/minifantasy-crafting-and-professions-i	item, inventory, ui, raw, material
Emerald 	icon	Crafting And Professions I		yes	no	no	https://krishna-palacio.itch.io/minifantasy-crafting-and-professions-i	item, inventory, ui, raw, material
Ruby 	icon	Crafting And Professions I		yes	no	no	https://krishna-palacio.itch.io/minifantasy-crafting-and-professions-i	item, inventory, ui, raw, material
Topaz 	icon	Crafting And Professions I		yes	no	no	https://krishna-palacio.itch.io/minifantasy-crafting-and-professions-i	item, inventory, ui, raw, material
Cut Amethyst 	icon	Crafting And Professions I		yes	no	no	https://krishna-palacio.itch.io/minifantasy-crafting-and-professions-i	item, inventory, ui, refined, manufactured, material
Cut Diamond 	icon	Crafting And Professions I		yes	no	no	https://krishna-palacio.itch.io/minifantasy-crafting-and-professions-i	item, inventory, ui, refined, manufactured, material
Cut Emerald 	icon	Crafting And Professions I		yes	no	no	https://krishna-palacio.itch.io/minifantasy-crafting-and-professions-i	item, inventory, ui, refined, manufactured, material
Cut Ruby 	icon	Crafting And Professions I		yes	no	no	https://krishna-palacio.itch.io/minifantasy-crafting-and-professions-i	item, inventory, ui, refined, manufactured, material
Cut Topaz 	icon	Crafting And Professions I		yes	no	no	https://krishna-palacio.itch.io/minifantasy-crafting-and-professions-i	item, inventory, ui, refined, manufactured, material
Workshop Signs	manufactured prop	Crafting And Professions I		yes	no	no	https://krishna-palacio.itch.io/minifantasy-crafting-and-professions-i	workstation, crafting station, poi, shop, business
Shop Signs	manufactured prop	Crafting And Professions I		yes	no	no	https://krishna-palacio.itch.io/minifantasy-crafting-and-professions-i	workstation, crafting station, poi, shop, business
Clay Brick Wall + Masonry	tileset	Towns II		yes	no	no	https://krishna-palacio.itch.io/minifantasy-towns-ii	building, outdoor, red
Clay Brick + Masonry Door	tileset	Towns II		yes	no	no	https://krishna-palacio.itch.io/minifantasy-towns-ii	building, outdoor, red
Clay Brick + Masonry Window	tileset	Towns II		yes	no	no	https://krishna-palacio.itch.io/minifantasy-towns-ii	building, outdoor, red
Overlaping Wide Tiles Roof	tileset	Towns II		yes	no	no	https://krishna-palacio.itch.io/minifantasy-towns-ii	building, outdoor, black, purple, blue, yellow, green
Premade Clay Brick Houses (exterior)	premade	Towns II		yes	no	no	https://krishna-palacio.itch.io/minifantasy-towns-ii	building, outdoor, red, black, sample
Painted Interior House Wall 	tileset	Towns II		yes	no	no	https://krishna-palacio.itch.io/minifantasy-towns-ii	building, indoor, violet, turquoise
Light Wood Door	tileset	Towns II		yes	no	no	https://krishna-palacio.itch.io/minifantasy-towns-ii	building, indoor, cream
Light Wood Window	tileset	Towns II		yes	no	no	https://krishna-palacio.itch.io/minifantasy-towns-ii	building, indoor, cream
Stone Stairs For Clay Brick House	tileset	Towns II		yes	no	no	https://krishna-palacio.itch.io/minifantasy-towns-ii	building, indoor, violet, turquoise, grey
Chess Floor	tileset	Towns II		yes	no	no	https://krishna-palacio.itch.io/minifantasy-towns-ii	building, indoor, black, white
Stucco Wall	tileset	Towns II		yes	no	no	https://krishna-palacio.itch.io/minifantasy-towns-ii	building, outdoor, indoor, cream, brown
Stucco Wall Window	tileset	Towns II		yes	no	no	https://krishna-palacio.itch.io/minifantasy-towns-ii	building, outdoor, indoor, cream, brown
Stucco Wall Door	tileset	Towns II		yes	no	no	https://krishna-palacio.itch.io/minifantasy-towns-ii	building, outdoor, indoor, cream, brown
Tatch Roofing	tileset	Towns II		yes	no	no	https://krishna-palacio.itch.io/minifantasy-towns-ii	building, outdoor, yellow, straw
Premade Stucco Houses (exterior)	premade	Towns II		yes	no	no	https://krishna-palacio.itch.io/minifantasy-towns-ii	building, outdoor, yellow, straw, cream, brown, sample
Wooden Stairs For Stucco House	tileset	Towns II		yes	no	no	https://krishna-palacio.itch.io/minifantasy-towns-ii	building, indoor, brown, cream
Stone Slab Floor	tileset	Towns II		yes	no	no	https://krishna-palacio.itch.io/minifantasy-towns-ii	building, indoor, grey
Wooden Plank Wall	tileset	Towns II		yes	no	no	https://krishna-palacio.itch.io/minifantasy-towns-ii	building, outdoor, indoor, brown
Wooden Plank Wall Window	tileset	Towns II		yes	no	no	https://krishna-palacio.itch.io/minifantasy-towns-ii	building, outdoor, indoor, brown
Wooden Plank Wall Door	tileset	Towns II		yes	no	no	https://krishna-palacio.itch.io/minifantasy-towns-ii	building, outdoor, indoor, brown
Wooden Plank Roof	tileset	Towns II		yes	no	no	https://krishna-palacio.itch.io/minifantasy-towns-ii	building, outdoor, indoor, light brown
Premade Wooden Plank Building (exterior) 	premade	Towns II		yes	no	no	https://krishna-palacio.itch.io/minifantasy-towns-ii	building, outdoor, brown, sample
Wooden Ladder	tileset	Towns II		yes	no	no	https://krishna-palacio.itch.io/minifantasy-towns-ii	indoor, brown
Premade Mixed Material Buildings (exterior) 	premade	Towns II		yes	no	no	https://krishna-palacio.itch.io/minifantasy-towns-ii	building, outdoor, yellow, straw, cream, brown, blue, black, purple, sample
Clay Brick Fence	tileset	Towns II		yes	no	no	https://krishna-palacio.itch.io/minifantasy-towns-ii	outdoor, red
Premade Wooden Plank Windmill	animated prop	Towns II		yes	no	no	https://krishna-palacio.itch.io/minifantasy-towns-ii	building, outdoor, indoor, light brown
Leather Sofa	manufactured prop	Towns II		yes	no	no	https://krishna-palacio.itch.io/minifantasy-towns-ii	prop, brown
Light Wooden Table	manufactured prop	Towns II		yes	no	no	https://krishna-palacio.itch.io/minifantasy-towns-ii	prop, cream, brown
Carpet	tileset	Towns II		yes	no	no	https://krishna-palacio.itch.io/minifantasy-towns-ii	prop, yellow, green, blue, brown, grey
Bath Tube	manufactured prop	Towns II		yes	no	no	https://krishna-palacio.itch.io/minifantasy-towns-ii	prop, white
Sink	manufactured prop	Towns II		yes	no	no	https://krishna-palacio.itch.io/minifantasy-towns-ii	prop, white
Toilet	manufactured prop	Towns II		yes	no	no	https://krishna-palacio.itch.io/minifantasy-towns-ii	prop,  white
Towel Holder	manufactured prop	Towns II		yes	no	no	https://krishna-palacio.itch.io/minifantasy-towns-ii	prop, green, white, red
auxiliary shelf	manufactured prop	Towns II		yes	no	no	https://krishna-palacio.itch.io/minifantasy-towns-ii	prop, cream
Wheat Pack	manufactured prop	Towns II		yes	no	no	https://krishna-palacio.itch.io/minifantasy-towns-ii	prop, white, cream
Pile Of Flour	manufactured prop	Towns II		yes	no	no	https://krishna-palacio.itch.io/minifantasy-towns-ii	prop, white
Sack Of Flour	manufactured prop	Towns II		yes	no	no	https://krishna-palacio.itch.io/minifantasy-towns-ii	prop, yellow
Shop Counter	tileset	Towns II		yes	no	no	https://krishna-palacio.itch.io/minifantasy-towns-ii	prop, grey
UI Bars	GUI/HUD	User Interface		yes	no	no	https://krishna-palacio.itch.io/minifantasy-user-interface	interface
Xbox Controller Buttons	GUI/HUD	User Interface		yes	no	no	https://krishna-palacio.itch.io/minifantasy-user-interface	interface, controls
PS Controller Buttons	GUI/HUD	User Interface		yes	no	no	https://krishna-palacio.itch.io/minifantasy-user-interface	interface, controls
Switch Controller Buttons	GUI/HUD	User Interface		yes	no	no	https://krishna-palacio.itch.io/minifantasy-user-interface	interface, controls
Keyboard	GUI/HUD	User Interface		yes	no	no	https://krishna-palacio.itch.io/minifantasy-user-interface	interface, controls
Mouse Buttons	GUI/HUD	User Interface		yes	no	no	https://krishna-palacio.itch.io/minifantasy-user-interface	interface, controls
Cursors	GUI/HUD	User Interface		yes	no	no	https://krishna-palacio.itch.io/minifantasy-user-interface	interface
Cursor Click Effects	GUI/HUD	User Interface		yes	no	no	https://krishna-palacio.itch.io/minifantasy-user-interface	interface
GUI Icons	icon	User Interface		yes	no	no	https://krishna-palacio.itch.io/minifantasy-user-interface	interface
Menu Buttons	GUI/HUD	User Interface		yes	no	no	https://krishna-palacio.itch.io/minifantasy-user-interface	interface, menus
Check Boxes	GUI/HUD	User Interface		yes	no	no	https://krishna-palacio.itch.io/minifantasy-user-interface	interface, menus
Radio Buttons	GUI/HUD	User Interface		yes	no	no	https://krishna-palacio.itch.io/minifantasy-user-interface	interface, menus
Grid Lines	GUI/HUD	User Interface		yes	no	no	https://krishna-palacio.itch.io/minifantasy-user-interface	interface, menus
Labels	GUI/HUD	User Interface		yes	no	no	https://krishna-palacio.itch.io/minifantasy-user-interface	interface, menus
Panels	GUI/HUD	User Interface		yes	no	no	https://krishna-palacio.itch.io/minifantasy-user-interface	interface, menus
Slots	GUI/HUD	User Interface		yes	no	no	https://krishna-palacio.itch.io/minifantasy-user-interface	interface, menus
Selectors	GUI/HUD	User Interface		yes	no	no	https://krishna-palacio.itch.io/minifantasy-user-interface	interface, menus
Sliders	GUI/HUD	User Interface		yes	no	no	https://krishna-palacio.itch.io/minifantasy-user-interface	interface, menus
Switches	GUI/HUD	User Interface		yes	no	no	https://krishna-palacio.itch.io/minifantasy-user-interface	interface, menus
Text Input Fields	GUI/HUD	User Interface		yes	no	no	https://krishna-palacio.itch.io/minifantasy-user-interface	interface, menus
Analog Clock / Timer	GUI/HUD	User Interface		yes	no	no	https://krishna-palacio.itch.io/minifantasy-user-interface	interface
Day / Night Dial	GUI/HUD	User Interface		yes	no	no	https://krishna-palacio.itch.io/minifantasy-user-interface	interface
Emoticons	icon	User Interface		yes	no	no	https://krishna-palacio.itch.io/minifantasy-user-interface	interface
Barbarian	creature	True Heroes I		yes	no	no	https://krishna-palacio.itch.io/minifantasy-true-heroes	hero, class, battle cry, guard, throw things, thunder, aggressive
Rogue	creature	True Heroes I		yes	no	no	https://krishna-palacio.itch.io/minifantasy-true-heroes	hero, class, run, dodge, shurikens, bombs, aggressive
Druid	creature	True Heroes I		yes	no	no	https://krishna-palacio.itch.io/minifantasy-true-heroes	hero, class, roots, shape shift, aggressive
Forest Beast	creature	True Heroes I		yes	no	no	https://krishna-palacio.itch.io/minifantasy-true-heroes	monster, beast, shape shift, aggressive
Forest Hound	creature	True Heroes I		yes	no	no	https://krishna-palacio.itch.io/minifantasy-true-heroes	monster, beast, shape shift, aggressive
Forest Owl	creature	True Heroes I		yes	no	no	https://krishna-palacio.itch.io/minifantasy-true-heroes	monster, beast, shape shift, aggressive
Dye Vials	icon	Crafting And Professions II		yes	no	no	https://krishna-palacio.itch.io/minifantasy-crafting-and-professions-ii	item, equipment, inventory, ui, utility
Claw Traps	icon	Crafting And Professions II		yes	no	no	https://krishna-palacio.itch.io/minifantasy-crafting-and-professions-ii	item, equipment, inventory, ui, utility
Box Trap	icon	Crafting And Professions II		yes	no	no	https://krishna-palacio.itch.io/minifantasy-crafting-and-professions-ii	item, equipment, inventory, ui, utility
Leather Hoods	icon	Crafting And Professions II		yes	no	no	https://krishna-palacio.itch.io/minifantasy-crafting-and-professions-ii	item, equipment, inventory, ui, defense
Leather Doublets	icon	Crafting And Professions II		yes	no	no	https://krishna-palacio.itch.io/minifantasy-crafting-and-professions-ii	item, equipment, inventory, ui, defense
Leather Greaves	icon	Crafting And Professions II		yes	no	no	https://krishna-palacio.itch.io/minifantasy-crafting-and-professions-ii	item, equipment, inventory, ui, defense
Sliced Pumpkin	icon	Crafting And Professions II		yes	no	no	https://krishna-palacio.itch.io/minifantasy-crafting-and-professions-ii	item, inventory, ui, processed, ingredient
Sliced Eggplant	icon	Crafting And Professions II		yes	no	no	https://krishna-palacio.itch.io/minifantasy-crafting-and-professions-ii	item, inventory, ui, processed, ingredient
Sliced Beet	icon	Crafting And Professions II		yes	no	no	https://krishna-palacio.itch.io/minifantasy-crafting-and-professions-ii	item, inventory, ui, processed, ingredient
Sliced Tomato	icon	Crafting And Professions II		yes	no	no	https://krishna-palacio.itch.io/minifantasy-crafting-and-professions-ii	item, inventory, ui, processed, ingredient
Lettuce leaves	icon	Crafting And Professions II		yes	no	no	https://krishna-palacio.itch.io/minifantasy-crafting-and-professions-ii	item, inventory, ui, processed, ingredient
Sliced Potato	icon	Crafting And Professions II		yes	no	no	https://krishna-palacio.itch.io/minifantasy-crafting-and-professions-ii	item, inventory, ui, processed, ingredient
Sliced Radish	icon	Crafting And Professions II		yes	no	no	https://krishna-palacio.itch.io/minifantasy-crafting-and-professions-ii	item, inventory, ui, processed, ingredient
Garlic Clove	icon	Crafting And Professions II		yes	no	no	https://krishna-palacio.itch.io/minifantasy-crafting-and-professions-ii	item, inventory, ui, processed, ingredient
Sliced pepper	icon	Crafting And Professions II		yes	no	no	https://krishna-palacio.itch.io/minifantasy-crafting-and-professions-ii	item, inventory, ui, processed, ingredient
Dough	icon	Crafting And Professions II		yes	no	no	https://krishna-palacio.itch.io/minifantasy-crafting-and-professions-ii	item, inventory, ui, processed, ingredient
Clean Salmon	icon	Crafting And Professions II		yes	no	no	https://krishna-palacio.itch.io/minifantasy-crafting-and-professions-ii	item, inventory, ui, processed, ingredient
Clean Hake	icon	Crafting And Professions II		yes	no	no	https://krishna-palacio.itch.io/minifantasy-crafting-and-professions-ii	item, inventory, ui, processed, ingredient
Clean Sardine	icon	Crafting And Professions II		yes	no	no	https://krishna-palacio.itch.io/minifantasy-crafting-and-professions-ii	item, inventory, ui, processed, ingredient
Clean Tuna	icon	Crafting And Professions II		yes	no	no	https://krishna-palacio.itch.io/minifantasy-crafting-and-professions-ii	item, inventory, ui, processed, ingredient
Clean Cod	icon	Crafting And Professions II		yes	no	no	https://krishna-palacio.itch.io/minifantasy-crafting-and-professions-ii	item, inventory, ui, processed, ingredient
Crab Meat	icon	Crafting And Professions II		yes	no	no	https://krishna-palacio.itch.io/minifantasy-crafting-and-professions-ii	item, inventory, ui, processed, ingredient
Prawn Meat	icon	Crafting And Professions II		yes	no	no	https://krishna-palacio.itch.io/minifantasy-crafting-and-professions-ii	item, inventory, ui, processed, ingredient
Clam Meat	icon	Crafting And Professions II		yes	no	no	https://krishna-palacio.itch.io/minifantasy-crafting-and-professions-ii	item, inventory, ui, processed, ingredient
Turtle Meat	icon	Crafting And Professions II		yes	no	no	https://krishna-palacio.itch.io/minifantasy-crafting-and-professions-ii	item, inventory, ui, processed, ingredient
Frog Meat	icon	Crafting And Professions II		yes	no	no	https://krishna-palacio.itch.io/minifantasy-crafting-and-professions-ii	item, inventory, ui, processed, ingredient
Venison Steak	icon	Crafting And Professions II		yes	no	no	https://krishna-palacio.itch.io/minifantasy-crafting-and-professions-ii	item, inventory, ui, processed, ingredient
Wild Boar Steak	icon	Crafting And Professions II		yes	no	no	https://krishna-palacio.itch.io/minifantasy-crafting-and-professions-ii	item, inventory, ui, processed, ingredient
Turkey Breast	icon	Crafting And Professions II		yes	no	no	https://krishna-palacio.itch.io/minifantasy-crafting-and-professions-ii	item, inventory, ui, processed, ingredient
Rabbit Chop Meat	icon	Crafting And Professions II		yes	no	no	https://krishna-palacio.itch.io/minifantasy-crafting-and-professions-ii	item, inventory, ui, processed, ingredient
Wolf Chop Meat	icon	Crafting And Professions II		yes	no	no	https://krishna-palacio.itch.io/minifantasy-crafting-and-professions-ii	item, inventory, ui, processed, ingredient
Grilled Salmon	icon	Crafting And Professions II		yes	no	no	https://krishna-palacio.itch.io/minifantasy-crafting-and-professions-ii	item, inventory, ui, utility, cooking, recipe
Grilled Hake	icon	Crafting And Professions II		yes	no	no	https://krishna-palacio.itch.io/minifantasy-crafting-and-professions-ii	item, inventory, ui, utility, cooking, recipe
Grilled Sardine	icon	Crafting And Professions II		yes	no	no	https://krishna-palacio.itch.io/minifantasy-crafting-and-professions-ii	item, inventory, ui, utility, cooking, recipe
Grilled Tuna	icon	Crafting And Professions II		yes	no	no	https://krishna-palacio.itch.io/minifantasy-crafting-and-professions-ii	item, inventory, ui, utility, cooking, recipe
Grilled Cod	icon	Crafting And Professions II		yes	no	no	https://krishna-palacio.itch.io/minifantasy-crafting-and-professions-ii	item, inventory, ui, utility, cooking, recipe
Grilled Crab	icon	Crafting And Professions II		yes	no	no	https://krishna-palacio.itch.io/minifantasy-crafting-and-professions-ii	item, inventory, ui, utility, cooking, recipe
Grilled Prawn	icon	Crafting And Professions II		yes	no	no	https://krishna-palacio.itch.io/minifantasy-crafting-and-professions-ii	item, inventory, ui, utility, cooking, recipe
Grilled Turtle	icon	Crafting And Professions II		yes	no	no	https://krishna-palacio.itch.io/minifantasy-crafting-and-professions-ii	item, inventory, ui, utility, cooking, recipe
Grilled Frog	icon	Crafting And Professions II		yes	no	no	https://krishna-palacio.itch.io/minifantasy-crafting-and-professions-ii	item, inventory, ui, utility, cooking, recipe
Grilled Venison	icon	Crafting And Professions II		yes	no	no	https://krishna-palacio.itch.io/minifantasy-crafting-and-professions-ii	item, inventory, ui, utility, cooking, recipe
Grilled Wild Boar	icon	Crafting And Professions II		yes	no	no	https://krishna-palacio.itch.io/minifantasy-crafting-and-professions-ii	item, inventory, ui, utility, cooking, recipe
Grilled Turkey Drum	icon	Crafting And Professions II		yes	no	no	https://krishna-palacio.itch.io/minifantasy-crafting-and-professions-ii	item, inventory, ui, utility, cooking, recipe
Grilled Rabbit	icon	Crafting And Professions II		yes	no	no	https://krishna-palacio.itch.io/minifantasy-crafting-and-professions-ii	item, inventory, ui, utility, cooking, recipe
Grilled Wolf	icon	Crafting And Professions II		yes	no	no	https://krishna-palacio.itch.io/minifantasy-crafting-and-professions-ii	item, inventory, ui, utility, cooking, recipe
Braised Salmon	icon	Crafting And Professions II		yes	no	no	https://krishna-palacio.itch.io/minifantasy-crafting-and-professions-ii	item, inventory, ui, utility, cooking, recipe
Braised Hake 	icon	Crafting And Professions II		yes	no	no	https://krishna-palacio.itch.io/minifantasy-crafting-and-professions-ii	item, inventory, ui, utility, cooking, recipe
Braised Sardine	icon	Crafting And Professions II		yes	no	no	https://krishna-palacio.itch.io/minifantasy-crafting-and-professions-ii	item, inventory, ui, utility, cooking, recipe
Braised Tuna	icon	Crafting And Professions II		yes	no	no	https://krishna-palacio.itch.io/minifantasy-crafting-and-professions-ii	item, inventory, ui, utility, cooking, recipe
Braised Cod	icon	Crafting And Professions II		yes	no	no	https://krishna-palacio.itch.io/minifantasy-crafting-and-professions-ii	item, inventory, ui, utility, cooking, recipe
Braised Crab	icon	Crafting And Professions II		yes	no	no	https://krishna-palacio.itch.io/minifantasy-crafting-and-professions-ii	item, inventory, ui, utility, cooking, recipe
Braised  Prawn	icon	Crafting And Professions II		yes	no	no	https://krishna-palacio.itch.io/minifantasy-crafting-and-professions-ii	item, inventory, ui, utility, cooking, recipe
Braised  Turtle	icon	Crafting And Professions II		yes	no	no	https://krishna-palacio.itch.io/minifantasy-crafting-and-professions-ii	item, inventory, ui, utility, cooking, recipe
Braised  Frog	icon	Crafting And Professions II		yes	no	no	https://krishna-palacio.itch.io/minifantasy-crafting-and-professions-ii	item, inventory, ui, utility, cooking, recipe
Braised  Venison	icon	Crafting And Professions II		yes	no	no	https://krishna-palacio.itch.io/minifantasy-crafting-and-professions-ii	item, inventory, ui, utility, cooking, recipe
Braised  Wild Boar	icon	Crafting And Professions II		yes	no	no	https://krishna-palacio.itch.io/minifantasy-crafting-and-professions-ii	item, inventory, ui, utility, cooking, recipe
Braised  Turkey	icon	Crafting And Professions II		yes	no	no	https://krishna-palacio.itch.io/minifantasy-crafting-and-professions-ii	item, inventory, ui, utility, cooking, recipe
Braised  Rabbit	icon	Crafting And Professions II		yes	no	no	https://krishna-palacio.itch.io/minifantasy-crafting-and-professions-ii	item, inventory, ui, utility, cooking, recipe
Braised  Wolf	icon	Crafting And Professions II		yes	no	no	https://krishna-palacio.itch.io/minifantasy-crafting-and-professions-ii	item, inventory, ui, utility, cooking, recipe
Salmon Sushi	icon	Crafting And Professions II		yes	no	no	https://krishna-palacio.itch.io/minifantasy-crafting-and-professions-ii	item, inventory, ui, utility, cooking, recipe
Hake Sushi	icon	Crafting And Professions II		yes	no	no	https://krishna-palacio.itch.io/minifantasy-crafting-and-professions-ii	item, inventory, ui, utility, cooking, recipe
Sardine Sushi	icon	Crafting And Professions II		yes	no	no	https://krishna-palacio.itch.io/minifantasy-crafting-and-professions-ii	item, inventory, ui, utility, cooking, recipe
Tuna Sushi	icon	Crafting And Professions II		yes	no	no	https://krishna-palacio.itch.io/minifantasy-crafting-and-professions-ii	item, inventory, ui, utility, cooking, recipe
Cod Sushi	icon	Crafting And Professions II		yes	no	no	https://krishna-palacio.itch.io/minifantasy-crafting-and-professions-ii	item, inventory, ui, utility, cooking, recipe
Bread	icon	Crafting And Professions II		yes	no	no	https://krishna-palacio.itch.io/minifantasy-crafting-and-professions-ii	item, inventory, ui, utility, cooking, recipe
Sandwich	icon	Crafting And Professions II		yes	no	no	https://krishna-palacio.itch.io/minifantasy-crafting-and-professions-ii	item, inventory, ui, utility, cooking, recipe
English Brekfast	icon	Crafting And Professions II		yes	no	no	https://krishna-palacio.itch.io/minifantasy-crafting-and-professions-ii	item, inventory, ui, utility, cooking, recipe
Pizza	icon	Crafting And Professions II		yes	no	no	https://krishna-palacio.itch.io/minifantasy-crafting-and-professions-ii	item, inventory, ui, utility, cooking, recipe
Oven turkey	icon	Crafting And Professions II		yes	no	no	https://krishna-palacio.itch.io/minifantasy-crafting-and-professions-ii	item, inventory, ui, utility, cooking, recipe
Corncob	icon	Crafting And Professions II		yes	no	no	https://krishna-palacio.itch.io/minifantasy-crafting-and-professions-ii	item, inventory, ui, utility, cooking, recipe
Cookie	icon	Crafting And Professions II		yes	no	no	https://krishna-palacio.itch.io/minifantasy-crafting-and-professions-ii	item, inventory, ui, utility, cooking, recipe
Pancake	icon	Crafting And Professions II		yes	no	no	https://krishna-palacio.itch.io/minifantasy-crafting-and-professions-ii	item, inventory, ui, utility, cooking, recipe
Cake	icon	Crafting And Professions II		yes	no	no	https://krishna-palacio.itch.io/minifantasy-crafting-and-professions-ii	item, inventory, ui, utility, cooking, recipe
Cupcake	icon	Crafting And Professions II		yes	no	no	https://krishna-palacio.itch.io/minifantasy-crafting-and-professions-ii	item, inventory, ui, utility, cooking, recipe
Fried egg	icon	Crafting And Professions II		yes	no	no	https://krishna-palacio.itch.io/minifantasy-crafting-and-professions-ii	item, inventory, ui, utility, cooking, recipe
Omelette	icon	Crafting And Professions II		yes	no	no	https://krishna-palacio.itch.io/minifantasy-crafting-and-professions-ii	item, inventory, ui, utility, cooking, recipe
Salad	icon	Crafting And Professions II		yes	no	no	https://krishna-palacio.itch.io/minifantasy-crafting-and-professions-ii	item, inventory, ui, utility, cooking, recipe
Rice	icon	Crafting And Professions II		yes	no	no	https://krishna-palacio.itch.io/minifantasy-crafting-and-professions-ii	item, inventory, ui, utility, cooking, recipe
Riceball	icon	Crafting And Professions II		yes	no	no	https://krishna-palacio.itch.io/minifantasy-crafting-and-professions-ii	item, inventory, ui, utility, cooking, recipe
Green Cream	icon	Crafting And Professions II		yes	no	no	https://krishna-palacio.itch.io/minifantasy-crafting-and-professions-ii	item, inventory, ui, utility, cooking, recipe
Pumpkin Cream	icon	Crafting And Professions II		yes	no	no	https://krishna-palacio.itch.io/minifantasy-crafting-and-professions-ii	item, inventory, ui, utility, cooking, recipe
Eggplant cream	icon	Crafting And Professions II		yes	no	no	https://krishna-palacio.itch.io/minifantasy-crafting-and-professions-ii	item, inventory, ui, utility, cooking, recipe
Beet Soup	icon	Crafting And Professions II		yes	no	no	https://krishna-palacio.itch.io/minifantasy-crafting-and-professions-ii	item, inventory, ui, utility, cooking, recipe
Tomato Soup	icon	Crafting And Professions II		yes	no	no	https://krishna-palacio.itch.io/minifantasy-crafting-and-professions-ii	item, inventory, ui, utility, cooking, recipe
Potato Cream	icon	Crafting And Professions II		yes	no	no	https://krishna-palacio.itch.io/minifantasy-crafting-and-professions-ii	item, inventory, ui, utility, cooking, recipe
Radish Soup	icon	Crafting And Professions II		yes	no	no	https://krishna-palacio.itch.io/minifantasy-crafting-and-professions-ii	item, inventory, ui, utility, cooking, recipe
Fishing Rod	icon	Crafting And Professions II		yes	no	no	https://krishna-palacio.itch.io/minifantasy-crafting-and-professions-ii	item, equipment, inventory, ui, tool
Fishing Trap	icon	Crafting And Professions II		yes	no	no	https://krishna-palacio.itch.io/minifantasy-crafting-and-professions-ii	item, equipment, inventory, ui, tool
Bug Net	icon	Crafting And Professions II		yes	no	no	https://krishna-palacio.itch.io/minifantasy-crafting-and-professions-ii	item, equipment, inventory, ui, tool
Hammer	icon	Crafting And Professions II		yes	no	no	https://krishna-palacio.itch.io/minifantasy-crafting-and-professions-ii	item, equipment, inventory, ui, tool
Hoe	icon	Crafting And Professions II		yes	no	no	https://krishna-palacio.itch.io/minifantasy-crafting-and-professions-ii	item, equipment, inventory, ui, tool
Shovel	icon	Crafting And Professions II		yes	no	no	https://krishna-palacio.itch.io/minifantasy-crafting-and-professions-ii	item, equipment, inventory, ui, tool
Watering Can	icon	Crafting And Professions II		yes	no	no	https://krishna-palacio.itch.io/minifantasy-crafting-and-professions-ii	item, equipment, inventory, ui, tool
Kitchen Workstation	animated prop	Crafting And Professions II		yes	no	no	https://krishna-palacio.itch.io/minifantasy-crafting-and-professions-ii	workstation, crafting station, poi, shop, business
Chef Cooking	base character expanded animations	Crafting And Professions II		yes	no	no	https://krishna-palacio.itch.io/minifantasy-crafting-and-professions-ii	layered animation, profession, crafting, base character, human, orc, elf, halfling, goblin, dwarf
Preparation Table	animated prop	Crafting And Professions II		yes	no	no	https://krishna-palacio.itch.io/minifantasy-crafting-and-professions-ii	workstation, crafting station
Chef Chopping	base character expanded animations	Crafting And Professions II		yes	no	no	https://krishna-palacio.itch.io/minifantasy-crafting-and-professions-ii	layered animation, profession, crafting, base character, human, orc, elf, halfling, goblin, dwarf
Dye Workstation	animated prop	Crafting And Professions II		yes	no	no	https://krishna-palacio.itch.io/minifantasy-crafting-and-professions-ii	workstation, crafting station
Dyer Working	base character expanded animations	Crafting And Professions II		yes	no	no	https://krishna-palacio.itch.io/minifantasy-crafting-and-professions-ii	layered animation, profession, crafting, base character, human, orc, elf, halfling, goblin, dwarf
Leather Workbench	animated prop	Crafting And Professions II		yes	no	no	https://krishna-palacio.itch.io/minifantasy-crafting-and-professions-ii	workstation, crafting station
Furrier Working	base character expanded animations	Crafting And Professions II		yes	no	no	https://krishna-palacio.itch.io/minifantasy-crafting-and-professions-ii	layered animation, profession, crafting, base character, human, orc, elf, halfling, goblin, dwarf
Bug Catching	base character expanded animations	Crafting And Professions II		yes	no	no	https://krishna-palacio.itch.io/minifantasy-crafting-and-professions-ii	layered animation, profession, gathering, base character, human, orc, elf, halfling, goblin, dwarf
Fly	creature	Crafting And Professions II		yes	no	no	https://krishna-palacio.itch.io/minifantasy-crafting-and-professions-ii	insect, gathering, node, profession, non-agressive
Butterfly	creature	Crafting And Professions II		yes	no	no	https://krishna-palacio.itch.io/minifantasy-crafting-and-professions-ii	insect, gathering, node, profession, non-agressive
Dragonfly	creature	Crafting And Professions II		yes	no	no	https://krishna-palacio.itch.io/minifantasy-crafting-and-professions-ii	insect, gathering, node, profession, non-agressive
Moth	creature	Crafting And Professions II		yes	no	no	https://krishna-palacio.itch.io/minifantasy-crafting-and-professions-ii	insect, gathering, node, profession, non-agressive
Fly	icon	Crafting And Professions II		yes	no	no	https://krishna-palacio.itch.io/minifantasy-crafting-and-professions-ii	item, inventory, ui, raw, material
Moth	icon	Crafting And Professions II		yes	no	no	https://krishna-palacio.itch.io/minifantasy-crafting-and-professions-ii	item, inventory, ui, raw, material
Butterfly	icon	Crafting And Professions II		yes	no	no	https://krishna-palacio.itch.io/minifantasy-crafting-and-professions-ii	item, inventory, ui, raw, material
Dragonfly	icon	Crafting And Professions II		yes	no	no	https://krishna-palacio.itch.io/minifantasy-crafting-and-professions-ii	item, inventory, ui, raw, material
Insect Wings	icon	Crafting And Professions II		yes	no	no	https://krishna-palacio.itch.io/minifantasy-crafting-and-professions-ii	item, inventory, ui, refined, manufactured, material
Insect Shell	icon	Crafting And Professions II		yes	no	no	https://krishna-palacio.itch.io/minifantasy-crafting-and-professions-ii	item, inventory, ui, refined, manufactured, material
Insect Essence	icon	Crafting And Professions II		yes	no	no	https://krishna-palacio.itch.io/minifantasy-crafting-and-professions-ii	item, inventory, ui, refined, manufactured, material
Fishing	base character expanded animations	Crafting And Professions II		yes	no	no	https://krishna-palacio.itch.io/minifantasy-crafting-and-professions-ii	layered animation, profession, gathering, base character, human, orc, elf, halfling, goblin, dwarf
Bait	icon	Crafting And Professions II		yes	no	no	https://krishna-palacio.itch.io/minifantasy-crafting-and-professions-ii	item, inventory, ui, utility
Salmon	icon	Crafting And Professions II		yes	no	no	https://krishna-palacio.itch.io/minifantasy-crafting-and-professions-ii	item, inventory, ui, raw, material
Hake	icon	Crafting And Professions II		yes	no	no	https://krishna-palacio.itch.io/minifantasy-crafting-and-professions-ii	item, inventory, ui, raw, material
Sardine	icon	Crafting And Professions II		yes	no	no	https://krishna-palacio.itch.io/minifantasy-crafting-and-professions-ii	item, inventory, ui, raw, material
Tuna	icon	Crafting And Professions II		yes	no	no	https://krishna-palacio.itch.io/minifantasy-crafting-and-professions-ii	item, inventory, ui, raw, material
Cod	icon	Crafting And Professions II		yes	no	no	https://krishna-palacio.itch.io/minifantasy-crafting-and-professions-ii	item, inventory, ui, raw, material
Crab	icon	Crafting And Professions II		yes	no	no	https://krishna-palacio.itch.io/minifantasy-crafting-and-professions-ii	item, inventory, ui, raw, material
Prawn	icon	Crafting And Professions II		yes	no	no	https://krishna-palacio.itch.io/minifantasy-crafting-and-professions-ii	item, inventory, ui, raw, material
Clam	icon	Crafting And Professions II		yes	no	no	https://krishna-palacio.itch.io/minifantasy-crafting-and-professions-ii	item, inventory, ui, raw, material
Turtle	icon	Crafting And Professions II		yes	no	no	https://krishna-palacio.itch.io/minifantasy-crafting-and-professions-ii	item, inventory, ui, raw, material
frog	icon	Crafting And Professions II		yes	no	no	https://krishna-palacio.itch.io/minifantasy-crafting-and-professions-ii	item, inventory, ui, raw, material
Old Boot	icon	Crafting And Professions II		yes	no	no	https://krishna-palacio.itch.io/minifantasy-crafting-and-professions-ii	item, inventory, ui, junk
Fishing Spot	animated prop	Crafting And Professions II		yes	no	no	https://krishna-palacio.itch.io/minifantasy-crafting-and-professions-ii	gathering, node, profession
Animal Harvesting	base character expanded animations	Crafting And Professions II		yes	no	no	https://krishna-palacio.itch.io/minifantasy-crafting-and-professions-ii	layered animation, profession, gathering, base character, human, orc, elf, halfling, goblin, dwarf
Doe	creature	Crafting And Professions II		yes	no	no	https://krishna-palacio.itch.io/minifantasy-crafting-and-professions-ii	animal, mammal, gathering, node, profession, non-agressive
Stag / Deer	creature	Crafting And Professions II		yes	no	no	https://krishna-palacio.itch.io/minifantasy-crafting-and-professions-ii	animal, mammal, gathering, node, profession, non-agressive
Rabbit	creature	Crafting And Professions II		yes	no	no	https://krishna-palacio.itch.io/minifantasy-crafting-and-professions-ii	animal, mammal, gathering, node, profession, non-agressive
Turkey	creature	Crafting And Professions II		yes	no	no	https://krishna-palacio.itch.io/minifantasy-crafting-and-professions-ii	animal, bird, gathering, node, profession, non-agressive
Wild Boar	creature	Crafting And Professions II		yes	no	no	https://krishna-palacio.itch.io/minifantasy-crafting-and-professions-ii	animal, mammal, gathering, node, profession, non-agressive
Antlers	icon	Crafting And Professions II		yes	no	no	https://krishna-palacio.itch.io/minifantasy-crafting-and-professions-ii	item, inventory, ui, raw, material
Hoof	icon	Crafting And Professions II		yes	no	no	https://krishna-palacio.itch.io/minifantasy-crafting-and-professions-ii	item, inventory, ui, raw, material
Skin	icon	Crafting And Professions II		yes	no	no	https://krishna-palacio.itch.io/minifantasy-crafting-and-professions-ii	item, inventory, ui, raw, material
Bone	icon	Crafting And Professions II		yes	no	no	https://krishna-palacio.itch.io/minifantasy-crafting-and-professions-ii	item, inventory, ui, raw, material
Meat	icon	Crafting And Professions II		yes	no	no	https://krishna-palacio.itch.io/minifantasy-crafting-and-professions-ii	item, inventory, ui, raw, material
Fang	icon	Crafting And Professions II		yes	no	no	https://krishna-palacio.itch.io/minifantasy-crafting-and-professions-ii	item, inventory, ui, raw, material
Peak	icon	Crafting And Professions II		yes	no	no	https://krishna-palacio.itch.io/minifantasy-crafting-and-professions-ii	item, inventory, ui, raw, material
Claw	icon	Crafting And Professions II		yes	no	no	https://krishna-palacio.itch.io/minifantasy-crafting-and-professions-ii	item, inventory, ui, raw, material
Feather	icon	Crafting And Professions II		yes	no	no	https://krishna-palacio.itch.io/minifantasy-crafting-and-professions-ii	item, inventory, ui, raw, material
Egg	icon	Crafting And Professions II		yes	no	no	https://krishna-palacio.itch.io/minifantasy-crafting-and-professions-ii	item, inventory, ui, raw, material
Tail	icon	Crafting And Professions II		yes	no	no	https://krishna-palacio.itch.io/minifantasy-crafting-and-professions-ii	item, inventory, ui, raw, material
Paw	icon	Crafting And Professions II		yes	no	no	https://krishna-palacio.itch.io/minifantasy-crafting-and-professions-ii	item, inventory, ui, raw, material
Guano	icon	Crafting And Professions II		yes	no	no	https://krishna-palacio.itch.io/minifantasy-crafting-and-professions-ii	item, inventory, ui, raw, material
Blood	icon	Crafting And Professions II		yes	no	no	https://krishna-palacio.itch.io/minifantasy-crafting-and-professions-ii	item, inventory, ui, raw, material
Workshop Signs II	manufactured prop	Crafting And Professions II		yes	no	no	https://krishna-palacio.itch.io/minifantasy-crafting-and-professions-ii	workstation, crafting station, poi, shop, business
Shop Signs II	manufactured prop	Crafting And Professions II		yes	no	no	https://krishna-palacio.itch.io/minifantasy-crafting-and-professions-ii	workstation, crafting station, poi, shop, business
Human Skin Variations (4 colours)	creature	A Myriad Of NPCs		yes	no	no	https://krishna-palacio.itch.io/minifantasy-npcs	base character, npc
Orc Skin Variations (4 colours)	creature	A Myriad Of NPCs		yes	no	no	https://krishna-palacio.itch.io/minifantasy-npcs	base character, npc
Elf Skin Variations (4 colours)	creature	A Myriad Of NPCs		yes	no	no	https://krishna-palacio.itch.io/minifantasy-npcs	base character, npc
Shirt (15 colours)	wearable item	A Myriad Of NPCs		yes	no	no	https://krishna-palacio.itch.io/minifantasy-npcs	base character, npc, Clothes
Doublet (15 colours)	wearable item	A Myriad Of NPCs		yes	no	no	https://krishna-palacio.itch.io/minifantasy-npcs	base character, npc, Clothes
Blouse (15 colours)	wearable item	A Myriad Of NPCs		yes	no	no	https://krishna-palacio.itch.io/minifantasy-npcs	base character, npc, Clothes
Jacket (15 colours)	wearable item	A Myriad Of NPCs		yes	no	no	https://krishna-palacio.itch.io/minifantasy-npcs	base character, npc, Clothes
Shoulder Pads (15 colours)	wearable item	A Myriad Of NPCs		yes	no	no	https://krishna-palacio.itch.io/minifantasy-npcs	base character, npc, Clothes
Toga (15 colours)	wearable item	A Myriad Of NPCs		yes	no	no	https://krishna-palacio.itch.io/minifantasy-npcs	base character, npc, Clothes
Trousers (15 colours)	wearable item	A Myriad Of NPCs		yes	no	no	https://krishna-palacio.itch.io/minifantasy-npcs	base character, npc, Clothes
Shoes (15 colours)	wearable item	A Myriad Of NPCs		yes	no	no	https://krishna-palacio.itch.io/minifantasy-npcs	base character, npc, Clothes
Gloves (15 colours)	wearable item	A Myriad Of NPCs		yes	no	no	https://krishna-palacio.itch.io/minifantasy-npcs	base character, npc, Clothes
Short (10 colours)	wearable item	A Myriad Of NPCs		yes	no	no	https://krishna-palacio.itch.io/minifantasy-npcs	base character, npc, hairstyle
Bubble (10 colours)	wearable item	A Myriad Of NPCs		yes	no	no	https://krishna-palacio.itch.io/minifantasy-npcs	base character, npc, hairstyle
Long (10 colours)	wearable item	A Myriad Of NPCs		yes	no	no	https://krishna-palacio.itch.io/minifantasy-npcs	base character, npc, hairstyle
Mane (10 colours)	wearable item	A Myriad Of NPCs		yes	no	no	https://krishna-palacio.itch.io/minifantasy-npcs	base character, npc, hairstyle
Bold (10 colours)	wearable item	A Myriad Of NPCs		yes	no	no	https://krishna-palacio.itch.io/minifantasy-npcs	base character, npc, hairstyle
Mohawk (10 colours)	wearable item	A Myriad Of NPCs		yes	no	no	https://krishna-palacio.itch.io/minifantasy-npcs	base character, npc, hairstyle
Pony Tail (10 colours)	wearable item	A Myriad Of NPCs		yes	no	no	https://krishna-palacio.itch.io/minifantasy-npcs	base character, npc, hairstyle
Toupee (10 colours)	wearable item	A Myriad Of NPCs		yes	no	no	https://krishna-palacio.itch.io/minifantasy-npcs	base character, npc, hairstyle
Chin Curtain (10 colours)	wearable item	A Myriad Of NPCs		yes	no	no	https://krishna-palacio.itch.io/minifantasy-npcs	base character, npc, facial hair
Chin Strap (10 colours)	wearable item	A Myriad Of NPCs		yes	no	no	https://krishna-palacio.itch.io/minifantasy-npcs	base character, npc, facial hair
Long Beard (10 colours)	wearable item	A Myriad Of NPCs		yes	no	no	https://krishna-palacio.itch.io/minifantasy-npcs	base character, npc, facial hair
Goatee (10 colours)	wearable item	A Myriad Of NPCs		yes	no	no	https://krishna-palacio.itch.io/minifantasy-npcs	base character, npc, facial hair
Moustache (10 colours)	wearable item	A Myriad Of NPCs		yes	no	no	https://krishna-palacio.itch.io/minifantasy-npcs	base character, npc, facial hair
Cowboy Hat (15 colours)	wearable item	A Myriad Of NPCs		yes	no	no	https://krishna-palacio.itch.io/minifantasy-npcs	base character, npc, hat
Ranger Hat (15 colours)	wearable item	A Myriad Of NPCs		yes	no	no	https://krishna-palacio.itch.io/minifantasy-npcs	base character, npc, hat
Trapper Hat (15 colours)	wearable item	A Myriad Of NPCs		yes	no	no	https://krishna-palacio.itch.io/minifantasy-npcs	base character, npc, hat
Pompom Beanie Hat (15 colours)	wearable item	A Myriad Of NPCs		yes	no	no	https://krishna-palacio.itch.io/minifantasy-npcs	base character, npc, hat
Bandana Hat (15 colours)	wearable item	A Myriad Of NPCs		yes	no	no	https://krishna-palacio.itch.io/minifantasy-npcs	base character, npc, hat
Long Hat (15 colours)	wearable item	A Myriad Of NPCs		yes	no	no	https://krishna-palacio.itch.io/minifantasy-npcs	base character, npc, hat
Hood Hat (15 colours)	wearable item	A Myriad Of NPCs		yes	no	no	https://krishna-palacio.itch.io/minifantasy-npcs	base character, npc, hat
Fedora Hat (15 colours)	wearable item	A Myriad Of NPCs		yes	no	no	https://krishna-palacio.itch.io/minifantasy-npcs	base character, npc, hat
Premade Alchemist NPC	creature	A Myriad Of NPCs		yes	no	no	https://krishna-palacio.itch.io/minifantasy-npcs	npc, non-agressive
Premade Blacksmith NPC	creature	A Myriad Of NPCs		yes	no	no	https://krishna-palacio.itch.io/minifantasy-npcs	npc, non-agressive
Premade Carpenter NPC	creature	A Myriad Of NPCs		yes	no	no	https://krishna-palacio.itch.io/minifantasy-npcs	npc, non-agressive
Premade Jeweller NPC	creature	A Myriad Of NPCs		yes	no	no	https://krishna-palacio.itch.io/minifantasy-npcs	npc, non-agressive
Premade Butcher NPC	creature	A Myriad Of NPCs		yes	no	no	https://krishna-palacio.itch.io/minifantasy-npcs	npc, non-agressive
Premade Chef NPC	creature	A Myriad Of NPCs		yes	no	no	https://krishna-palacio.itch.io/minifantasy-npcs	npc, non-agressive
Premade Dyer NPC	creature	A Myriad Of NPCs		yes	no	no	https://krishna-palacio.itch.io/minifantasy-npcs	npc, non-agressive
Premade Furrier NPC	creature	A Myriad Of NPCs		yes	no	no	https://krishna-palacio.itch.io/minifantasy-npcs	npc, non-agressive
Stone Castle Wall	tileset	Castles And Strongholds		yes	no	no	https://krishna-palacio.itch.io/minifantasy-castles-and-strongholds	building, outdoor, grey
Big Stone Blocks Castle Wall	tileset	Castles And Strongholds		yes	no	no	https://krishna-palacio.itch.io/minifantasy-castles-and-strongholds	building, outdoor, grey
Castle Battlements	tileset	Castles And Strongholds		yes	no	no	https://krishna-palacio.itch.io/minifantasy-castles-and-strongholds	building, outdoor, grey
Castle Loophole	tileset	Castles And Strongholds		yes	no	no	https://krishna-palacio.itch.io/minifantasy-castles-and-strongholds	building, outdoor, grey
Castle Window	tileset	Castles And Strongholds		yes	no	no	https://krishna-palacio.itch.io/minifantasy-castles-and-strongholds	building, outdoor, grey
Castle Door	tileset	Castles And Strongholds		yes	no	no	https://krishna-palacio.itch.io/minifantasy-castles-and-strongholds	building, outdoor, grey, brown
Castle Gate	tileset	Castles And Strongholds		yes	no	no	https://krishna-palacio.itch.io/minifantasy-castles-and-strongholds	building, outdoor, grey, brown
Castle-Tower wooden roof	tileset	Castles And Strongholds		yes	no	no	https://krishna-palacio.itch.io/minifantasy-castles-and-strongholds	building, outdoor, brown, floor
Hatch	manufactured prop	Castles And Strongholds		yes	no	no	https://krishna-palacio.itch.io/minifantasy-castles-and-strongholds	building, outdoor, brown, indoor
Wooden Stairs	tileset	Castles And Strongholds		yes	no	no	https://krishna-palacio.itch.io/minifantasy-castles-and-strongholds	building, outdoor, brown
Gravel Soil	tileset	Castles And Strongholds		yes	no	no	https://krishna-palacio.itch.io/minifantasy-castles-and-strongholds	floor, outdoor, dark grey
Gravel Soil/Grass Transition	tileset	Castles And Strongholds		yes	no	no	https://krishna-palacio.itch.io/minifantasy-castles-and-strongholds	floor, outdoor, dark grey, green
Water	animated tileset	Castles And Strongholds		yes	no	no	https://krishna-palacio.itch.io/minifantasy-castles-and-strongholds	nature, outdoor, blue
Water/Grass Transition	animated tileset	Castles And Strongholds		yes	no	no	https://krishna-palacio.itch.io/minifantasy-castles-and-strongholds	nature, outdoor, blue, green
Castle Interior Wall	tileset	Castles And Strongholds		yes	no	no	https://krishna-palacio.itch.io/minifantasy-castles-and-strongholds	building, indoor, grey
Castle Interior Loophole	tileset	Castles And Strongholds		yes	no	no	https://krishna-palacio.itch.io/minifantasy-castles-and-strongholds	building, indoor, grey
Castle Interior Window	tileset	Castles And Strongholds		yes	no	no	https://krishna-palacio.itch.io/minifantasy-castles-and-strongholds	building, indoor, grey
Castle Interior Door	tileset	Castles And Strongholds		yes	no	no	https://krishna-palacio.itch.io/minifantasy-castles-and-strongholds	building, indoor, grey, brown
Castle Interior Stone Stairs	tileset	Castles And Strongholds		yes	no	no	https://krishna-palacio.itch.io/minifantasy-castles-and-strongholds	building, indoor, grey
Polished Floor Slabs	tileset	Castles And Strongholds		yes	no	no	https://krishna-palacio.itch.io/minifantasy-castles-and-strongholds	floor, dark blue, turquoise, black, white, chess
Wooden Plank Floor	tileset	Castles And Strongholds		yes	no	no	https://krishna-palacio.itch.io/minifantasy-castles-and-strongholds	floor, dark brown
Noble Banners	manufactured prop	Castles And Strongholds		yes	no	no	https://krishna-palacio.itch.io/minifantasy-castles-and-strongholds	red, golden, silver, wall, decoration, light source
Wall Torch	animated prop	Castles And Strongholds		yes	no	no	https://krishna-palacio.itch.io/minifantasy-castles-and-strongholds	brown, golden, silver, wall, decoration
Noble Treasure Chest	manufactured prop	Castles And Strongholds		yes	no	no	https://krishna-palacio.itch.io/minifantasy-castles-and-strongholds	furniture, golden, silver, brown
Noble Bed	manufactured prop	Castles And Strongholds		yes	no	no	https://krishna-palacio.itch.io/minifantasy-castles-and-strongholds	furniture, red, golden, silver, brown
Noble Table	tileset	Castles And Strongholds		yes	no	no	https://krishna-palacio.itch.io/minifantasy-castles-and-strongholds	furniture, red, golden, silver, brown
Noble Paintings	manufactured prop	Castles And Strongholds		yes	no	no	https://krishna-palacio.itch.io/minifantasy-castles-and-strongholds	wall, decoration
Noble Thrones	manufactured prop	Castles And Strongholds		yes	no	no	https://krishna-palacio.itch.io/minifantasy-castles-and-strongholds	furniture, red, golden, silver
Noble Chairs	manufactured prop	Castles And Strongholds		yes	no	no	https://krishna-palacio.itch.io/minifantasy-castles-and-strongholds	furniture, red, golden, silver
Noble Carpet	tileset	Castles And Strongholds		yes	no	no	https://krishna-palacio.itch.io/minifantasy-castles-and-strongholds	red, golden, silver, floor
Wall Hunting Trophies	manufactured prop	Castles And Strongholds		yes	no	no	https://krishna-palacio.itch.io/minifantasy-castles-and-strongholds	decoration, brown
Torch Stand	animated prop	Castles And Strongholds		yes	no	no	https://krishna-palacio.itch.io/minifantasy-castles-and-strongholds	golden, silver, light source
Noble Armour Display	manufactured prop	Castles And Strongholds		yes	no	no	https://krishna-palacio.itch.io/minifantasy-castles-and-strongholds	golden, silver
Noble Weapon Wall Display	manufactured prop	Castles And Strongholds		yes	no	no	https://krishna-palacio.itch.io/minifantasy-castles-and-strongholds	golden, silver, wall, decoration
Premade Castle (exterior)	premade	Castles And Strongholds		yes	no	no	https://krishna-palacio.itch.io/minifantasy-castles-and-strongholds	building, outdoor, grey, brown, castle, stronghold, fortress, watchtower, sample
Premade Castle Wall Sections (exterior)	premade	Castles And Strongholds		yes	no	no	https://krishna-palacio.itch.io/minifantasy-castles-and-strongholds	building, outdoor, grey, brown, castle, stronghold, fortress, watchtower, sample
Premade Castle Towers (exterior)	premade	Castles And Strongholds		yes	no	no	https://krishna-palacio.itch.io/minifantasy-castles-and-strongholds	building, outdoor, grey, brown, castle, stronghold, fortress, watchtower, sample
Giant Tree Branches	natural prop	Elven Kingdom		yes	no	no	https://krishna-palacio.itch.io/minifantasy-elven-kingdom	oudoor, building, nature, oak, hickory, pine, willow, birch, brown, green, orange, white
Giant Treetops	tileset	Elven Kingdom		yes	no	no	https://krishna-palacio.itch.io/minifantasy-elven-kingdom	oudoor, building, nature, oak, hickory, pine, willow, birch, green, orange
Giant Tree Trunk	tileset	Elven Kingdom		yes	no	no	https://krishna-palacio.itch.io/minifantasy-elven-kingdom	oudoor, building, nature, oak, hickory, pine, willow, birch, brown, white
Wooden Giant Tree Platform	tileset	Elven Kingdom		yes	no	no	https://krishna-palacio.itch.io/minifantasy-elven-kingdom	oudoor, building, nature, oak, hickory, pine, willow, birch, brown, white
Giant Tree House Trunk Door 	tileset	Elven Kingdom		yes	no	no	https://krishna-palacio.itch.io/minifantasy-elven-kingdom	oudoor, building, nature, oak, hickory, pine, willow, birch, brown, white
Giant Tree House Trunk Window	tileset	Elven Kingdom		yes	no	no	https://krishna-palacio.itch.io/minifantasy-elven-kingdom	oudoor, building, nature, oak, hickory, pine, willow, birch, brown, white
Giant Tree House Treetop Door 	tileset	Elven Kingdom		yes	no	no	https://krishna-palacio.itch.io/minifantasy-elven-kingdom	oudoor, building, nature, oak, hickory, pine, willow, birch, green, orange
Giant Tree House Treetop Window	tileset	Elven Kingdom		yes	no	no	https://krishna-palacio.itch.io/minifantasy-elven-kingdom	oudoor, building, nature, oak, hickory, pine, willow, birch, green, orange
Inside Giant Tree Trunk Wall	tileset	Elven Kingdom		yes	no	no	https://krishna-palacio.itch.io/minifantasy-elven-kingdom	indoor, building, nature, oak, hickory, pine, willow, birch, brown, white
Inside Giant Tree Trunk Door	tileset	Elven Kingdom		yes	no	no	https://krishna-palacio.itch.io/minifantasy-elven-kingdom	indoor, building, nature, oak, hickory, pine, willow, birch, brown, white
Inside Giant Tree Trunk Window	tileset	Elven Kingdom		yes	no	no	https://krishna-palacio.itch.io/minifantasy-elven-kingdom	indoor, building, nature, oak, hickory, pine, willow, birch, brown, white
Inside Giant Tree Trunk Floor	tileset	Elven Kingdom		yes	no	no	https://krishna-palacio.itch.io/minifantasy-elven-kingdom	indoor, building, nature, oak, hickory, pine, willow, birch, brown, white
Inside Giant Treetop Wall	tileset	Elven Kingdom		yes	no	no	https://krishna-palacio.itch.io/minifantasy-elven-kingdom	indoor, building, nature, oak, hickory, pine, willow, birch, green, orange
Inside Giant Treetop Door	tileset	Elven Kingdom		yes	no	no	https://krishna-palacio.itch.io/minifantasy-elven-kingdom	indoor, building, nature, oak, hickory, pine, willow, birch, green, orange
Inside Giant Treetop Window	tileset	Elven Kingdom		yes	no	no	https://krishna-palacio.itch.io/minifantasy-elven-kingdom	indoor, building, nature, oak, hickory, pine, willow, birch, green, orange
Inside Giant Treetop Floor	tileset	Elven Kingdom		yes	no	no	https://krishna-palacio.itch.io/minifantasy-elven-kingdom	indoor, building, nature, oak, hickory, pine, willow, birch, green, orange
Tree Ladder	manufactured prop	Elven Kingdom		yes	no	no	https://krishna-palacio.itch.io/minifantasy-elven-kingdom	indoor, building, nature, oak, hickory, pine, willow, birch, brown, white
Elven Folding Screen	manufactured prop	Elven Kingdom		yes	no	no	https://krishna-palacio.itch.io/minifantasy-elven-kingdom	furniture, green, blue, red, purple, yellow
Elven Hammock	manufactured prop	Elven Kingdom		yes	no	no	https://krishna-palacio.itch.io/minifantasy-elven-kingdom	furniture, oak, hickory, pine, willow, birch, brown, white
Elven Bookshelves	manufactured prop	Elven Kingdom		yes	no	no	https://krishna-palacio.itch.io/minifantasy-elven-kingdom	furniture, oak, hickory, pine, willow, birch, brown, white
Elven Beanbags	manufactured prop	Elven Kingdom		yes	no	no	https://krishna-palacio.itch.io/minifantasy-elven-kingdom	furniture, green, blue, red, purple, yellow
Elven Pillows	manufactured prop	Elven Kingdom		yes	no	no	https://krishna-palacio.itch.io/minifantasy-elven-kingdom	furniture, green, blue, red, purple, yellow
Tree Trunk Made Tables	manufactured prop	Elven Kingdom		yes	no	no	https://krishna-palacio.itch.io/minifantasy-elven-kingdom	furniture, oak, hickory, pine, willow, birch, brown, white
Tree Trunk Made Chairs	manufactured prop	Elven Kingdom		yes	no	no	https://krishna-palacio.itch.io/minifantasy-elven-kingdom	furniture, oak, hickory, pine, willow, birch, brown, white
Tree Trunk Made Throne	manufactured prop	Elven Kingdom		yes	no	no	https://krishna-palacio.itch.io/minifantasy-elven-kingdom	furniture, oak, hickory, pine, willow, birch, brown, white
Elven Carpets	tileset	Elven Kingdom		yes	no	no	https://krishna-palacio.itch.io/minifantasy-elven-kingdom	furniture, green, blue, red, purple, yellow
Elven Banner Stand	natural prop	Elven Kingdom		yes	no	no	https://krishna-palacio.itch.io/minifantasy-elven-kingdom	furniture, green, blue, red, purple, yellow, nature, oak, hickory, pine, willow, birch, brown, green, orange, white
Premade Elven Tree Houses (exterior)	premade	Elven Kingdom		yes	no	no	https://krishna-palacio.itch.io/minifantasy-elven-kingdom	oudoor, building, nature, oak, hickory, pine, willow, birch, brown, green, orange, white, sample
Hyena	creature	Wildlife		yes	no	no	https://krishna-palacio.itch.io/minifantasy-wildlife	animal, mammal, agressive
Lion	creature	Wildlife		yes	no	no	https://krishna-palacio.itch.io/minifantasy-wildlife	animal, mammal, agressive
Lioness	creature	Wildlife		yes	no	no	https://krishna-palacio.itch.io/minifantasy-wildlife	animal, mammal, agressive
Polar Bear	creature	Wildlife		yes	no	no	https://krishna-palacio.itch.io/minifantasy-wildlife	animal, mammal, agressive
Rhino	creature	Wildlife		yes	no	no	https://krishna-palacio.itch.io/minifantasy-wildlife	animal, mammal, agressive
Snake	creature	Wildlife		yes	no	no	https://krishna-palacio.itch.io/minifantasy-wildlife	animal, reptile, agressive
Tiger	creature	Wildlife		yes	no	no	https://krishna-palacio.itch.io/minifantasy-wildlife	animal, mammal, agressive
Badger	creature	Wildlife		yes	no	no	https://krishna-palacio.itch.io/minifantasy-wildlife	animal, mammal, non-agressive
Camel	creature	Wildlife		yes	no	no	https://krishna-palacio.itch.io/minifantasy-wildlife	animal, mammal, non-agressive
Cat	creature	Wildlife		yes	no	no	https://krishna-palacio.itch.io/minifantasy-wildlife	animal, mammal, non-agressive
Dog	creature	Wildlife		yes	no	no	https://krishna-palacio.itch.io/minifantasy-wildlife	animal, mammal, non-agressive
Elephant	creature	Wildlife		yes	no	no	https://krishna-palacio.itch.io/minifantasy-wildlife	animal, mammal, non-agressive
Frog	creature	Wildlife		yes	no	no	https://krishna-palacio.itch.io/minifantasy-wildlife	animal, amphibian, non-agressive
Giant Snail	creature	Wildlife		yes	no	no	https://krishna-palacio.itch.io/minifantasy-wildlife	animal, mollusk, non-agressive
Goat	creature	Wildlife		yes	no	no	https://krishna-palacio.itch.io/minifantasy-wildlife	animal, mammal, non-agressive
Hedgehog	creature	Wildlife		yes	no	no	https://krishna-palacio.itch.io/minifantasy-wildlife	animal, mammal, non-agressive
Hippo	creature	Wildlife		yes	no	no	https://krishna-palacio.itch.io/minifantasy-wildlife	animal, mammal, non-agressive
Horse	creature	Wildlife		yes	no	no	https://krishna-palacio.itch.io/minifantasy-wildlife	animal, mammal, non-agressive
Kangaroo	creature	Wildlife		yes	no	no	https://krishna-palacio.itch.io/minifantasy-wildlife	animal, mammal, non-agressive
Moose	creature	Wildlife		yes	no	no	https://krishna-palacio.itch.io/minifantasy-wildlife	animal, mammal, non-agressive
Orange Fox	creature	Wildlife		yes	no	no	https://krishna-palacio.itch.io/minifantasy-wildlife	animal, mammal, non-agressive
Ostrich	creature	Wildlife		yes	no	no	https://krishna-palacio.itch.io/minifantasy-wildlife	animal, bird, non-agressive
Panda	creature	Wildlife		yes	no	no	https://krishna-palacio.itch.io/minifantasy-wildlife	animal, mammal, non-agressive
Platypus	creature	Wildlife		yes	no	no	https://krishna-palacio.itch.io/minifantasy-wildlife	animal, mammal, non-agressive
Polar Fox	creature	Wildlife		yes	no	no	https://krishna-palacio.itch.io/minifantasy-wildlife	animal, mammal, non-agressive
Skunk	creature	Wildlife		yes	no	no	https://krishna-palacio.itch.io/minifantasy-wildlife	animal, mammal, non-agressive
Squirrel	creature	Wildlife		yes	no	no	https://krishna-palacio.itch.io/minifantasy-wildlife	animal, mammal, non-agressive
Tortoise	creature	Wildlife		yes	no	no	https://krishna-palacio.itch.io/minifantasy-wildlife	animal, reptile, non-agressive
Bicycle	vehicle	Mounts		yes	no	no	https://krishna-palacio.itch.io/minifantasy-mounts	mechanical, non-agressive
Canoe	vehicle	Mounts		yes	no	no	https://krishna-palacio.itch.io/minifantasy-mounts	boat, non-agressive
Magic Carpet	vehicle	Mounts		yes	no	no	https://krishna-palacio.itch.io/minifantasy-mounts	magical, non-agressive
Unicorn	creature	Mounts		yes	no	no	https://krishna-palacio.itch.io/minifantasy-mounts	animal, monster, non-agressive
War Horse	creature	Mounts		yes	no	no	https://krishna-palacio.itch.io/minifantasy-mounts	animal, mammal, non-agressive
Camel Rider	base character expanded animations	Mounts		yes	no	no	https://krishna-palacio.itch.io/minifantasy-mounts	layered animation, mount, base character, human, orc, elf, halfling, goblin, dwarf
Stag Rider	base character expanded animations	Mounts		yes	no	no	https://krishna-palacio.itch.io/minifantasy-mounts	layered animation, mount, base character, human, orc, elf, halfling, goblin, dwarf
Elephant Rider	base character expanded animations	Mounts		yes	no	no	https://krishna-palacio.itch.io/minifantasy-mounts	layered animation, mount, base character, human, orc, elf, halfling, goblin, dwarf
Giant Snail Rider	base character expanded animations	Mounts		yes	no	no	https://krishna-palacio.itch.io/minifantasy-mounts	layered animation, mount, base character, human, orc, elf, halfling, goblin, dwarf
Giant Toad Rider	base character expanded animations	Mounts		yes	no	no	https://krishna-palacio.itch.io/minifantasy-mounts	layered animation, mount, base character, human, orc, elf, halfling, goblin, dwarf
Goat Rider	base character expanded animations	Mounts		yes	no	no	https://krishna-palacio.itch.io/minifantasy-mounts	layered animation, mount, base character, human, orc, elf, halfling, goblin, dwarf
Hippo Rider	base character expanded animations	Mounts		yes	no	no	https://krishna-palacio.itch.io/minifantasy-mounts	layered animation, mount, base character, human, orc, elf, halfling, goblin, dwarf
Horse Rider	base character expanded animations	Mounts		yes	no	no	https://krishna-palacio.itch.io/minifantasy-mounts	layered animation, mount, base character, human, orc, elf, halfling, goblin, dwarf
Lion Rider	base character expanded animations	Mounts		yes	no	no	https://krishna-palacio.itch.io/minifantasy-mounts	layered animation, mount, base character, human, orc, elf, halfling, goblin, dwarf
Lioness Rider	base character expanded animations	Mounts		yes	no	no	https://krishna-palacio.itch.io/minifantasy-mounts	layered animation, mount, base character, human, orc, elf, halfling, goblin, dwarf
Moose Rider	base character expanded animations	Mounts		yes	no	no	https://krishna-palacio.itch.io/minifantasy-mounts	layered animation, mount, base character, human, orc, elf, halfling, goblin, dwarf
Ostrich Rider	base character expanded animations	Mounts		yes	no	no	https://krishna-palacio.itch.io/minifantasy-mounts	layered animation, mount, base character, human, orc, elf, halfling, goblin, dwarf
Panda Rider	base character expanded animations	Mounts		yes	no	no	https://krishna-palacio.itch.io/minifantasy-mounts	layered animation, mount, base character, human, orc, elf, halfling, goblin, dwarf
Polar Bear Rider	base character expanded animations	Mounts		yes	no	no	https://krishna-palacio.itch.io/minifantasy-mounts	layered animation, mount, base character, human, orc, elf, halfling, goblin, dwarf
Rhino Rider	base character expanded animations	Mounts		yes	no	no	https://krishna-palacio.itch.io/minifantasy-mounts	layered animation, mount, base character, human, orc, elf, halfling, goblin, dwarf
Tiger Rider	base character expanded animations	Mounts		yes	no	no	https://krishna-palacio.itch.io/minifantasy-mounts	layered animation, mount, base character, human, orc, elf, halfling, goblin, dwarf
Warg Rider	base character expanded animations	Mounts		yes	no	no	https://krishna-palacio.itch.io/minifantasy-mounts	layered animation, mount, base character, human, orc, elf, halfling, goblin, dwarf
Wild Boar Rider	base character expanded animations	Mounts		yes	no	no	https://krishna-palacio.itch.io/minifantasy-mounts	layered animation, mount, base character, human, orc, elf, halfling, goblin, dwarf
Bycicle Rider	base character expanded animations	Mounts		yes	no	no	https://krishna-palacio.itch.io/minifantasy-mounts	layered animation, mount, base character, human, orc, elf, halfling, goblin, dwarf
Canoe Rider	base character expanded animations	Mounts		yes	no	no	https://krishna-palacio.itch.io/minifantasy-mounts	layered animation, mount, base character, human, orc, elf, halfling, goblin, dwarf
Magic Carpet Rider	base character expanded animations	Mounts		yes	no	no	https://krishna-palacio.itch.io/minifantasy-mounts	layered animation, mount, base character, human, orc, elf, halfling, goblin, dwarf
Unicorn Rider	base character expanded animations	Mounts		yes	no	no	https://krishna-palacio.itch.io/minifantasy-mounts	layered animation, mount, base character, human, orc, elf, halfling, goblin, dwarf
War Horse Rider	base character expanded animations	Mounts		yes	no	no	https://krishna-palacio.itch.io/minifantasy-mounts	layered animation, mount, base character, human, orc, elf, halfling, goblin, dwarf
Bard	creature	True Heroes II		yes	no	no	https://krishna-palacio.itch.io/minifantasy-true-heroes-ii	hero, class, apotheosis, dissonant chrod, song, ballad, enhancement, vicious mockery, agressive
Paladin	creature	True Heroes II		yes	no	no	https://krishna-palacio.itch.io/minifantasy-true-heroes-ii	hero, class, dictums, blades of justice, dome of rightfulness, holy hammer, shield bash, agressive
Cleric	creature	True Heroes II		yes	no	no	https://krishna-palacio.itch.io/minifantasy-true-heroes-ii	hero, class, divine fire, prayers, healing words, word of pain, agressive
Spirit Guardian	creature	True Heroes II		yes	no	no	https://krishna-palacio.itch.io/minifantasy-true-heroes-ii	spirit, monster, agressive
Dwarven Polished Stone Wall	tileset	Dwarven Kingdom		yes	no	no	https://krishna-palacio.itch.io/minifantasy-dwarven-kingdom	building, indoor, underground, grey, blue
Dwarven Stone Blocks Wall	tileset	Dwarven Kingdom		yes	no	no	https://krishna-palacio.itch.io/minifantasy-dwarven-kingdom	building, indoor, underground, grey, blue
Dwarven Wall Niche	tileset	Dwarven Kingdom		yes	no	no	https://krishna-palacio.itch.io/minifantasy-dwarven-kingdom	building, indoor, underground, grey, blue
Dwarven Wall Fire Niche	tileset	Dwarven Kingdom		yes	no	no	https://krishna-palacio.itch.io/minifantasy-dwarven-kingdom	building, indoor, underground, grey, blue
Dawarven Polished Stone Pillar	tileset	Dwarven Kingdom		yes	no	no	https://krishna-palacio.itch.io/minifantasy-dwarven-kingdom	building, indoor, underground, grey, blue
Dawarven Stone Blocks Pillar	tileset	Dwarven Kingdom		yes	no	no	https://krishna-palacio.itch.io/minifantasy-dwarven-kingdom	building, indoor, underground, grey, blue
Dwarven Stone Gates	tileset	Dwarven Kingdom		yes	no	no	https://krishna-palacio.itch.io/minifantasy-dwarven-kingdom	building, indoor, underground, grey, blue, brown
Dwarven Stone Windows	tileset	Dwarven Kingdom		yes	no	no	https://krishna-palacio.itch.io/minifantasy-dwarven-kingdom	building, indoor, underground, grey, blue
Dwarven Stone Slabs Floor	tileset	Dwarven Kingdom		yes	no	no	https://krishna-palacio.itch.io/minifantasy-dwarven-kingdom	building, indoor, underground, grey, blue
Dwarven Stone Stairs	tileset	Dwarven Kingdom		yes	no	no	https://krishna-palacio.itch.io/minifantasy-dwarven-kingdom	building, indoor, underground, grey, blue
Dwarven Cave Walls	tileset	Dwarven Kingdom		yes	no	no	https://krishna-palacio.itch.io/minifantasy-dwarven-kingdom	nature, underground, grey, blue, red
Dwarven Cave Floor	tileset	Dwarven Kingdom		yes	no	no	https://krishna-palacio.itch.io/minifantasy-dwarven-kingdom	nature, underground, grey, blue
Stone Chests	manufactured prop	Dwarven Kingdom		yes	no	no	https://krishna-palacio.itch.io/minifantasy-dwarven-kingdom	furniture, brown, grey, purple, black, white, green
Beer Kegs	manufactured prop	Dwarven Kingdom		yes	no	no	https://krishna-palacio.itch.io/minifantasy-dwarven-kingdom	decoration, brown
Beer Cask	manufactured prop	Dwarven Kingdom		yes	no	no	https://krishna-palacio.itch.io/minifantasy-dwarven-kingdom	decoration, brown
Stone Tables	manufactured prop	Dwarven Kingdom		yes	no	no	https://krishna-palacio.itch.io/minifantasy-dwarven-kingdom	furniture, brown, grey, purple, black, white, green
Stone Chairs	manufactured prop	Dwarven Kingdom		yes	no	no	https://krishna-palacio.itch.io/minifantasy-dwarven-kingdom	furniture, brown, grey, purple, black, white, green
Beer Jars	manufactured prop	Dwarven Kingdom		yes	no	no	https://krishna-palacio.itch.io/minifantasy-dwarven-kingdom	decoration, houseware
Wall Weapon Display	manufactured prop	Dwarven Kingdom		yes	no	no	https://krishna-palacio.itch.io/minifantasy-dwarven-kingdom	decoration, wall, brown, grey, purple, black, white, green
Stone Bookshelf	manufactured prop	Dwarven Kingdom		yes	no	no	https://krishna-palacio.itch.io/minifantasy-dwarven-kingdom	furniture, grey, blue
Stone Counter	manufactured prop	Dwarven Kingdom		yes	no	no	https://krishna-palacio.itch.io/minifantasy-dwarven-kingdom	furniture, grey, blue
Stone Beds	manufactured prop	Dwarven Kingdom		yes	no	no	https://krishna-palacio.itch.io/minifantasy-dwarven-kingdom	furniture, grey, blue, cream, red, green
Stone Throne	manufactured prop	Dwarven Kingdom		yes	no	no	https://krishna-palacio.itch.io/minifantasy-dwarven-kingdom	furniture, grey, blue
Stone Fire Place	animated prop	Dwarven Kingdom		yes	no	no	https://krishna-palacio.itch.io/minifantasy-dwarven-kingdom	furniture, grey, blue
Dwarven Carpets	tileset	Dwarven Kingdom		yes	no	no	https://krishna-palacio.itch.io/minifantasy-dwarven-kingdom	decoration, floor, red, cream, green
Dwarven Banners	manufactured prop	Dwarven Kingdom		yes	no	no	https://krishna-palacio.itch.io/minifantasy-dwarven-kingdom	decoration, wall, red, cream, green, golden
Dwarven Statues	manufactured prop	Dwarven Kingdom		yes	no	no	https://krishna-palacio.itch.io/minifantasy-dwarven-kingdom	decoration, grey, blue
Dwaven Statue Torch Holder	animated prop	Dwarven Kingdom		yes	no	no	https://krishna-palacio.itch.io/minifantasy-dwarven-kingdom	decoration, grey, blue
Stone Carved Dwarven Runes	manufactured prop	Dwarven Kingdom		yes	no	no	https://krishna-palacio.itch.io/minifantasy-dwarven-kingdom	decoration, wall, grey, blue, orange, turquoise
Building Foundations	tileset	Builders		yes	no	no	https://krishna-palacio.itch.io/minifantasy-builders	building, profession, crafting, construction, floor
Scaffolding	tileset	Builders		yes	no	no	https://krishna-palacio.itch.io/minifantasy-builders	building, profession, crafting, construction, wall
Pressed Straw Wall (3 construction stages)	tileset	Builders		yes	no	no	https://krishna-palacio.itch.io/minifantasy-builders	building, profession, crafting, construction, wall, yellow
Wooden Palisade Wall (3 construction stages)	tileset	Builders		yes	no	no	https://krishna-palacio.itch.io/minifantasy-builders	building, profession, crafting, construction, wall, Brown
Clay Brick Wall (3 construction stages)	tileset	Builders		yes	no	no	https://krishna-palacio.itch.io/minifantasy-builders	building, profession, crafting, construction, wall, red
Stone Wall (3 construction stages)	tileset	Builders		yes	no	no	https://krishna-palacio.itch.io/minifantasy-builders	building, profession, crafting, construction, wall, grey
Straw Roof	tileset	Builders		yes	no	no	https://krishna-palacio.itch.io/minifantasy-builders	building, profession, crafting, construction, roof, yellow
Wooden Roof	tileset	Builders		yes	no	no	https://krishna-palacio.itch.io/minifantasy-builders	building, profession, crafting, construction, roof, Brown
Clay Roof Tiling	tileset	Builders		yes	no	no	https://krishna-palacio.itch.io/minifantasy-builders	building, profession, crafting, construction, roof, red
Stone Roof Tiling	tileset	Builders		yes	no	no	https://krishna-palacio.itch.io/minifantasy-builders	building, profession, crafting, construction, roof, grey
Pressed Straw Floor	tileset	Builders		yes	no	no	https://krishna-palacio.itch.io/minifantasy-builders	building, profession, crafting, construction, floor, yellow
Wooden Floor	tileset	Builders		yes	no	no	https://krishna-palacio.itch.io/minifantasy-builders	building, profession, crafting, construction, floor, Brown
Clay Brick And Concrete Floor	tileset	Builders		yes	no	no	https://krishna-palacio.itch.io/minifantasy-builders	building, profession, crafting, construction, floor, red
Stone Slabs Floor	tileset	Builders		yes	no	no	https://krishna-palacio.itch.io/minifantasy-builders	building, profession, crafting, construction, floor, grey
Pressed Straw Wall Door (2 construction stages)	tileset	Builders		yes	no	no	https://krishna-palacio.itch.io/minifantasy-builders	building, profession, crafting, construction, wall, yellow
Wooden Palisade Wall Door (2 construction stages)	tileset	Builders		yes	no	no	https://krishna-palacio.itch.io/minifantasy-builders	building, profession, crafting, construction, wall, Brown
Clay Brick Wall Door (2 construction stages)	tileset	Builders		yes	no	no	https://krishna-palacio.itch.io/minifantasy-builders	building, profession, crafting, construction, wall, red
Stone Wall Door (2 construction stages)	tileset	Builders		yes	no	no	https://krishna-palacio.itch.io/minifantasy-builders	building, profession, crafting, construction, wall, grey
Pressed Straw Wall Window (2 construction stages)	tileset	Builders		yes	no	no	https://krishna-palacio.itch.io/minifantasy-builders	building, profession, crafting, construction, wall, yellow
Wooden Palisade Wall Window (2 construction stages)	tileset	Builders		yes	no	no	https://krishna-palacio.itch.io/minifantasy-builders	building, profession, crafting, construction, wall, Brown
Clay Brick Wall Window (2 construction stages)	tileset	Builders		yes	no	no	https://krishna-palacio.itch.io/minifantasy-builders	building, profession, crafting, construction, wall, red
Stone Wall Window (2 construction stages)	tileset	Builders		yes	no	no	https://krishna-palacio.itch.io/minifantasy-builders	building, profession, crafting, construction, wall, grey
Pressed Straw Stairs	tileset	Builders		yes	no	no	https://krishna-palacio.itch.io/minifantasy-builders	building, profession, crafting, construction, yellow
Wooden Stairs	tileset	Builders		yes	no	no	https://krishna-palacio.itch.io/minifantasy-builders	building, profession, crafting, construction, Brown
Clay Brick And Concrete Stairs	tileset	Builders		yes	no	no	https://krishna-palacio.itch.io/minifantasy-builders	building, profession, crafting, construction, red
Stone Stairs	tileset	Builders		yes	no	no	https://krishna-palacio.itch.io/minifantasy-builders	building, profession, crafting, construction, grey
Wooden Wall Contruction Icons	icon	Builders		yes	no	no	https://krishna-palacio.itch.io/minifantasy-builders	building, profession, crafting, construction
Roof Contruction Icon	icon	Builders		yes	no	no	https://krishna-palacio.itch.io/minifantasy-builders	building, profession, crafting, construction
Window Contruction Icon	icon	Builders		yes	no	no	https://krishna-palacio.itch.io/minifantasy-builders	building, profession, crafting, construction
Door Contruction Icon	icon	Builders		yes	no	no	https://krishna-palacio.itch.io/minifantasy-builders	building, profession, crafting, construction
Wooden Log Contruction Icon 	icon	Builders		yes	no	no	https://krishna-palacio.itch.io/minifantasy-builders	building, profession, crafting, construction
Brick Contruction Icon	icon	Builders		yes	no	no	https://krishna-palacio.itch.io/minifantasy-builders	building, profession, crafting, construction
Wooden Plank Contruction Icon	icon	Builders		yes	no	no	https://krishna-palacio.itch.io/minifantasy-builders	building, profession, crafting, construction
Stone Contruction Icon	icon	Builders		yes	no	no	https://krishna-palacio.itch.io/minifantasy-builders	building, profession, crafting, construction
Pressed Straw Contruction Icon	icon	Builders		yes	no	no	https://krishna-palacio.itch.io/minifantasy-builders	building, profession, crafting, construction
Stone Wall Contruction Icons	icon	Builders		yes	no	no	https://krishna-palacio.itch.io/minifantasy-builders	building, profession, crafting, construction
Clay Brick Wall Contruction Icons	icon	Builders		yes	no	no	https://krishna-palacio.itch.io/minifantasy-builders	building, profession, crafting, construction
Pressed Straw Wall Contruction Icons	icon	Builders		yes	no	no	https://krishna-palacio.itch.io/minifantasy-builders	building, profession, crafting, construction
Architect Table	animated prop	Builders		yes	no	no	https://krishna-palacio.itch.io/minifantasy-builders	workstation, crafting station
Brickyard	animated prop	Builders		yes	no	no	https://krishna-palacio.itch.io/minifantasy-builders	workstation, crafting station
Lumber Mill	animated prop	Builders		yes	no	no	https://krishna-palacio.itch.io/minifantasy-builders	workstation, crafting station
Stonecutter	animated prop	Builders		yes	no	no	https://krishna-palacio.itch.io/minifantasy-builders	workstation, crafting station
Straw Press	animated prop	Builders		yes	no	no	https://krishna-palacio.itch.io/minifantasy-builders	workstation, crafting station
Architect Drawing	base character expanded animations	Builders		yes	no	no	https://krishna-palacio.itch.io/minifantasy-builders	layered animation, profession, crafting, construction, base character, human, orc, elf, halfling, goblin, dwarf
Making Bricks	base character expanded animations	Builders		yes	no	no	https://krishna-palacio.itch.io/minifantasy-builders	layered animation, profession, crafting, construction, base character, human, orc, elf, halfling, goblin, dwarf
Sawing Wood	base character expanded animations	Builders		yes	no	no	https://krishna-palacio.itch.io/minifantasy-builders	layered animation, profession, crafting, construction, base character, human, orc, elf, halfling, goblin, dwarf
Cutting Stone	base character expanded animations	Builders		yes	no	no	https://krishna-palacio.itch.io/minifantasy-builders	layered animation, profession, crafting, construction, base character, human, orc, elf, halfling, goblin, dwarf
Pressing Straw	base character expanded animations	Builders		yes	no	no	https://krishna-palacio.itch.io/minifantasy-builders	layered animation, profession, crafting, construction, base character, human, orc, elf, halfling, goblin, dwarf
Building Animation	base character expanded animations	Builders		yes	no	no	https://krishna-palacio.itch.io/minifantasy-builders	profession, crafting, construction, base character, human, orc, elf, halfling, goblin, dwarf
Digging Animation	base character expanded animations	Builders		yes	no	no	https://krishna-palacio.itch.io/minifantasy-builders	profession, crafting, construction, base character, human, orc, elf, halfling, goblin, dwarf
Construction Upgrade Effect	animated effect	Builders		yes	no	no	https://krishna-palacio.itch.io/minifantasy-builders	profession, crafting, construction
Siege Weapons	animated prop	Castles And Strongholds		yes	no	no	https://krishna-palacio.itch.io/minifantasy-castles-and-strongholds	battering, ram, catapult, war, brown
Stone Dock	tileset	Ships And Docks		yes	no	no	https://krishna-palacio.itch.io/minifantasy-ships-and-docks	outdoor, grey, stone
Wooden Pier	tileset	Ships And Docks		yes	no	no	https://krishna-palacio.itch.io/minifantasy-ships-and-docks	outdoor, brown, wood
Ship Hulk 	tileset	Ships And Docks		yes	no	no	https://krishna-palacio.itch.io/minifantasy-ships-and-docks	oudoor, brown, wood
Premade Ship Hulk Modules	premade	Ships And Docks		yes	no	no	https://krishna-palacio.itch.io/minifantasy-ships-and-docks	oudoor, brown, wood
Ship Masts	manufactured prop	Ships And Docks		yes	no	no	https://krishna-palacio.itch.io/minifantasy-ships-and-docks	outdoor, brown, wood
Ship Sails	manufactured prop	Ships And Docks		yes	no	no	https://krishna-palacio.itch.io/minifantasy-ships-and-docks	outdoor, brown, wood, blue, white, black
Ship Interior Walls	tileset	Ships And Docks		yes	no	no	https://krishna-palacio.itch.io/minifantasy-ships-and-docks	indoor, brown, wood
Ship Doors	manufactured prop	Ships And Docks		yes	no	no	https://krishna-palacio.itch.io/minifantasy-ships-and-docks	outdoor, indoor, brown, wood
Ship Windows	manufactured prop	Ships And Docks		yes	no	no	https://krishna-palacio.itch.io/minifantasy-ships-and-docks	outdoor, indoor, brown, wood, glass
Ship Loophole	manufactured prop	Ships And Docks		yes	no	no	https://krishna-palacio.itch.io/minifantasy-ships-and-docks	outdoor, indoor, brown, wood
Ship Stairs	tileset	Ships And Docks		yes	no	no	https://krishna-palacio.itch.io/minifantasy-ships-and-docks	outdoor, indoor, brown, wood
Ship Ladders	manufactured prop	Ships And Docks		yes	no	no	https://krishna-palacio.itch.io/minifantasy-ships-and-docks	outdoor, indoor, brown, wood
Wheel Rudder	manufactured prop	Ships And Docks		yes	no	no	https://krishna-palacio.itch.io/minifantasy-ships-and-docks	brown, wood
Anchor	manufactured prop	Ships And Docks		yes	no	no	https://krishna-palacio.itch.io/minifantasy-ships-and-docks	grey, metal
Chains	manufactured prop	Ships And Docks		yes	no	no	https://krishna-palacio.itch.io/minifantasy-ships-and-docks	grey, metal
Hooks	manufactured prop	Ships And Docks		yes	no	no	https://krishna-palacio.itch.io/minifantasy-ships-and-docks	grey, metal
Ropes	manufactured prop	Ships And Docks		yes	no	no	https://krishna-palacio.itch.io/minifantasy-ships-and-docks	grey, fabric, fibers
Canons	animated prop	Ships And Docks		yes	no	no	https://krishna-palacio.itch.io/minifantasy-ships-and-docks	grey, metal
Grating	tileset	Ships And Docks		yes	no	no	https://krishna-palacio.itch.io/minifantasy-ships-and-docks	grey, metal
Wooden Frame	tileset	Ships And Docks		yes	no	no	https://krishna-palacio.itch.io/minifantasy-ships-and-docks	brown, wood
Lamp	animated prop	Ships And Docks		yes	no	no	https://krishna-palacio.itch.io/minifantasy-ships-and-docks	grey, metal, light source
Bollard	manufactured prop	Ships And Docks		yes	no	no	https://krishna-palacio.itch.io/minifantasy-ships-and-docks	grey, metal
Hung Shark	manufactured prop	Ships And Docks		yes	no	no	https://krishna-palacio.itch.io/minifantasy-ships-and-docks	decoration, grey, white
Ship Beds	manufactured prop	Ships And Docks		yes	no	no	https://krishna-palacio.itch.io/minifantasy-ships-and-docks	furniture, brown
Ship Tables	manufactured prop	Ships And Docks		yes	no	no	https://krishna-palacio.itch.io/minifantasy-ships-and-docks	furniture, brown
Ship Chairs	manufactured prop	Ships And Docks		yes	no	no	https://krishna-palacio.itch.io/minifantasy-ships-and-docks	furniture, brown
Barrels Of Goods	manufactured prop	Ships And Docks		yes	no	no	https://krishna-palacio.itch.io/minifantasy-ships-and-docks	decoration
Treasures	manufactured prop	Ships And Docks		yes	no	no	https://krishna-palacio.itch.io/minifantasy-ships-and-docks	decoration
Sacks Of Goods	manufactured prop	Ships And Docks		yes	no	no	https://krishna-palacio.itch.io/minifantasy-ships-and-docks	decoration
Bookshelves	manufactured prop	Ships And Docks		yes	no	no	https://krishna-palacio.itch.io/minifantasy-ships-and-docks	furniture, brown
Ship Miniature	manufactured prop	Ships And Docks		yes	no	no	https://krishna-palacio.itch.io/minifantasy-ships-and-docks	decoration
Ship Bunk Beds	manufactured prop	Ships And Docks		yes	no	no	https://krishna-palacio.itch.io/minifantasy-ships-and-docks	furniture, brown
Crates	manufactured prop	Ships And Docks		yes	no	no	https://krishna-palacio.itch.io/minifantasy-ships-and-docks	decoration
Ship Flags	animated prop	Ships And Docks		yes	no	no	https://krishna-palacio.itch.io/minifantasy-ships-and-docks	fabric, blue, white, black
Pirate Flag	animated prop	Ships And Docks		yes	no	no	https://krishna-palacio.itch.io/minifantasy-ships-and-docks	fabric, black
Premade Ship (horizontal, exterior)	premade	Ships And Docks		yes	no	no	https://krishna-palacio.itch.io/minifantasy-ships-and-docks	outdoor, building, sample
Premade Ship (vertical, exterior)	premade	Ships And Docks		yes	no	no	https://krishna-palacio.itch.io/minifantasy-ships-and-docks	outdoor, building, sample
Bleeding Status Effect 	animated effect	Magic Weapons And Effects		yes	no	no	https://krishna-palacio.itch.io/minifantasy-magic-weapons-and-effects	layered animation, vfx
Fear Status Effect 	animated effect	Magic Weapons And Effects		yes	no	no	https://krishna-palacio.itch.io/minifantasy-magic-weapons-and-effects	layered animation, vfx
Fire Status Effect 	animated effect	Magic Weapons And Effects		yes	no	no	https://krishna-palacio.itch.io/minifantasy-magic-weapons-and-effects	layered animation, vfx
Ice Status Effect 	animated effect	Magic Weapons And Effects		yes	no	no	https://krishna-palacio.itch.io/minifantasy-magic-weapons-and-effects	layered animation, vfx
Nature Status Effect 	animated effect	Magic Weapons And Effects		yes	no	no	https://krishna-palacio.itch.io/minifantasy-magic-weapons-and-effects	layered animation, vfx
Petrification Status Effect 	animated effect	Magic Weapons And Effects		yes	no	no	https://krishna-palacio.itch.io/minifantasy-magic-weapons-and-effects	layered animation, vfx
Poisson Status Effect 	animated effect	Magic Weapons And Effects		yes	no	no	https://krishna-palacio.itch.io/minifantasy-magic-weapons-and-effects	layered animation, vfx
Shock Status Effect 	animated effect	Magic Weapons And Effects		yes	no	no	https://krishna-palacio.itch.io/minifantasy-magic-weapons-and-effects	layered animation, vfx
Sickness Status Effect 	animated effect	Magic Weapons And Effects		yes	no	no	https://krishna-palacio.itch.io/minifantasy-magic-weapons-and-effects	layered animation, vfx
Sleep Status Effect 	animated effect	Magic Weapons And Effects		yes	no	no	https://krishna-palacio.itch.io/minifantasy-magic-weapons-and-effects	layered animation, vfx
Stun Status Effect 	animated effect	Magic Weapons And Effects		yes	no	no	https://krishna-palacio.itch.io/minifantasy-magic-weapons-and-effects	layered animation, vfx
Bleeding Hit Effect	animated effect	Magic Weapons And Effects		yes	no	no	https://krishna-palacio.itch.io/minifantasy-magic-weapons-and-effects	layered animation, vfx
Fear Hit Effect	animated effect	Magic Weapons And Effects		yes	no	no	https://krishna-palacio.itch.io/minifantasy-magic-weapons-and-effects	layered animation, vfx
Fire Hit Effect	animated effect	Magic Weapons And Effects		yes	no	no	https://krishna-palacio.itch.io/minifantasy-magic-weapons-and-effects	layered animation, vfx
Ice Hit Effect	animated effect	Magic Weapons And Effects		yes	no	no	https://krishna-palacio.itch.io/minifantasy-magic-weapons-and-effects	layered animation, vfx
Nature Hit Effect	animated effect	Magic Weapons And Effects		yes	no	no	https://krishna-palacio.itch.io/minifantasy-magic-weapons-and-effects	layered animation, vfx
Petrification Hit Effect	animated effect	Magic Weapons And Effects		yes	no	no	https://krishna-palacio.itch.io/minifantasy-magic-weapons-and-effects	layered animation, vfx
Poisson Hit Effect	animated effect	Magic Weapons And Effects		yes	no	no	https://krishna-palacio.itch.io/minifantasy-magic-weapons-and-effects	layered animation, vfx
Shock Hit Effect	animated effect	Magic Weapons And Effects		yes	no	no	https://krishna-palacio.itch.io/minifantasy-magic-weapons-and-effects	layered animation, vfx
Sickness Hit Effect	animated effect	Magic Weapons And Effects		yes	no	no	https://krishna-palacio.itch.io/minifantasy-magic-weapons-and-effects	layered animation, vfx
Sleep Hit Effect	animated effect	Magic Weapons And Effects		yes	no	no	https://krishna-palacio.itch.io/minifantasy-magic-weapons-and-effects	layered animation, vfx
Stun Hit Effect 	animated effect	Magic Weapons And Effects		yes	no	no	https://krishna-palacio.itch.io/minifantasy-magic-weapons-and-effects	layered animation, vfx
Bleeding Flail Attack Effect	animated effect	Magic Weapons And Effects		yes	no	no	https://krishna-palacio.itch.io/minifantasy-magic-weapons-and-effects	layered animation, vfx, weapon, base character, human, orc, elf, halfling, goblin, dwarf, flail
Fear Flail Attack Effect	animated effect	Magic Weapons And Effects		yes	no	no	https://krishna-palacio.itch.io/minifantasy-magic-weapons-and-effects	layered animation, vfx, weapon, base character, human, orc, elf, halfling, goblin, dwarf, flail
Fire Flail Attack Effect	animated effect	Magic Weapons And Effects		yes	no	no	https://krishna-palacio.itch.io/minifantasy-magic-weapons-and-effects	layered animation, vfx, weapon, base character, human, orc, elf, halfling, goblin, dwarf, flail
Ice Flail Attack Effect	animated effect	Magic Weapons And Effects		yes	no	no	https://krishna-palacio.itch.io/minifantasy-magic-weapons-and-effects	layered animation, vfx, weapon, base character, human, orc, elf, halfling, goblin, dwarf, flail
Nature Flail Attack Effect	animated effect	Magic Weapons And Effects		yes	no	no	https://krishna-palacio.itch.io/minifantasy-magic-weapons-and-effects	layered animation, vfx, weapon, base character, human, orc, elf, halfling, goblin, dwarf, flail
Petrification Flail Attack Effect	animated effect	Magic Weapons And Effects		yes	no	no	https://krishna-palacio.itch.io/minifantasy-magic-weapons-and-effects	layered animation, vfx, weapon, base character, human, orc, elf, halfling, goblin, dwarf, flail
Poisson Flail Attack Effect	animated effect	Magic Weapons And Effects		yes	no	no	https://krishna-palacio.itch.io/minifantasy-magic-weapons-and-effects	layered animation, vfx, weapon, base character, human, orc, elf, halfling, goblin, dwarf, flail
Shock Flail Attack Effect	animated effect	Magic Weapons And Effects		yes	no	no	https://krishna-palacio.itch.io/minifantasy-magic-weapons-and-effects	layered animation, vfx, weapon, base character, human, orc, elf, halfling, goblin, dwarf, flail
Sickness Flail Attack Effect	animated effect	Magic Weapons And Effects		yes	no	no	https://krishna-palacio.itch.io/minifantasy-magic-weapons-and-effects	layered animation, vfx, weapon, base character, human, orc, elf, halfling, goblin, dwarf, flail
Sleep Flail Attack Effect	animated effect	Magic Weapons And Effects		yes	no	no	https://krishna-palacio.itch.io/minifantasy-magic-weapons-and-effects	layered animation, vfx, weapon, base character, human, orc, elf, halfling, goblin, dwarf, flail
Stun Flail Attack Effect	animated effect	Magic Weapons And Effects		yes	no	no	https://krishna-palacio.itch.io/minifantasy-magic-weapons-and-effects	layered animation, vfx, weapon, base character, human, orc, elf, halfling, goblin, dwarf, flail
Bleeding Lash Attack Effect	animated effect	Magic Weapons And Effects		yes	no	no	https://krishna-palacio.itch.io/minifantasy-magic-weapons-and-effects	layered animation, vfx, weapon, base character, human, orc, elf, halfling, goblin, dwarf, whip
Fear Lash Attack Effect	animated effect	Magic Weapons And Effects		yes	no	no	https://krishna-palacio.itch.io/minifantasy-magic-weapons-and-effects	layered animation, vfx, weapon, base character, human, orc, elf, halfling, goblin, dwarf, whip
Fire Lash Attack Effect	animated effect	Magic Weapons And Effects		yes	no	no	https://krishna-palacio.itch.io/minifantasy-magic-weapons-and-effects	layered animation, vfx, weapon, base character, human, orc, elf, halfling, goblin, dwarf, whip
Ice Lash Attack Effect	animated effect	Magic Weapons And Effects		yes	no	no	https://krishna-palacio.itch.io/minifantasy-magic-weapons-and-effects	layered animation, vfx, weapon, base character, human, orc, elf, halfling, goblin, dwarf, whip
Nature Lash Attack Effect	animated effect	Magic Weapons And Effects		yes	no	no	https://krishna-palacio.itch.io/minifantasy-magic-weapons-and-effects	layered animation, vfx, weapon, base character, human, orc, elf, halfling, goblin, dwarf, whip
Petrification Lash Attack Effect	animated effect	Magic Weapons And Effects		yes	no	no	https://krishna-palacio.itch.io/minifantasy-magic-weapons-and-effects	layered animation, vfx, weapon, base character, human, orc, elf, halfling, goblin, dwarf, whip
Poisson Lash Attack Effect	animated effect	Magic Weapons And Effects		yes	no	no	https://krishna-palacio.itch.io/minifantasy-magic-weapons-and-effects	layered animation, vfx, weapon, base character, human, orc, elf, halfling, goblin, dwarf, whip
Shock Lash Attack Effect	animated effect	Magic Weapons And Effects		yes	no	no	https://krishna-palacio.itch.io/minifantasy-magic-weapons-and-effects	layered animation, vfx, weapon, base character, human, orc, elf, halfling, goblin, dwarf, whip
Sickness Lash Attack Effect	animated effect	Magic Weapons And Effects		yes	no	no	https://krishna-palacio.itch.io/minifantasy-magic-weapons-and-effects	layered animation, vfx, weapon, base character, human, orc, elf, halfling, goblin, dwarf, whip
Sleep Lash Attack Effect	animated effect	Magic Weapons And Effects		yes	no	no	https://krishna-palacio.itch.io/minifantasy-magic-weapons-and-effects	layered animation, vfx, weapon, base character, human, orc, elf, halfling, goblin, dwarf, whip
Stun Lash Attack Effect	animated effect	Magic Weapons And Effects		yes	no	no	https://krishna-palacio.itch.io/minifantasy-magic-weapons-and-effects	layered animation, vfx, weapon, base character, human, orc, elf, halfling, goblin, dwarf, whip
Bleeding Pierce Attack Effect	animated effect	Magic Weapons And Effects		yes	no	no	https://krishna-palacio.itch.io/minifantasy-magic-weapons-and-effects	layered animation, vfx, weapon, base character, human, orc, elf, halfling, goblin, dwarf, spear
Fear Pierce Attack Effect	animated effect	Magic Weapons And Effects		yes	no	no	https://krishna-palacio.itch.io/minifantasy-magic-weapons-and-effects	layered animation, vfx, weapon, base character, human, orc, elf, halfling, goblin, dwarf, spear
Fire Pierce Attack Effect	animated effect	Magic Weapons And Effects		yes	no	no	https://krishna-palacio.itch.io/minifantasy-magic-weapons-and-effects	layered animation, vfx, weapon, base character, human, orc, elf, halfling, goblin, dwarf, spear
Ice Pierce Attack Effect	animated effect	Magic Weapons And Effects		yes	no	no	https://krishna-palacio.itch.io/minifantasy-magic-weapons-and-effects	layered animation, vfx, weapon, base character, human, orc, elf, halfling, goblin, dwarf, spear
Nature Pierce Attack Effect	animated effect	Magic Weapons And Effects		yes	no	no	https://krishna-palacio.itch.io/minifantasy-magic-weapons-and-effects	layered animation, vfx, weapon, base character, human, orc, elf, halfling, goblin, dwarf, spear
Petrification Pierce Attack Effect	animated effect	Magic Weapons And Effects		yes	no	no	https://krishna-palacio.itch.io/minifantasy-magic-weapons-and-effects	layered animation, vfx, weapon, base character, human, orc, elf, halfling, goblin, dwarf, spear
Poisson Pierce Attack Effect	animated effect	Magic Weapons And Effects		yes	no	no	https://krishna-palacio.itch.io/minifantasy-magic-weapons-and-effects	layered animation, vfx, weapon, base character, human, orc, elf, halfling, goblin, dwarf, spear
Shock Pierce Attack Effect	animated effect	Magic Weapons And Effects		yes	no	no	https://krishna-palacio.itch.io/minifantasy-magic-weapons-and-effects	layered animation, vfx, weapon, base character, human, orc, elf, halfling, goblin, dwarf, spear
Sickness Pierce Attack Effect	animated effect	Magic Weapons And Effects		yes	no	no	https://krishna-palacio.itch.io/minifantasy-magic-weapons-and-effects	layered animation, vfx, weapon, base character, human, orc, elf, halfling, goblin, dwarf, spear
Sleep Pierce Attack Effect	animated effect	Magic Weapons And Effects		yes	no	no	https://krishna-palacio.itch.io/minifantasy-magic-weapons-and-effects	layered animation, vfx, weapon, base character, human, orc, elf, halfling, goblin, dwarf, spear
Stun Pierce Attack Effect	animated effect	Magic Weapons And Effects		yes	no	no	https://krishna-palacio.itch.io/minifantasy-magic-weapons-and-effects	layered animation, vfx, weapon, base character, human, orc, elf, halfling, goblin, dwarf, spear
Bleeding Shot Attack Effect	animated effect	Magic Weapons And Effects		yes	no	no	https://krishna-palacio.itch.io/minifantasy-magic-weapons-and-effects	layered animation, vfx, weapon, base character, human, orc, elf, halfling, goblin, dwarf, bow
Fear Shot Attack Effect	animated effect	Magic Weapons And Effects		yes	no	no	https://krishna-palacio.itch.io/minifantasy-magic-weapons-and-effects	layered animation, vfx, weapon, base character, human, orc, elf, halfling, goblin, dwarf, bow
Fire Shot Attack Effect	animated effect	Magic Weapons And Effects		yes	no	no	https://krishna-palacio.itch.io/minifantasy-magic-weapons-and-effects	layered animation, vfx, weapon, base character, human, orc, elf, halfling, goblin, dwarf, bow
Ice Shot Attack Effect	animated effect	Magic Weapons And Effects		yes	no	no	https://krishna-palacio.itch.io/minifantasy-magic-weapons-and-effects	layered animation, vfx, weapon, base character, human, orc, elf, halfling, goblin, dwarf, bow
Nature Shot Attack Effect	animated effect	Magic Weapons And Effects		yes	no	no	https://krishna-palacio.itch.io/minifantasy-magic-weapons-and-effects	layered animation, vfx, weapon, base character, human, orc, elf, halfling, goblin, dwarf, bow
Petrification Shot Attack Effect	animated effect	Magic Weapons And Effects		yes	no	no	https://krishna-palacio.itch.io/minifantasy-magic-weapons-and-effects	layered animation, vfx, weapon, base character, human, orc, elf, halfling, goblin, dwarf, bow
Poisson Shot Attack Effect	animated effect	Magic Weapons And Effects		yes	no	no	https://krishna-palacio.itch.io/minifantasy-magic-weapons-and-effects	layered animation, vfx, weapon, base character, human, orc, elf, halfling, goblin, dwarf, bow
Shock Shot Attack Effect	animated effect	Magic Weapons And Effects		yes	no	no	https://krishna-palacio.itch.io/minifantasy-magic-weapons-and-effects	layered animation, vfx, weapon, base character, human, orc, elf, halfling, goblin, dwarf, bow
Sickness Shot Attack Effect	animated effect	Magic Weapons And Effects		yes	no	no	https://krishna-palacio.itch.io/minifantasy-magic-weapons-and-effects	layered animation, vfx, weapon, base character, human, orc, elf, halfling, goblin, dwarf, bow
Sleep Shot Attack Effect	animated effect	Magic Weapons And Effects		yes	no	no	https://krishna-palacio.itch.io/minifantasy-magic-weapons-and-effects	layered animation, vfx, weapon, base character, human, orc, elf, halfling, goblin, dwarf, bow
Stun Shot Attack Effect	animated effect	Magic Weapons And Effects		yes	no	no	https://krishna-palacio.itch.io/minifantasy-magic-weapons-and-effects	layered animation, vfx, weapon, base character, human, orc, elf, halfling, goblin, dwarf, bow
Bleeding Slash Attack Effect	animated effect	Magic Weapons And Effects		yes	no	no	https://krishna-palacio.itch.io/minifantasy-magic-weapons-and-effects	layered animation, vfx, weapon, base character, human, orc, elf, halfling, goblin, dwarf, dagger, sword, longsword
Fear Slash Attack Effect	animated effect	Magic Weapons And Effects		yes	no	no	https://krishna-palacio.itch.io/minifantasy-magic-weapons-and-effects	layered animation, vfx, weapon, base character, human, orc, elf, halfling, goblin, dwarf, dagger, sword, longsword
Fire Slash Attack Effect	animated effect	Magic Weapons And Effects		yes	no	no	https://krishna-palacio.itch.io/minifantasy-magic-weapons-and-effects	layered animation, vfx, weapon, base character, human, orc, elf, halfling, goblin, dwarf, dagger, sword, longsword
Ice Slash Attack Effect	animated effect	Magic Weapons And Effects		yes	no	no	https://krishna-palacio.itch.io/minifantasy-magic-weapons-and-effects	layered animation, vfx, weapon, base character, human, orc, elf, halfling, goblin, dwarf, dagger, sword, longsword
Nature Slash Attack Effect	animated effect	Magic Weapons And Effects		yes	no	no	https://krishna-palacio.itch.io/minifantasy-magic-weapons-and-effects	layered animation, vfx, weapon, base character, human, orc, elf, halfling, goblin, dwarf, dagger, sword, longsword
Petrification Slash Attack Effect	animated effect	Magic Weapons And Effects		yes	no	no	https://krishna-palacio.itch.io/minifantasy-magic-weapons-and-effects	layered animation, vfx, weapon, base character, human, orc, elf, halfling, goblin, dwarf, dagger, sword, longsword
Poisson Slash Attack Effect	animated effect	Magic Weapons And Effects		yes	no	no	https://krishna-palacio.itch.io/minifantasy-magic-weapons-and-effects	layered animation, vfx, weapon, base character, human, orc, elf, halfling, goblin, dwarf, dagger, sword, longsword
Shock Slash Attack Effect	animated effect	Magic Weapons And Effects		yes	no	no	https://krishna-palacio.itch.io/minifantasy-magic-weapons-and-effects	layered animation, vfx, weapon, base character, human, orc, elf, halfling, goblin, dwarf, dagger, sword, longsword
Sickness Slash Attack Effect	animated effect	Magic Weapons And Effects		yes	no	no	https://krishna-palacio.itch.io/minifantasy-magic-weapons-and-effects	layered animation, vfx, weapon, base character, human, orc, elf, halfling, goblin, dwarf, dagger, sword, longsword
Sleep Slash Attack Effect	animated effect	Magic Weapons And Effects		yes	no	no	https://krishna-palacio.itch.io/minifantasy-magic-weapons-and-effects	layered animation, vfx, weapon, base character, human, orc, elf, halfling, goblin, dwarf, dagger, sword, longsword
Stun Slash Attack Effect	animated effect	Magic Weapons And Effects		yes	no	no	https://krishna-palacio.itch.io/minifantasy-magic-weapons-and-effects	layered animation, vfx, weapon, base character, human, orc, elf, halfling, goblin, dwarf, dagger, sword, longsword
Iceberg Blade	animated effect	Magic Weapons And Effects		yes	no	no	https://krishna-palacio.itch.io/minifantasy-magic-weapons-and-effects	layered animation, vfx, weapon, base character, human, orc, elf, halfling, goblin, dwarf, legendary
Thunderbolt Sword	animated effect	Magic Weapons And Effects		yes	no	no	https://krishna-palacio.itch.io/minifantasy-magic-weapons-and-effects	layered animation, vfx, weapon, base character, human, orc, elf, halfling, goblin, dwarf, legendary
Viper Scimitar	animated effect	Magic Weapons And Effects		yes	no	no	https://krishna-palacio.itch.io/minifantasy-magic-weapons-and-effects	layered animation, vfx, weapon, base character, human, orc, elf, halfling, goblin, dwarf, legendary
Volcano Mace	animated effect	Magic Weapons And Effects		yes	no	no	https://krishna-palacio.itch.io/minifantasy-magic-weapons-and-effects	layered animation, vfx, weapon, base character, human, orc, elf, halfling, goblin, dwarf, legendary
Lost Civ Wall	tileset	Lost Civilization		yes	no	no	https://krishna-palacio.itch.io/minifantasy-lost-civilization	outdoor, indoor, beige, sandstone, ruins
Ruined Lost Civ Wall	tileset	Lost Civilization		yes	no	no	https://krishna-palacio.itch.io/minifantasy-lost-civilization	outdoor, indoor, beige, sandstone, ruins
Lost Civ Platform	tileset	Lost Civilization		yes	no	no	https://krishna-palacio.itch.io/minifantasy-lost-civilization	outdoor, indoor, beige, sandstone, ruins
Lost Civ Pillars	tileset	Lost Civilization		yes	no	no	https://krishna-palacio.itch.io/minifantasy-lost-civilization	outdoor, indoor, beige, sandstone, ruins
Lost Civ Stairs	tileset	Lost Civilization		yes	no	no	https://krishna-palacio.itch.io/minifantasy-lost-civilization	outdoor, indoor, beige, sandstone, ruins
Lost Civ Windows	tileset	Lost Civilization		yes	no	no	https://krishna-palacio.itch.io/minifantasy-lost-civilization	outdoor, indoor, beige, sandstone, ruins, tech
Lost Civ Gates	animated prop	Lost Civilization		yes	no	no	https://krishna-palacio.itch.io/minifantasy-lost-civilization	outdoor, indoor, beige, sandstone, ruins, tech
Grass	tileset	Lost Civilization		yes	no	no	https://krishna-palacio.itch.io/minifantasy-lost-civilization	nature, outdoor, green
Dirt Soil	tileset	Lost Civilization		yes	no	no	https://krishna-palacio.itch.io/minifantasy-lost-civilization	nature, outdoor, brown
Dirt Path	tileset	Lost Civilization		yes	no	no	https://krishna-palacio.itch.io/minifantasy-lost-civilization	nature, outdoor, brown
Grass/Dirt Transition	tileset	Lost Civilization		yes	no	no	https://krishna-palacio.itch.io/minifantasy-lost-civilization	nature, outdoor, green, brown
Sandstone Wall Blocks	manufactured prop	Lost Civilization		yes	no	no	https://krishna-palacio.itch.io/minifantasy-lost-civilization	outdoor, indoor, beige, sandstone, ruins
Bindweeds	natural prop	Lost Civilization		yes	no	no	https://krishna-palacio.itch.io/minifantasy-lost-civilization	nature, outdoor, green
Pyramidal Monolith	manufactured prop	Lost Civilization		yes	no	no	https://krishna-palacio.itch.io/minifantasy-lost-civilization	outdoor, beige, sandstone, ruins
Mysterious Spheres	manufactured prop	Lost Civilization		yes	no	no	https://krishna-palacio.itch.io/minifantasy-lost-civilization	outdoor, grey, alloy, ruins, tech
Floating Mysterious Spheres	animated prop	Lost Civilization		yes	no	no	https://krishna-palacio.itch.io/minifantasy-lost-civilization	outdoor, grey, alloy, ruins, tech
Floating Pyramidal Monolith	animated prop	Lost Civilization		yes	no	no	https://krishna-palacio.itch.io/minifantasy-lost-civilization	outdoor, beige, sandstone, ruins
Crystals	animated prop	Lost Civilization		yes	no	no	https://krishna-palacio.itch.io/minifantasy-lost-civilization	tech, magic
Shattered Crystals	manufactured prop	Lost Civilization		yes	no	no	https://krishna-palacio.itch.io/minifantasy-lost-civilization	tech, magic
Giant Gears	animated prop	Lost Civilization		yes	no	no	https://krishna-palacio.itch.io/minifantasy-lost-civilization	grey, alloy, ruins, tech
Alloy Tables	manufactured prop	Lost Civilization		yes	no	no	https://krishna-palacio.itch.io/minifantasy-lost-civilization	grey, alloy, tech, furnitue
Alloy Chairs	manufactured prop	Lost Civilization		yes	no	no	https://krishna-palacio.itch.io/minifantasy-lost-civilization	grey, alloy, tech, furnitue
Alloy Throne	manufactured prop	Lost Civilization		yes	no	no	https://krishna-palacio.itch.io/minifantasy-lost-civilization	grey, alloy, tech, furnitue
Alloy Shelf	manufactured prop	Lost Civilization		yes	no	no	https://krishna-palacio.itch.io/minifantasy-lost-civilization	grey, alloy, tech, furnitue
Alloy Tech Device	manufactured prop	Lost Civilization		yes	no	no	https://krishna-palacio.itch.io/minifantasy-lost-civilization	grey, alloy, tech, furnitue
Lost Civ Floor 	tileset	Lost Civilization		yes	no	no	https://krishna-palacio.itch.io/minifantasy-lost-civilization	floor, outdoor, indoor, orange, blue, grey, purple, tech
Jungle Dirt	tileset	Lost Jungle		yes	no	no	https://krishna-palacio.itch.io/minifantasy-lost-jungle	nature, outdoor, brown
Jungle Grass	tileset	Lost Jungle		yes	no	no	https://krishna-palacio.itch.io/minifantasy-lost-jungle	nature, outdoor, green
Jungle Pond	animated tileset	Lost Jungle		yes	no	no	https://krishna-palacio.itch.io/minifantasy-lost-jungle	nature, outdoor, beige
Jungle Cliff	tileset	Lost Jungle		yes	no	no	https://krishna-palacio.itch.io/minifantasy-lost-jungle	nature, outdoor, grey
Thick Jungle Trunk	tileset	Lost Jungle		yes	no	no	https://krishna-palacio.itch.io/minifantasy-lost-jungle	nature, outdoor, brown
Thick Jungle Treetop	tileset	Lost Jungle		yes	no	no	https://krishna-palacio.itch.io/minifantasy-lost-jungle	nature, outdoor, green
Jungle Branches	natural prop	Lost Jungle		yes	no	no	https://krishna-palacio.itch.io/minifantasy-lost-jungle	nature, outdoor, brown
Jungle Lianas	natural prop	Lost Jungle		yes	no	no	https://krishna-palacio.itch.io/minifantasy-lost-jungle	nature, outdoor, green
Jungle Weeds	natural prop	Lost Jungle		yes	no	no	https://krishna-palacio.itch.io/minifantasy-lost-jungle	nature, outdoor, green
Tropical Plants	natural prop	Lost Jungle		yes	no	no	https://krishna-palacio.itch.io/minifantasy-lost-jungle	nature, outdoor, green
Exotic Flowers	natural prop	Lost Jungle		yes	no	no	https://krishna-palacio.itch.io/minifantasy-lost-jungle	nature, outdoor, green, red, purple, yellow, blue
Lily Pads	natural prop	Lost Jungle		yes	no	no	https://krishna-palacio.itch.io/minifantasy-lost-jungle	nature, outdoor, green
Stegosaurus	creature	Lost Jungle		yes	no	no	https://krishna-palacio.itch.io/minifantasy-lost-jungle	animal, dinosaur, monster, agressive
Triceratops	creature	Lost Jungle		yes	no	no	https://krishna-palacio.itch.io/minifantasy-lost-jungle	animal, dinosaur, monster, agressive
Raptor	creature	Lost Jungle		yes	no	no	https://krishna-palacio.itch.io/minifantasy-lost-jungle	animal, dinosaur, monster, agressive
Jungle Cliff Slope	tileset	Lost Jungle		yes	no	no	https://krishna-palacio.itch.io/minifantasy-lost-jungle	nature, outdoor, grey
Jungle Grass/Dirt Transition	tileset	Lost Jungle		yes	no	no	https://krishna-palacio.itch.io/minifantasy-lost-jungle	nature, outdoor, brown, green
Premade Jungle Sample	premade	Lost Jungle		yes	no	no	https://krishna-palacio.itch.io/minifantasy-lost-jungle	outdoor, sample
Nordic Slate Roof	tileset	Temples And Shrines		yes	no	no	https://krishna-palacio.itch.io/minifantasy-temples-and-shrines	building, outdoor, black, grey
Nordic Sturdy Wooden Walls	tileset	Temples And Shrines		yes	no	no	https://krishna-palacio.itch.io/minifantasy-temples-and-shrines	building, outdoor, indoor, brown
Nordic Studded Doors	tileset	Temples And Shrines		yes	no	no	https://krishna-palacio.itch.io/minifantasy-temples-and-shrines	building, outdoor, indoor, brown
Nordic Fired Clay Floor Tiles	tileset	Temples And Shrines		yes	no	no	https://krishna-palacio.itch.io/minifantasy-temples-and-shrines	building, indoor, brown, floor, dark
Mosaic Floor	tileset	Temples And Shrines		yes	no	no	https://krishna-palacio.itch.io/minifantasy-temples-and-shrines	building, outdoor, indoor, black, white, blue, floor
Slate Platform	tileset	Temples And Shrines		yes	no	no	https://krishna-palacio.itch.io/minifantasy-temples-and-shrines	building, outdoor, indoor, black, grey
Stone Roadway	tileset	Temples And Shrines		yes	no	no	https://krishna-palacio.itch.io/minifantasy-temples-and-shrines	outdoor, grey, blueish, dark
Eastern Porcelain Tile Roof	tileset	Temples And Shrines		yes	no	no	https://krishna-palacio.itch.io/minifantasy-temples-and-shrines	building, outdoor, blue
Eastern Light Wooden Walls	tileset	Temples And Shrines		yes	no	no	https://krishna-palacio.itch.io/minifantasy-temples-and-shrines	building, outdoor, indoor, brown, blue
Eastern Sliding Paper Doors	tileset	Temples And Shrines		yes	no	no	https://krishna-palacio.itch.io/minifantasy-temples-and-shrines	building, outdoor, indoor, brown, blue
Eastern Tatami Floor	tileset	Temples And Shrines		yes	no	no	https://krishna-palacio.itch.io/minifantasy-temples-and-shrines	building, indoor, beige, floor
Wooden Platform	tileset	Temples And Shrines		yes	no	no	https://krishna-palacio.itch.io/minifantasy-temples-and-shrines	building, outdoor, indoor, brown
Classic Marble Tile Roof	tileset	Temples And Shrines		yes	no	no	https://krishna-palacio.itch.io/minifantasy-temples-and-shrines	building, outdoor, grey
Classic Marble Block Wall	tileset	Temples And Shrines		yes	no	no	https://krishna-palacio.itch.io/minifantasy-temples-and-shrines	building, indoor, outdoor, grey
Classic Golden Doors	tileset	Temples And Shrines		yes	no	no	https://krishna-palacio.itch.io/minifantasy-temples-and-shrines	building, indoor, outdoor, golden
Classic Dark Marble Floor Tiles	tileset	Temples And Shrines		yes	no	no	https://krishna-palacio.itch.io/minifantasy-temples-and-shrines	building, indoor, grey, floor
Marble Platform	tileset	Temples And Shrines		yes	no	no	https://krishna-palacio.itch.io/minifantasy-temples-and-shrines	building, indoor, outdoor, grey
Dragon Statue	manufactured prop	Temples And Shrines		yes	no	no	https://krishna-palacio.itch.io/minifantasy-temples-and-shrines	indoor, outdoor, decoration, stone, iron, wooden, silver, gold, bronze
Human Statue	manufactured prop	Temples And Shrines		yes	no	no	https://krishna-palacio.itch.io/minifantasy-temples-and-shrines	indoor, outdoor, decoration, stone, iron, wooden, silver, gold, bronze
Elf Statue	manufactured prop	Temples And Shrines		yes	no	no	https://krishna-palacio.itch.io/minifantasy-temples-and-shrines	indoor, outdoor, decoration, stone, iron, wooden, silver, gold, bronze
Orc Statue	manufactured prop	Temples And Shrines		yes	no	no	https://krishna-palacio.itch.io/minifantasy-temples-and-shrines	indoor, outdoor, decoration, stone, iron, wooden, silver, gold, bronze
Halfling Statue	manufactured prop	Temples And Shrines		yes	no	no	https://krishna-palacio.itch.io/minifantasy-temples-and-shrines	indoor, outdoor, decoration, stone, iron, wooden, silver, gold, bronze
Dwarf Statue	manufactured prop	Temples And Shrines		yes	no	no	https://krishna-palacio.itch.io/minifantasy-temples-and-shrines	indoor, outdoor, decoration, stone, iron, wooden, silver, gold, bronze
Barbarian Statue	manufactured prop	Temples And Shrines		yes	no	no	https://krishna-palacio.itch.io/minifantasy-temples-and-shrines	indoor, outdoor, decoration, stone, iron, wooden, silver, gold, bronze
Druid Statue	manufactured prop	Temples And Shrines		yes	no	no	https://krishna-palacio.itch.io/minifantasy-temples-and-shrines	indoor, outdoor, decoration, stone, iron, wooden, silver, gold, bronze
Thief Statue	manufactured prop	Temples And Shrines		yes	no	no	https://krishna-palacio.itch.io/minifantasy-temples-and-shrines	indoor, outdoor, decoration, stone, iron, wooden, silver, gold, bronze
Paladin Statue	manufactured prop	Temples And Shrines		yes	no	no	https://krishna-palacio.itch.io/minifantasy-temples-and-shrines	indoor, outdoor, decoration, stone, iron, wooden, silver, gold, bronze
Cleric Statue	manufactured prop	Temples And Shrines		yes	no	no	https://krishna-palacio.itch.io/minifantasy-temples-and-shrines	indoor, outdoor, decoration, stone, iron, wooden, silver, gold, bronze
Bard Statue	manufactured prop	Temples And Shrines		yes	no	no	https://krishna-palacio.itch.io/minifantasy-temples-and-shrines	indoor, outdoor, decoration, stone, iron, wooden, silver, gold, bronze
Cultist Statue	manufactured prop	Temples And Shrines		yes	no	no	https://krishna-palacio.itch.io/minifantasy-temples-and-shrines	indoor, outdoor, decoration, stone, iron, wooden, silver, gold, bronze
Demon Statue	manufactured prop	Temples And Shrines		yes	no	no	https://krishna-palacio.itch.io/minifantasy-temples-and-shrines	indoor, outdoor, decoration, stone, iron, wooden, silver, gold, bronze
Centaur Statue	manufactured prop	Temples And Shrines		yes	no	no	https://krishna-palacio.itch.io/minifantasy-temples-and-shrines	indoor, outdoor, decoration, stone, iron, wooden, silver, gold, bronze
Angel Statue	manufactured prop	Temples And Shrines		yes	no	no	https://krishna-palacio.itch.io/minifantasy-temples-and-shrines	indoor, outdoor, decoration, stone, iron, wooden, silver, gold, bronze
Cyclop Statue	manufactured prop	Temples And Shrines		yes	no	no	https://krishna-palacio.itch.io/minifantasy-temples-and-shrines	indoor, outdoor, decoration, stone, iron, wooden, silver, gold, bronze
Minotaur Statue	manufactured prop	Temples And Shrines		yes	no	no	https://krishna-palacio.itch.io/minifantasy-temples-and-shrines	indoor, outdoor, decoration, stone, iron, wooden, silver, gold, bronze
Yeti Statue	manufactured prop	Temples And Shrines		yes	no	no	https://krishna-palacio.itch.io/minifantasy-temples-and-shrines	indoor, outdoor, decoration, stone, iron, wooden, silver, gold, bronze
Tentacle Statue	manufactured prop	Temples And Shrines		yes	no	no	https://krishna-palacio.itch.io/minifantasy-temples-and-shrines	indoor, outdoor, decoration, stone, iron, wooden, silver, gold, bronze
Temple Columns	manufactured prop	Temples And Shrines		yes	no	no	https://krishna-palacio.itch.io/minifantasy-temples-and-shrines	Wooden, stone, grey, brown, indoor, outdoor
Temple Gates (tori)	manufactured prop	Temples And Shrines		yes	no	no	https://krishna-palacio.itch.io/minifantasy-temples-and-shrines	Wooden, stone, grey, brown, indoor, outdoor
Temple Bells	manufactured prop	Temples And Shrines		yes	no	no	https://krishna-palacio.itch.io/minifantasy-temples-and-shrines	indoor, outdoor, decoration, iron, silver, gold, bronze
Temple Gongs	manufactured prop	Temples And Shrines		yes	no	no	https://krishna-palacio.itch.io/minifantasy-temples-and-shrines	indoor, outdoor, decoration, iron, silver, gold, bronze
Temple Fire Lamps	animated prop	Temples And Shrines		yes	no	no	https://krishna-palacio.itch.io/minifantasy-temples-and-shrines	light source, indoor, outdoor, decoration, iron, silver, gold, bronze
Sacred Slabs	manufactured prop	Temples And Shrines		yes	no	no	https://krishna-palacio.itch.io/minifantasy-temples-and-shrines	indoor, outdoor, decoration, stone, wooden, marble, clay, slate, porcelain
Temple Altars	manufactured prop	Temples And Shrines		yes	no	no	https://krishna-palacio.itch.io/minifantasy-temples-and-shrines	indoor, outdoor, decoration, stone, wooden, marble, clay, slate, porcelain
Incense Burners	animated prop	Temples And Shrines		yes	no	no	https://krishna-palacio.itch.io/minifantasy-temples-and-shrines	indoor, outdoor, decoration, stone, wooden, marble, clay, slate, porcelain
Offering Vessels	manufactured prop	Temples And Shrines		yes	no	no	https://krishna-palacio.itch.io/minifantasy-temples-and-shrines	indoor, outdoor, decoration, stone, wooden, marble, clay, slate, porcelain
Premade Nordic Wayside Shrine (exterior)	premade	Temples And Shrines		yes	no	no	https://krishna-palacio.itch.io/minifantasy-temples-and-shrines	oudoor, building, brown, black, sample
Premade Eastern Wayside Shrine (exterior)	premade	Temples And Shrines		yes	no	no	https://krishna-palacio.itch.io/minifantasy-temples-and-shrines	oudoor, building, brown, blue, sample
Premade Classic Wayside Shrine (exterior)	premade	Temples And Shrines		yes	no	no	https://krishna-palacio.itch.io/minifantasy-temples-and-shrines	oudoor, building, grey, sample
Premade Nordic Temple (exterior and interior)	premade	Temples And Shrines		yes	no	no	https://krishna-palacio.itch.io/minifantasy-temples-and-shrines	oudoor, indoor, building, brown, black, sample
Premade Eastern Temple (exterior and interior)	premade	Temples And Shrines		yes	no	no	https://krishna-palacio.itch.io/minifantasy-temples-and-shrines	oudoor, indoor, building, brown, blue, sample
Premade Classic Temple (exterior and interior)	premade	Temples And Shrines		yes	no	no	https://krishna-palacio.itch.io/minifantasy-temples-and-shrines	oudoor, indoor, building, grey, sample
3 Premade Mixed Style Temples (exterior and interior)	premade	Temples And Shrines		yes	no	no	https://krishna-palacio.itch.io/minifantasy-temples-and-shrines	oudoor, indoor, building, grey, brown, blue, black, sample
Lumberjack	creature		Old Patreon Archive	no	no	yes	https://www.patreon.com/posts/old-exclusive-39018599	human, aggressive, npc
Miner	creature		Old Patreon Archive	no	no	yes	https://www.patreon.com/posts/old-exclusive-39018599	human, aggressive, npc
Farmer	creature		Old Patreon Archive	no	no	yes	https://www.patreon.com/posts/old-exclusive-39018599	human, aggressive, npc
Hunter	creature		Old Patreon Archive	no	no	yes	https://www.patreon.com/posts/old-exclusive-39018599	human, aggressive, npc
King Skeleton	creature		Old Patreon Archive	no	no	yes	https://www.patreon.com/posts/old-exclusive-39018599	monster, aggressive, undead
Ancient Troll	creature		Old Patreon Archive	no	no	yes	https://www.patreon.com/posts/old-exclusive-39018599	monster, aggressive
Dire Bear	creature		Old Patreon Archive	no	no	yes	https://www.patreon.com/posts/old-exclusive-39018599	animal, beast, mammal, aggressive
Beholder	creature		Old Patreon Archive	no	no	yes	https://www.patreon.com/posts/old-exclusive-39018599	monster, aggressive
Armoured Warrior	creature		Old Patreon Archive	no	no	yes	https://www.patreon.com/posts/old-exclusive-39018599	aggressive, monster, undead
Giant Spider	creature		Old Patreon Archive	no	no	yes	https://www.patreon.com/posts/old-exclusive-39018599	insect, aggresive, monster
Ape	creature		Old Patreon Archive	no	no	yes	https://www.patreon.com/posts/old-exclusive-39018599	animal, mammal, aggressive
Giant Snake	creature		Old Patreon Archive	no	no	yes	https://www.patreon.com/posts/old-exclusive-39018599	reptile, monster, aggressive
King	creature		Old Patreon Archive	no	no	yes	https://www.patreon.com/posts/old-exclusive-39018599	human, aggressive, npc
Merchant	creature		Old Patreon Archive	no	no	yes	https://www.patreon.com/posts/old-exclusive-39018599	human, non-aggressive, npc
Dungeon Lava Pit	animated tileset		Old Patreon Archive	no	no	yes	https://www.patreon.com/posts/old-exclusive-39018599	indoor, floor, grey, blue, broken, damaged, brow, red, lava, magma
Ancient Statues	manufactured prop		Old Patreon Archive	no	no	yes	https://www.patreon.com/posts/old-exclusive-39018599	decoration, grey, ruins, damaged, broken, poi
Pyramids	tileset		Old Patreon Archive	no	no	yes	https://www.patreon.com/posts/old-exclusive-39018599	decoration, beige, ruins, desert, desolate desert
Currupted Ground	tileset	Necropolis		yes	no	no	https://krishna-palacio.itch.io/minifantasy-necropolis	outdoor, indoor, purple, creepy
Corrupted Pond	animated tileset	Necropolis		yes	no	no	https://krishna-palacio.itch.io/minifantasy-necropolis	outdoor, green, creepy
Currupted Cliff	tileset	Necropolis		yes	no	no	https://krishna-palacio.itch.io/minifantasy-necropolis	outdoor, purple, beige, white, creepy, horror
Pile Of Bones	tileset	Necropolis		yes	no	no	https://krishna-palacio.itch.io/minifantasy-necropolis	outdoor, beige, white, creepy, horror
Road Of Bones 	tileset	Necropolis		yes	no	no	https://krishna-palacio.itch.io/minifantasy-necropolis	outdoor, beige, white, creepy, horror
Corrupted Path	tileset	Necropolis		yes	no	no	https://krishna-palacio.itch.io/minifantasy-necropolis	outdoor, purple, creepy
Stone Ziggurat	tileset	Necropolis		yes	no	no	https://krishna-palacio.itch.io/minifantasy-necropolis	outdoor, blue, building
Ziggurat Decorated With Bones	tileset	Necropolis		yes	no	no	https://krishna-palacio.itch.io/minifantasy-necropolis	outdoor, blue, beige, white, building, creepy
Ziggurat Metal Frame Ornamented 	tileset	Necropolis		yes	no	no	https://krishna-palacio.itch.io/minifantasy-necropolis	outdoor, blue, yellow, building
Ziggurat With Bones And Metal Frame	tileset	Necropolis		yes	no	no	https://krishna-palacio.itch.io/minifantasy-necropolis	outdoor, blue, yellow, beige, white, building, creepy
Ziggurat Walls	tileset	Necropolis		yes	no	no	https://krishna-palacio.itch.io/minifantasy-necropolis	outdoor, indoor, Blue, building
Ziggurat Walls Decorated With Bones	tileset	Necropolis		yes	no	no	https://krishna-palacio.itch.io/minifantasy-necropolis	outdoor, indoor, blue, beige, white, building, creepy
Ziggurat Walls Metal Frame Ornamented 	tileset	Necropolis		yes	no	no	https://krishna-palacio.itch.io/minifantasy-necropolis	outdoor, indoor, blue, yellow, building
Ziggurat Walls With Bones And Metal Frame	tileset	Necropolis		yes	no	no	https://krishna-palacio.itch.io/minifantasy-necropolis	outdoor, indoor, blue, yellow, beige, white, building, creepy
Ziggurat Stairs	tileset	Necropolis		yes	no	no	https://krishna-palacio.itch.io/minifantasy-necropolis	outdoor, indoor, blue, yellow, beige, white, building
Ziggurat Floor Tiles Square Design	tileset	Necropolis		yes	no	no	https://krishna-palacio.itch.io/minifantasy-necropolis	indoor, blue, yellow, crimson, green, building, floor
Ziggurat Floor Tiles Waves Design	tileset	Necropolis		yes	no	no	https://krishna-palacio.itch.io/minifantasy-necropolis	indoor, blue, yellow, crimson, green, building, floor
4 Premade Tiny Ziggurats (exterior)	premade	Necropolis		yes	no	no	https://krishna-palacio.itch.io/minifantasy-necropolis	oudoor, building, blue, yellow, beige, white, sample, creepy
4 Premade Small Ziggurats (exterior)	premade	Necropolis		yes	no	no	https://krishna-palacio.itch.io/minifantasy-necropolis	oudoor, building, blue, yellow, beige, white, sample, creepy
4 Premade Meium Ziggurats (exterior)	premade	Necropolis		yes	no	no	https://krishna-palacio.itch.io/minifantasy-necropolis	oudoor, building, blue, yellow, beige, white, sample, creepy
4 Premade Big Ziggurats (exterior)	premade	Necropolis		yes	no	no	https://krishna-palacio.itch.io/minifantasy-necropolis	oudoor, building, blue, yellow, beige, white, sample, creepy
Corrupted Bone Trees	natural prop	Necropolis		yes	no	no	https://krishna-palacio.itch.io/minifantasy-necropolis	horror, creepy, outdoor, indoor, beige, white
Corrupted Bone Plants	natural prop	Necropolis		yes	no	no	https://krishna-palacio.itch.io/minifantasy-necropolis	horror, creepy, outdoor, indoor, beige, white
Dead Weeds	natural prop	Necropolis		yes	no	no	https://krishna-palacio.itch.io/minifantasy-necropolis	nature, outdoor, beige
Obelisks	manufactured prop	Necropolis		yes	no	no	https://krishna-palacio.itch.io/minifantasy-necropolis	decoration, outdoor, blue, beige, yellow
Bone Obelisks	manufactured prop	Necropolis		yes	no	no	https://krishna-palacio.itch.io/minifantasy-necropolis	decoration, outdoor, blue, beige, yellow, horror, creepy
Unholy Texts	manufactured prop	Necropolis		yes	no	no	https://krishna-palacio.itch.io/minifantasy-necropolis	decoration, blue, beige, green, crimson, creepy
Sarcophagi	manufactured prop	Necropolis		yes	no	no	https://krishna-palacio.itch.io/minifantasy-necropolis	decoration, blue, beige, yellow, creepy, horror
Funeral Urns	manufactured prop	Necropolis		yes	no	no	https://krishna-palacio.itch.io/minifantasy-necropolis	decoration, blue, beige, yellow, creepy
Cursed Books	manufactured prop	Necropolis		yes	no	no	https://krishna-palacio.itch.io/minifantasy-necropolis	decoration, blue, beige, yellow, creepy
Undead Flame Lamps	animated prop	Necropolis		yes	no	no	https://krishna-palacio.itch.io/minifantasy-necropolis	decoration, blue, beige, yellow, green, creepy, horror, light source
Premade Necropolis (exterior)	premade	Necropolis		yes	no	no	https://krishna-palacio.itch.io/minifantasy-necropolis	outdoor, building, biome, purple, beige, white, green, blue, creepy, horror, sample
Premade Necropolis Catacomb (interior)	premade	Necropolis		yes	no	no	https://krishna-palacio.itch.io/minifantasy-necropolis	indoor, building, purple, beige, white, green, blue, creepy, horror, dungeon, sample
Graveyard Grass	tileset		Spooky Graveyard	no	no	yes	https://www.patreon.com/posts/old-exclusive-39018599	outdoor, green
Graveyard Dirt	tileset		Spooky Graveyard	no	no	yes	https://www.patreon.com/posts/old-exclusive-39018599	outdoor, brown
Graveyard Path	tileset		Spooky Graveyard	no	no	yes	https://www.patreon.com/posts/old-exclusive-39018599	outdoor, brown, green
Graveyard Fence	manufactured prop		Spooky Graveyard	no	no	yes	https://www.patreon.com/posts/old-exclusive-39018599	outdoor, indoor, grey, metal stone
Graveyard Gate	manufactured prop		Spooky Graveyard	no	no	yes	https://www.patreon.com/posts/old-exclusive-39018599	outdoor, indoor, grey, metal stone
Graveyard Stone	manufactured prop		Spooky Graveyard	no	no	yes	https://www.patreon.com/posts/old-exclusive-39018599	decoration, horror, creepy, grey, stone
Graveyard Tomb	manufactured prop		Spooky Graveyard	no	no	yes	https://www.patreon.com/posts/old-exclusive-39018599	decoration, horror, creepy, grey, stone
Graveyard Stone Cross	manufactured prop		Spooky Graveyard	no	no	yes	https://www.patreon.com/posts/old-exclusive-39018599	decoration, horror, creepy, grey, stone
Graveyard Wooden Cross	manufactured prop		Spooky Graveyard	no	no	yes	https://www.patreon.com/posts/old-exclusive-39018599	decoration, horror, creepy, brown, wooden
Open Grave 	manufactured prop		Spooky Graveyard	no	no	yes	https://www.patreon.com/posts/old-exclusive-39018599	decoration, horror, creepy, brown, dirt
Buried Grave	manufactured prop		Spooky Graveyard	no	no	yes	https://www.patreon.com/posts/old-exclusive-39018599	decoration, horror, creepy, brown, dirt
Dead Tree	natural prop		Spooky Graveyard	no	no	yes	https://www.patreon.com/posts/old-exclusive-39018599	nature, brown, creepy, horror
Gaveyard Statue	manufactured prop		Spooky Graveyard	no	no	yes	https://www.patreon.com/posts/old-exclusive-39018599	decoration, grey, stone
Explorer Outfit	wearable item		Outfits	no	no	yes	https://www.patreon.com/posts/old-exclusive-39018599	base character, Clothes, leather, armour, boots, gloves, hat
Mercenary Outfit	wearable item		Outfits	no	no	yes	https://www.patreon.com/posts/old-exclusive-39018599	base character, Clothes, iron, armour, boots, gloves, hat
Thief Outfit	wearable item		Outfits	no	no	yes	https://www.patreon.com/posts/old-exclusive-39018599	base character, Clothes, cloth, armour, boots, gloves, mask
Mage Outfit	wearable item		Outfits	no	no	yes	https://www.patreon.com/posts/old-exclusive-39018599	base character, Clothes, cloth, robe, boots, hat, hair, blue, red, green
Leather Tent	manufactured prop		Adventurer's Campsite	no	no	yes	https://www.patreon.com/posts/old-exclusive-39018599	outdoor, camp, brown
Cloth Tent	manufactured prop		Adventurer's Campsite	no	no	yes	https://www.patreon.com/posts/old-exclusive-39018599	outdoor, camp, white
Bones And Skins Tent	manufactured prop		Adventurer's Campsite	no	no	yes	https://www.patreon.com/posts/old-exclusive-39018599	outdoor, camp, brown, white
BedRoll	manufactured prop		Adventurer's Campsite	no	no	yes	https://www.patreon.com/posts/old-exclusive-39018599	outdoor, camp, brown, leather, furniture
Simple Bed	manufactured prop		Adventurer's Campsite	no	no	yes	https://www.patreon.com/posts/old-exclusive-39018599	outdoor, camp, brown, iron, furniture
Bone Bed	manufactured prop		Adventurer's Campsite	no	no	yes	https://www.patreon.com/posts/old-exclusive-39018599	outdoor, camp, brown, bone, furniture
Bench Made Of  A Wood Branch	manufactured prop		Adventurer's Campsite	no	no	yes	https://www.patreon.com/posts/old-exclusive-39018599	outdoor, camp, brown, furniture
Bench Made Of  A Rock	manufactured prop		Adventurer's Campsite	no	no	yes	https://www.patreon.com/posts/old-exclusive-39018599	outdoor, camp, grey, furniture
Bench Made Of Bone	manufactured prop		Adventurer's Campsite	no	no	yes	https://www.patreon.com/posts/old-exclusive-39018599	outdoor, camp, white, furniture
Wooden Chest	manufactured prop		Adventurer's Campsite	no	no	yes	https://www.patreon.com/posts/old-exclusive-39018599	outdoor, camp, brown, furniture
Iron Chest	manufactured prop		Adventurer's Campsite	no	no	yes	https://www.patreon.com/posts/old-exclusive-39018599	outdoor, camp, grey, furniture
Wooden Frame For Hunting Game	manufactured prop		Adventurer's Campsite	no	no	yes	https://www.patreon.com/posts/old-exclusive-39018599	outdoor, camp, brown, furniture
Iron Frame For Hunting Game	manufactured prop		Adventurer's Campsite	no	no	yes	https://www.patreon.com/posts/old-exclusive-39018599	outdoor, camp, grey, furniture
Bone Frame For Hunting Game	manufactured prop		Adventurer's Campsite	no	no	yes	https://www.patreon.com/posts/old-exclusive-39018599	outdoor, camp, white, furniture
Wooden Camp Palisade	manufactured prop		Adventurer's Campsite	no	no	yes	https://www.patreon.com/posts/old-exclusive-39018599	outdoor, brown
Iron Camp Palisade	manufactured prop		Adventurer's Campsite	no	no	yes	https://www.patreon.com/posts/old-exclusive-39018599	outdoor, grey
Bone Camp Palisade	manufactured prop		Adventurer's Campsite	no	no	yes	https://www.patreon.com/posts/old-exclusive-39018599	outdoor, white
Banners	animated prop		Adventurer's Campsite	no	no	yes	https://www.patreon.com/posts/old-exclusive-39018599	outdoor, red, purple, green
Bonfire	animated prop		Adventurer's Campsite	no	no	yes	https://www.patreon.com/posts/old-exclusive-39018599	outdoor, camp, light source
Totems	tileset		Singular Sites	no	no	yes	https://www.patreon.com/posts/old-exclusive-39018600	wooden, poi, religion
Premade Totems	premade		Singular Sites	no	no	yes	https://www.patreon.com/posts/old-exclusive-39018600	wooden, poi, religion, sample
Giant Sword Stuck In The Ground	manufactured prop		Singular Sites	no	no	yes	https://www.patreon.com/posts/old-exclusive-39018600	grey, poi
Dolmens	manufactured prop		Singular Sites	no	no	yes	https://www.patreon.com/posts/old-exclusive-39018600	stone, poi, religion, ruins
Crater	natural prop		Singular Sites	no	no	yes	https://www.patreon.com/posts/old-exclusive-39018600	brown, dirt, poi
Wraith	creature		Wraith	no	no	yes	https://www.patreon.com/posts/wraith-51740326	monster, undead, aggressive
Spider Queen	creature		Spider Queen	no	no	yes	https://www.patreon.com/posts/exclusive-spider-51740681	monster, aggressive
Pop Culture Characters	creature		Pop Culture Characters	no	no	yes	https://www.patreon.com/posts/exclusive-pop-52327851	human, non-aggressive, npc
Cultists	creature		Cultists	no	no	yes	https://www.patreon.com/posts/exclusive-53106537	human, aggressive
Ancient Vampire	creature		Ancient Vampire	no	no	yes	https://www.patreon.com/posts/exclusive-53106606	monster, undead, aggressive
Birds	creature		Birds	no	no	yes	https://www.patreon.com/posts/exclusive-birds-53633405	animal, bird, non-agressive
Werewolf	creature		Werewolf	no	no	yes	https://www.patreon.com/posts/exclusive-53712089	monster, aggressive
Medusa	creature		Medusa	no	no	yes	https://www.patreon.com/posts/exclusive-medusa-55277555	monster, aggressive
Gargoyle	creature		Gargoyle	no	no	yes	https://www.patreon.com/posts/exclusive-55319263	monster, aggressive
Dragon	creature		Dragon	no	no	yes	https://www.patreon.com/posts/exclusive-dragon-55815025	monster, aggressive
Lizardmen	creature		Lizardmen	no	no	yes	https://www.patreon.com/posts/exclusive-55866691	monster, aggressive
Mad Inventor	creature		Mad Inventor	no	no	yes	https://www.patreon.com/posts/exclusive-mad-56263519	animal, mammal, non-agressive, aggressive
Rat And Mouse	creature		Rat And Mouse	no	no	yes	https://www.patreon.com/posts/exclusive-rat-56263638	monster, aggressive
Stone Golem	creature		Stone Golem	no	no	yes	https://www.patreon.com/posts/exclusive-stone-58286742	monster, aggressive
(Biblical) Beast Of The Sea	creature		(Biblical) Beast Of The Sea	no	no	yes	https://www.patreon.com/posts/exclusive-beast-58286785	monster, aggressive
Diablo	creature		Diablo	no	no	yes	https://www.patreon.com/posts/exclusive-diablo-58766923	monster, aggressive
Will-O-Wisp	creature		Will-O-Wisp	no	no	yes	https://www.patreon.com/posts/exclusive-will-o-59316593	monster, undead, aggressive
Demon Spider	creature		Demon Spider	no	no	yes	https://www.patreon.com/posts/exclusive-demon-59928833	monster, aggressive
Mimic	creature		Mimic	no	no	yes	https://www.patreon.com/posts/exclusive-mimic-60663798	monster, aggressive
The Kraken	creature		The Kraken	no	no	yes	https://www.patreon.com/posts/exclusive-kraken-61015185	monster, aggressive, aquatic
Angel Of Death	creature		Angel Of Death	no	no	yes	https://www.patreon.com/posts/exclusive-angel-62002825	monster, undead, aggressive
Giant	creature		Giant	no	no	yes	https://www.patreon.com/posts/exclusive-giant-62892102	monster, aggressive
Goblin King	creature		Goblin King	no	no	yes	https://www.patreon.com/posts/exclusive-goblin-64202015	monster, aggressive, goblin
Shark	creature		Shark	no	no	yes	https://www.patreon.com/posts/exclusive-shark-64246201	animal, aquatic
Deep One	creature		Deep One	no	no	yes	https://www.patreon.com/posts/exclusive-deep-65277197	monster, aggressive
Air Elemental	creature		Air Elemental	no	no	yes	https://www.patreon.com/posts/exclusive-air-67454680	monster, aggressive
Centaur King	creature		Centaur King	no	no	yes	https://www.patreon.com/posts/exclusive-king-67454862	monster, aggressive
Dwarven Stone Guardian	creature		Dwarven Stone Guardian	no	no	yes	https://www.patreon.com/posts/exclusive-stone-68093818	monster, aggressive
Fire Elemental	creature		Fire Elemental	no	no	yes	https://www.patreon.com/posts/exclusive-fire-68593855	monster, aggressive
Water Elemental	creature		Water Elemental	no	no	yes	https://www.patreon.com/posts/exclusive-water-69687404	monster, aggressive
Slime Cubes	creature		Slime Cubes	no	no	yes	https://www.patreon.com/posts/exclusive-slime-69687511	monster, aggressive
Earth Elemental	creature		Earth Elemental	no	no	yes	https://www.patreon.com/posts/exclusive-earth-70954946	monster, aggressive
Chest Mimic	creature		Chest Mimic	no	no	yes	https://www.patreon.com/posts/exclusive-chest-71537902	monster, aggressive, non-aggessive
Pile Of Flesh	creature		Pile Of Flesh	no	no	yes	https://www.patreon.com/posts/exclusive-pile-72173901	monster, aggressive, undead, horror, gore
Chimera	creature		Chimera	no	no	yes	https://www.patreon.com/posts/exclusive-73113780	monster, aggressive, beast
Spaceship Rusted Wall	tileset	Space Derelict (Scifi)		yes	no	no	https://krishna-palacio.itch.io/minifantasy-scifi-space-derelict	building, indoor, dungeon, wall, brown
Spaceship Panels Wall 	tileset	Space Derelict (Scifi)		yes	no	no	https://krishna-palacio.itch.io/minifantasy-scifi-space-derelict	building, indoor, dungeon, wall, brown, tech
Spaceship Cabling Wall 	tileset	Space Derelict (Scifi)		yes	no	no	https://krishna-palacio.itch.io/minifantasy-scifi-space-derelict	building, indoor, dungeon, wall, brown, tech
Spaceship Windows 	tileset	Space Derelict (Scifi)		yes	no	no	https://krishna-palacio.itch.io/minifantasy-scifi-space-derelict	building, indoor, dungeon, wall, brown, glass
Spaceship Grid Floor	tileset	Space Derelict (Scifi)		yes	no	no	https://krishna-palacio.itch.io/minifantasy-scifi-space-derelict	building, indoor, floor, grey
Spaceship Polished Metal Floor	tileset	Space Derelict (Scifi)		yes	no	no	https://krishna-palacio.itch.io/minifantasy-scifi-space-derelict	building, indoor, floor, grey
Spaceship Cabling Floor	tileset	Space Derelict (Scifi)		yes	no	no	https://krishna-palacio.itch.io/minifantasy-scifi-space-derelict	building, indoor, floor, orange, green, grey, tech
Warning Perimeter Floor	tileset	Space Derelict (Scifi)		yes	no	no	https://krishna-palacio.itch.io/minifantasy-scifi-space-derelict	building, indoor, floor, grey, yellow, black
Biological Containment Chambers	manufactured prop	Space Derelict (Scifi)		yes	no	no	https://krishna-palacio.itch.io/minifantasy-scifi-space-derelict	indoor, brown, green, blue, glass, metal, tech
Futuristic Loot Chests	manufactured prop	Space Derelict (Scifi)		yes	no	no	https://krishna-palacio.itch.io/minifantasy-scifi-space-derelict	red, green, yellow, loot, tech
Metal Ladder	manufactured prop	Space Derelict (Scifi)		yes	no	no	https://krishna-palacio.itch.io/minifantasy-scifi-space-derelict	stairs, blue
Spaceship Computers	manufactured prop	Space Derelict (Scifi)		yes	no	no	https://krishna-palacio.itch.io/minifantasy-scifi-space-derelict	decoration, grey, orange, furniture, tech
Sockets	manufactured prop	Space Derelict (Scifi)		yes	no	no	https://krishna-palacio.itch.io/minifantasy-scifi-space-derelict	decoration, tech
Cargo Crates	manufactured prop	Space Derelict (Scifi)		yes	no	no	https://krishna-palacio.itch.io/minifantasy-scifi-space-derelict	decoration, grey
Oxygen Recycling System	manufactured prop	Space Derelict (Scifi)		yes	no	no	https://krishna-palacio.itch.io/minifantasy-scifi-space-derelict	decoration, brown, furniture, tech
Floor Damaged By Claws	manufactured prop	Space Derelict (Scifi)		yes	no	no	https://krishna-palacio.itch.io/minifantasy-scifi-space-derelict	decoration, horror, damaged
Spaceship Doors	animated prop	Space Derelict (Scifi)		yes	no	no	https://krishna-palacio.itch.io/minifantasy-scifi-space-derelict	indoor, blue, tech
Futuristic Projectile Trap	animated prop	Space Derelict (Scifi)		yes	no	no	https://krishna-palacio.itch.io/minifantasy-scifi-space-derelict	indoor, brown, tech, trap
Futuristic Fire Trap	animated prop	Space Derelict (Scifi)		yes	no	no	https://krishna-palacio.itch.io/minifantasy-scifi-space-derelict	indoor, grey, tech, trap
Planetside Trooper	creature	Space Derelict (Scifi)		yes	no	no	https://krishna-palacio.itch.io/minifantasy-scifi-space-derelict	human, aggressive
Space Sargent	creature	Space Derelict (Scifi)		yes	no	no	https://krishna-palacio.itch.io/minifantasy-scifi-space-derelict	human, aggressive
Space Warrior	creature	Space Derelict (Scifi)		yes	no	no	https://krishna-palacio.itch.io/minifantasy-scifi-space-derelict	human, aggressive
Swarm Alien	creature	Space Derelict (Scifi)		yes	no	no	https://krishna-palacio.itch.io/minifantasy-scifi-space-derelict	monster, aggressive
Wooden wall with stone foundations	tileset	Raided Village		yes	no	no	https://krishna-palacio.itch.io/minifantasy-raided-village	building, indoor, outdoor, ruins, grey, brown
Thatched roof 	tileset	Raided Village		yes	no	no	https://krishna-palacio.itch.io/minifantasy-raided-village	building, outdoor, roof
Separate roof wooden structure	tileset	Raided Village		yes	no	no	https://krishna-palacio.itch.io/minifantasy-raided-village	building, outdoor, roof
Wooden doors and windows	manufactured prop	Raided Village		yes	no	no	https://krishna-palacio.itch.io/minifantasy-raided-village	building, outdoor, wood
Humble indoor dirt floor 	tileset	Raided Village		yes	no	no	https://krishna-palacio.itch.io/minifantasy-raided-village	building, indoor, dirt floor
Grass and dirt	tileset	Raided Village		yes	no	no	https://krishna-palacio.itch.io/minifantasy-raided-village	grass, dirt, outdoor, brown, green
Scorched grass 	tileset	Raided Village		yes	no	no	https://krishna-palacio.itch.io/minifantasy-raided-village	scorched grass, outdoor, grey
Dirt path 	tileset	Raided Village		yes	no	no	https://krishna-palacio.itch.io/minifantasy-raided-village	outdoor, path, brown
Dead bodies	natural prop	Raided Village		yes	no	no	https://krishna-palacio.itch.io/minifantasy-raided-village	outdoor, indoor, creepy,
Scorched corpses	natural prop	Raided Village		yes	no	no	https://krishna-palacio.itch.io/minifantasy-raided-village	ourdoor, indoor, creepy, dead
Broken and humble tables	manufactured prop	Raided Village		yes	no	no	https://krishna-palacio.itch.io/minifantasy-raided-village	furniture, wood, brown
Broken and humble benches	manufactured prop	Raided Village		yes	no	no	https://krishna-palacio.itch.io/minifantasy-raided-village	furniture, wood, brown
Broken and humble wardrobes	manufactured prop	Raided Village		yes	no	no	https://krishna-palacio.itch.io/minifantasy-raided-village	furniture, wood, brown
Broken and humble shelves	manufactured prop	Raided Village		yes	no	no	https://krishna-palacio.itch.io/minifantasy-raided-village	furniture, wood, brown
Broken and humble beds	manufactured prop	Raided Village		yes	no	no	https://krishna-palacio.itch.io/minifantasy-raided-village	furniture, wood, brown
Broken stone bricks and wooden planks	manufactured prop	Raided Village		yes	no	no	https://krishna-palacio.itch.io/minifantasy-raided-village	outdoor, indoor, ruins, stone, wood
Arrows and axes stuck on the wall	manufactured prop	Raided Village		yes	no	no	https://krishna-palacio.itch.io/minifantasy-raided-village	item, weapon, equipament, 
Fires	animated prop	Raided Village		yes	no	no	https://krishna-palacio.itch.io/minifantasy-raided-village	outdoor, indoor, red
Smoke	animated prop	Raided Village		yes	no	no	https://krishna-palacio.itch.io/minifantasy-raided-village	oudoor, indoor, grey
Carnival grounds	tileset	Medieval Carnival		yes 	no	no	https://krishna-palacio.itch.io/minifantasy-medieval-carnival	outdoor, green, grass
Stomped grass path 	tileset	Medieval Carnival		yes 	no	no	https://krishna-palacio.itch.io/minifantasy-medieval-carnival	outdoor, green, grass
Stage 	tileset	Medieval Carnival		yes 	no	no	https://krishna-palacio.itch.io/minifantasy-medieval-carnival	outdoor, indoor, brown
Obstacle course 	tileset	Medieval Carnival		yes 	no	no	https://krishna-palacio.itch.io/minifantasy-medieval-carnival	outdoor, indoor, wood, brown, 
Carnival limits	tileset	Medieval Carnival		yes 	no	no	https://krishna-palacio.itch.io/minifantasy-medieval-carnival	fence, wood, outdoor, brown
Pennants	tileset	Medieval Carnival		yes 	no	no	https://krishna-palacio.itch.io/minifantasy-medieval-carnival	decoration, red, blue, yellow, purple
Stall 	tileset	Medieval Carnival		yes 	no	no	https://krishna-palacio.itch.io/minifantasy-medieval-carnival	fabric, colors
Carnival tents 	manufactured prop	Medieval Carnival		yes 	no	no	https://krishna-palacio.itch.io/minifantasy-medieval-carnival	fabric, colors
Large tents	manufactured prop	Medieval Carnival		yes 	no	no	https://krishna-palacio.itch.io/minifantasy-medieval-carnival	fabric, colors
Attraction gates 	manufactured prop	Medieval Carnival		yes 	no	no	https://krishna-palacio.itch.io/minifantasy-medieval-carnival	wood, brown
Merchant's counters 	manufactured prop	Medieval Carnival		yes 	no	no	https://krishna-palacio.itch.io/minifantasy-medieval-carnival	furniture, brown
Barrels 	manufactured prop	Medieval Carnival		yes 	no	no	https://krishna-palacio.itch.io/minifantasy-medieval-carnival	decoration, brown
Transport carts	manufactured prop	Medieval Carnival		yes 	no	no	https://krishna-palacio.itch.io/minifantasy-medieval-carnival	decoration, wood, brown
Carnival prizes	manufactured prop	Medieval Carnival		yes 	no	no	https://krishna-palacio.itch.io/minifantasy-medieval-carnival	decoration
Weapons	manufactured prop	Medieval Carnival		yes 	no	no	https://krishna-palacio.itch.io/minifantasy-medieval-carnival	equipment
Gemstones 	manufactured prop	Medieval Carnival		yes 	no	no	https://krishna-palacio.itch.io/minifantasy-medieval-carnival	decoration
Exotic fabrics 	manufactured prop	Medieval Carnival		yes 	no	no	https://krishna-palacio.itch.io/minifantasy-medieval-carnival	decoration
Jewellery	manufactured prop	Medieval Carnival		yes 	no	no	https://krishna-palacio.itch.io/minifantasy-medieval-carnival	decoration
Carnival food	manufactured prop	Medieval Carnival		yes 	no	no	https://krishna-palacio.itch.io/minifantasy-medieval-carnival	food, 
Curtains	manufactured prop	Medieval Carnival		yes 	no	no	https://krishna-palacio.itch.io/minifantasy-medieval-carnival	decoration,fabrics
Carpets	manufactured prop	Medieval Carnival		yes 	no	no	https://krishna-palacio.itch.io/minifantasy-medieval-carnival	decoration, fabrics
Fortune teller table	manufactured prop	Medieval Carnival		yes 	no	no	https://krishna-palacio.itch.io/minifantasy-medieval-carnival	furniture, workingstation
Animated Pennants	animated prop	Medieval Carnival		yes 	no	no	https://krishna-palacio.itch.io/minifantasy-medieval-carnival	decoration, outdoor, indoor, 
Duck Shooting	animated prop	Medieval Carnival		yes 	no	no	https://krishna-palacio.itch.io/minifantasy-medieval-carnival	wood, brown, atracctions
Obstacle Course	animated prop	Medieval Carnival		yes 	no	no	https://krishna-palacio.itch.io/minifantasy-medieval-carnival	wood, brown, atracctions
Whack-A-Monster	animated prop	Medieval Carnival		yes 	no	no	https://krishna-palacio.itch.io/minifantasy-medieval-carnival	wood, brown, atracctions
Buffon	creature	Medieval Carnival		yes 	no	no	https://krishna-palacio.itch.io/minifantasy-medieval-carnival	human, non-agressive, npc
Crier	creature	Medieval Carnival		yes 	no	no	https://krishna-palacio.itch.io/minifantasy-medieval-carnival	human, non-agressive, npc
Fortune Teller	creature	Medieval Carnival		yes 	no	no	https://krishna-palacio.itch.io/minifantasy-medieval-carnival	human, non-agressive, npc
Juggler	creature	Medieval Carnival		yes 	no	no	https://krishna-palacio.itch.io/minifantasy-medieval-carnival	human, non-agressive, npc
Merchants 	creature	Medieval Carnival		yes 	no	no	https://krishna-palacio.itch.io/minifantasy-medieval-carnival	human, non-agressive, npc
Pillory	creature	Medieval Carnival		yes 	no	no	https://krishna-palacio.itch.io/minifantasy-medieval-carnival	human, non-agressive, npc
Barren land	tileset	Hellscape		yes 	no	no	https://krishna-palacio.itch.io/minifantasy-hellscape	floor, grey, underground
Cracked ground	tileset	Hellscape		yes 	no	no	https://krishna-palacio.itch.io/minifantasy-hellscape	floor, grey, underground
Solidified magma 	tileset	Hellscape		yes 	no	no	https://krishna-palacio.itch.io/minifantasy-hellscape	floor, damaged, reddish
volcanic Cliffs	tileset	Hellscape		yes 	no	no	https://krishna-palacio.itch.io/minifantasy-hellscape	cliff, grey
Path	tileset	Hellscape		yes 	no	no	https://krishna-palacio.itch.io/minifantasy-hellscape	floor, grey 
Lava 	animated tileset	Hellscape		yes 	no	no	https://krishna-palacio.itch.io/minifantasy-hellscape	lava, red, damaged
Bursting lava bubbles	animated tileset	Hellscape		yes 	no	no	https://krishna-palacio.itch.io/minifantasy-hellscape	lava, bubbles, damaged, red
Stone floating in lava 	animated tileset	Hellscape		yes 	no	no	https://krishna-palacio.itch.io/minifantasy-hellscape	stone, grey
Emerging and immersing stone 	animated tileset	Hellscape		yes 	no	no	https://krishna-palacio.itch.io/minifantasy-hellscape	stone, grey
Ground glowing ember	animated tileset	Hellscape		yes 	no	no	https://krishna-palacio.itch.io/minifantasy-hellscape	floor, ember, reddish, damaged
Glowing embers for the cliffs	animated tileset	Hellscape		yes 	no	no	https://krishna-palacio.itch.io/minifantasy-hellscape	cliff, ember, reddish, damaged
Infernal trees	natural prop	Hellscape		yes 	no	no	https://krishna-palacio.itch.io/minifantasy-hellscape	nature, grey, horror
Demonic Statues	manufactured prop	Hellscape		yes 	no	no	https://krishna-palacio.itch.io/minifantasy-hellscape	decoration, grey, stone, horror
Spiky rock formations	natural prop	Hellscape		yes 	no	no	https://krishna-palacio.itch.io/minifantasy-hellscape	nature, stone, grey
Strange gate and fence	manufactured prop	Hellscape		yes 	no	no	https://krishna-palacio.itch.io/minifantasy-hellscape	stone, grey, strange
Impaled victims	natural prop	Hellscape		yes 	no	no	https://krishna-palacio.itch.io/minifantasy-hellscape	outdoor, indoor, creepy, horror
Floating evil monoliths ground chained	animated prop	Hellscape		yes 	no	no	https://krishna-palacio.itch.io/minifantasy-hellscape	decoration, creepy, stone, grey
Grass to  dirt	tileset	Orc Kingdom		yes	no	no	https://krishna-palacio.itch.io/minifantasy-orc-kingdom	outdoor, green, grass
Dirt to mud 	tileset	Orc Kingdom		yes	no	no	https://krishna-palacio.itch.io/minifantasy-orc-kingdom	nature, outdoor, brown
Fungi patch 	tileset	Orc Kingdom		yes	no	no	https://krishna-palacio.itch.io/minifantasy-orc-kingdom	nature, outdoor, brown
Rough stone pavement	tileset	Orc Kingdom		yes	no	no	https://krishna-palacio.itch.io/minifantasy-orc-kingdom	nature, outdoor, grey
Muddy Path	tileset	Orc Kingdom		yes	no	no	https://krishna-palacio.itch.io/minifantasy-orc-kingdom	nature, outdoor, path, brown
Filler tiles	tileset	Orc Kingdom		yes	no	no	https://krishna-palacio.itch.io/minifantasy-orc-kingdom	indoor, outdoor, 
Sturdy palisade	tileset	Orc Kingdom		yes	no	no	https://krishna-palacio.itch.io/minifantasy-orc-kingdom	construction, wall, sturdy, brown
Spike-studded palisade 	tileset	Orc Kingdom		yes	no	no	https://krishna-palacio.itch.io/minifantasy-orc-kingdom	construccion, wall, brown, dangerous
Brute rock wall 	tileset	Orc Kingdom		yes	no	no	https://krishna-palacio.itch.io/minifantasy-orc-kingdom	construccion, wall, stone, grey
Spike-studded rock wall	tileset	Orc Kingdom		yes	no	no	https://krishna-palacio.itch.io/minifantasy-orc-kingdom	construccion, wall, stone, dangerous
Wooden doors 	tileset	Orc Kingdom		yes	no	no	https://krishna-palacio.itch.io/minifantasy-orc-kingdom	building, wood, brown
Tent-like roofs	tileset	Orc Kingdom		yes	no	no	https://krishna-palacio.itch.io/minifantasy-orc-kingdom	tent, red, blue, green, yellow
Infernal bushes	natural prop	Hellscape		yes 	no	no	https://krishna-palacio.itch.io/minifantasy-hellscape	nature, grey, horror
Infernal weeds	natural prop	Hellscape		yes 	no	no	https://krishna-palacio.itch.io/minifantasy-hellscape	nature, grey, horror
Orcish beds	manufactured prop	Orc Kingdom		yes	no	no	https://krishna-palacio.itch.io/minifantasy-orc-kingdom	furniture, harsh, rustic, 
Orcish chairs	manufactured prop	Orc Kingdom		yes	no	no	https://krishna-palacio.itch.io/minifantasy-orc-kingdom	furniture, harsh, rustic, wood
Orcish tables	manufactured prop	Orc Kingdom		yes	no	no	https://krishna-palacio.itch.io/minifantasy-orc-kingdom	furniture, harsh, rustic, wood
Orcish wardrobes	manufactured prop	Orc Kingdom		yes	no	no	https://krishna-palacio.itch.io/minifantasy-orc-kingdom	furniture, harsh, rustic, wood
Animal skin as carpets	manufactured prop	Orc Kingdom		yes	no	no	https://krishna-palacio.itch.io/minifantasy-orc-kingdom	decoration, harsh, rustic, skin
Giant fangs	manufactured prop	Orc Kingdom		yes	no	no	https://krishna-palacio.itch.io/minifantasy-orc-kingdom	decoration, harsh, rustic
Orcish throne	manufactured prop	Orc Kingdom		yes	no	no	https://krishna-palacio.itch.io/minifantasy-orc-kingdom	furniture, harsh, rustic
Orcish jails	manufactured prop	Orc Kingdom		yes	no	no	https://krishna-palacio.itch.io/minifantasy-orc-kingdom	construccion, stone, grey
Orcish totems	manufactured prop	Orc Kingdom		yes	no	no	https://krishna-palacio.itch.io/minifantasy-orc-kingdom	religion, stone, grey
Orcish sculptures	manufactured prop	Orc Kingdom		yes	no	no	https://krishna-palacio.itch.io/minifantasy-orc-kingdom	decoration, rock, grey
Fireplaces	manufactured prop	Orc Kingdom		yes	no	no	https://krishna-palacio.itch.io/minifantasy-orc-kingdom	furniture, rustic
Metal Torch	manufactured prop	Orc Kingdom		yes	no	no	https://krishna-palacio.itch.io/minifantasy-orc-kingdom	metal, light source, rustic
Big decorative rocks	manufactured prop	Orc Kingdom		yes	no	no	https://krishna-palacio.itch.io/minifantasy-orc-kingdom	stone, grey, decoration, harsh, rustic
Forest Floor 	tileset	Ancient Forests		yes	no	no	https://krishna-palacio.itch.io/minifantasy-ancient-forests	nature, outdoor, grey, green, floor
Dirt soil	tileset	Ancient Forests		yes	no	no	https://krishna-palacio.itch.io/minifantasy-ancient-forests	nature, outdoor, floor, dirt
Forest Path	tileset	Ancient Forests		yes	no	no	https://krishna-palacio.itch.io/minifantasy-ancient-forests	nature, outdoor, path
Fallen foliage	tileset	Ancient Forests		yes	no	no	https://krishna-palacio.itch.io/minifantasy-ancient-forests	nature, outdoor
Thorny brambles	tileset	Ancient Forests		yes	no	no	https://krishna-palacio.itch.io/minifantasy-ancient-forests	nature, outdoor, dangerous
Thick Forest Wall	tileset	Ancient Forests		yes	no	no	https://krishna-palacio.itch.io/minifantasy-ancient-forests	nature, outdoor, wall
Stackable Treetops	tileset	Ancient Forests		yes	no	no	https://krishna-palacio.itch.io/minifantasy-ancient-forests	nature, outdoor, trees
Ancient Trees	natural prop	Ancient Forests		yes	no	no	https://krishna-palacio.itch.io/minifantasy-ancient-forests	nature, trees, outdoor, lush, wild
Tree stumps	natural prop	Ancient Forests		yes	no	no	https://krishna-palacio.itch.io/minifantasy-ancient-forests	nature, outdoor
Broken tree trunks	natural prop	Ancient Forests		yes	no	no	https://krishna-palacio.itch.io/minifantasy-ancient-forests	nature, outdoor, wood
Fallen tree branches	natural prop	Ancient Forests		yes	no	no	https://krishna-palacio.itch.io/minifantasy-ancient-forests	nature, outdoor, wood
Twigs	natural prop	Ancient Forests		yes	no	no	https://krishna-palacio.itch.io/minifantasy-ancient-forests	nature, outdoor, wood
Rocks and stones	natural prop	Ancient Forests		yes	no	no	https://krishna-palacio.itch.io/minifantasy-ancient-forests	nature, outdoor, stone
Blinking eyes in the dark	animated prop	Ancient Forests		yes	no	no	https://krishna-palacio.itch.io/minifantasy-ancient-forests	outdoor, indoor, creepy, 
Dwarven Fighter	creature	True Heroes III		yes	no	no	https://krishna-palacio.itch.io/minifantasy-true-heroes-iii	hero, class, axe, shield, resistant, aggressive
Elf Ranger	creature	True Heroes III		yes	no	no	https://krishna-palacio.itch.io/minifantasy-true-heroes-iii	hero, class, bow, arrows, cunning, aggressive
Human Wizard	creature	True Heroes III		yes	no	no	https://krishna-palacio.itch.io/minifantasy-true-heroes-iii	hero, class, fire spells, teleport, aggressive
Fire Familiar	creature	True Heroes III		yes	no	no	https://krishna-palacio.itch.io/minifantasy-true-heroes-iii	monster, beast, fire spells, aggressive
Locomotive	vehicle	Trains		yes	no	no	https://krishna-palacio.itch.io/minifantasy-trains	mechanical
Cars	vehicle	Trains		yes	no	no	https://krishna-palacio.itch.io/minifantasy-trains	mechanical
Train Roofs	vehicle	Trains		yes	no	no	https://krishna-palacio.itch.io/minifantasy-trains	mechanical
Train Walls	vehicle	Trains		yes	no	no	https://krishna-palacio.itch.io/minifantasy-trains	mechanical
Train Base	vehicle	Trains		yes	no	no	https://krishna-palacio.itch.io/minifantasy-trains	mechanical
Train Floor	vehicle	Trains		yes	no	no	https://krishna-palacio.itch.io/minifantasy-trains	mechanical
Train Wheels	vehicle	Trains		yes	no	no	https://krishna-palacio.itch.io/minifantasy-trains	mechanical
Train doors 	vehicle	Trains		yes	no	no	https://krishna-palacio.itch.io/minifantasy-trains	mechanical
Train windows	vehicle	Trains		yes	no	no	https://krishna-palacio.itch.io/minifantasy-trains	mechanical
Train Benches	manufactured prop	Trains		yes	no	no	https://krishna-palacio.itch.io/minifantasy-trains	furniture
Train Tables	manufactured prop	Trains		yes	no	no	https://krishna-palacio.itch.io/minifantasy-trains	furniture
Train Beds	manufactured prop	Trains		yes	no	no	https://krishna-palacio.itch.io/minifantasy-trains	furniture
Train Luggage	manufactured prop	Trains		yes	no	no	https://krishna-palacio.itch.io/minifantasy-trains	furniture
Train Railways	manufactured prop	Trains		yes	no	no	https://krishna-palacio.itch.io/minifantasy-trains	mechanical, non-aggressive
Train Smoke	animated prop	Trains		yes	no	no	https://krishna-palacio.itch.io/minifantasy-trains	outdoor, grey
Train Wheels	animated prop	Trains		yes	no	no	https://krishna-palacio.itch.io/minifantasy-trains	mechanical
Draft Elephant	animated prop	Trains		yes	no	no	https://krishna-palacio.itch.io/minifantasy-trains	beast, grey, non-aggressive
Steam Train	vehicle	Trains		yes	no	no	https://krishna-palacio.itch.io/minifantasy-trains	mechanical, blue, red, brown
Fortress Train	vehicle	Trains		yes	no	no	https://krishna-palacio.itch.io/minifantasy-trains	mechanical, grey, stone
Magical Train	vehicle	Trains		yes	no	no	https://krishna-palacio.itch.io/minifantasy-trains	mechanical, brown, wood
Orc Land Train	vehicle	Trains		yes	no	no	https://krishna-palacio.itch.io/minifantasy-trains	mechanical, brown, wood
Rock formations	tileset	Pharaoh Tomb		yes	no	no	https://krishna-palacio.itch.io/minifantasy-pharaoh-tomb	nature, outdoor, stone
Shadowy desert sands	tileset	Pharaoh Tomb		yes	no	no	https://krishna-palacio.itch.io/minifantasy-pharaoh-tomb	nature, outdoor, sand
Tomb walls	tileset	Pharaoh Tomb		yes	no	no	https://krishna-palacio.itch.io/minifantasy-pharaoh-tomb	construccion, wall, stone, green, brown
Tomb floor	tileset	Pharaoh Tomb		yes	no	no	https://krishna-palacio.itch.io/minifantasy-pharaoh-tomb	construccion, outdoor, indoor, damaged
Pit	tileset	Pharaoh Tomb		yes	no	no	https://krishna-palacio.itch.io/minifantasy-pharaoh-tomb	construccion, dangerous
Stairs	tileset	Pharaoh Tomb		yes	no	no	https://krishna-palacio.itch.io/minifantasy-pharaoh-tomb	construccion, stone, indoor, outdoor
Glyphs 	tileset	Pharaoh Tomb		yes	no	no	https://krishna-palacio.itch.io/minifantasy-pharaoh-tomb	decoration, 
Sarcophagi	manufactured prop	Pharaoh Tomb		yes	no	no	https://krishna-palacio.itch.io/minifantasy-pharaoh-tomb	decoration, damaged, horror
Coffins	manufactured prop	Pharaoh Tomb		yes	no	no	https://krishna-palacio.itch.io/minifantasy-pharaoh-tomb	decoration, damaged, horror
Treasure chests	manufactured prop	Pharaoh Tomb		yes	no	no	https://krishna-palacio.itch.io/minifantasy-pharaoh-tomb	furniture, open, closed, chest
Vessels	manufactured prop	Pharaoh Tomb		yes	no	no	https://krishna-palacio.itch.io/minifantasy-pharaoh-tomb	decoration
Spikes 	manufactured prop	Pharaoh Tomb		yes	no	no	https://krishna-palacio.itch.io/minifantasy-pharaoh-tomb	tool, equipment
Levers 	animated prop	Pharaoh Tomb		yes	no	no	https://krishna-palacio.itch.io/minifantasy-pharaoh-tomb	mechanical
Buttons 	animated prop	Pharaoh Tomb		yes	no	no	https://krishna-palacio.itch.io/minifantasy-pharaoh-tomb	mechanical
Broken stone blocks 	manufactured prop	Pharaoh Tomb		yes	no	no	https://krishna-palacio.itch.io/minifantasy-pharaoh-tomb	building, outdoor, indoor, ruins, stone
Stone Monolith 	manufactured prop	Pharaoh Tomb		yes	no	no	https://krishna-palacio.itch.io/minifantasy-pharaoh-tomb	decoration, building, outdoor, indoor, stone
Broken and ruined columns	manufactured prop	Pharaoh Tomb		yes	no	no	https://krishna-palacio.itch.io/minifantasy-pharaoh-tomb	decoration, building, outdoor, indoor, ruins, stone
Stand-up pharaoh giant statue	manufactured prop	Pharaoh Tomb		yes	no	no	https://krishna-palacio.itch.io/minifantasy-pharaoh-tomb	stone, decoration, outdoor, indoor
Sit-down pharaoh giant statue 	manufactured prop	Pharaoh Tomb		yes	no	no	https://krishna-palacio.itch.io/minifantasy-pharaoh-tomb	stone, decoration, outdoor, indoor
Pharaoh giant bust	manufactured prop	Pharaoh Tomb		yes	no	no	https://krishna-palacio.itch.io/minifantasy-pharaoh-tomb	stone, decoration, outdoor, indoor
Sphinx statue	manufactured prop	Pharaoh Tomb		yes	no	no	https://krishna-palacio.itch.io/minifantasy-pharaoh-tomb	stone, decoration, outdoor, indoor
Mechanical stone doors	animated prop	Pharaoh Tomb		yes	no	no	https://krishna-palacio.itch.io/minifantasy-pharaoh-tomb	building, mechanical, stone
Giant stone ball trap	animated prop	Pharaoh Tomb		yes	no	no	https://krishna-palacio.itch.io/minifantasy-pharaoh-tomb	tech, trap, mechanical, dangerous
Spinning blade traps	animated prop	Pharaoh Tomb		yes	no	no	https://krishna-palacio.itch.io/minifantasy-pharaoh-tomb	tech, trap, mechanical, dangerous
Tomb Entrance	premade	Pharaoh Tomb		yes	no	no	https://krishna-palacio.itch.io/minifantasy-pharaoh-tomb	building, outdoor
Pharaoh Tomb dungeon 	premade	Pharaoh Tomb		yes	no	no	https://krishna-palacio.itch.io/minifantasy-pharaoh-tomb	building, dungeon, sample
Baby Observer	creature	Enchanted Companions		yes	no	no	https://krishna-palacio.itch.io/minifantasy-enchanted-companions	creature, enchanted, magical
Magic book	creature	Enchanted Companions		yes	no	no	https://krishna-palacio.itch.io/minifantasy-enchanted-companions	creature, enchanted, magical
Bulldog	creature	Enchanted Companions		yes	no	no	https://krishna-palacio.itch.io/minifantasy-enchanted-companions	animal, enchanted, magical
Living Cactus	creature	Enchanted Companions		yes	no	no	https://krishna-palacio.itch.io/minifantasy-enchanted-companions	Creature, plant, enchanted, magical
Goblin Carrier	creature	Enchanted Companions		yes	no	no	https://krishna-palacio.itch.io/minifantasy-enchanted-companions	creature, enchanted, magical, offensive, defensive
Cherub	creature	Enchanted Companions		yes	no	no	https://krishna-palacio.itch.io/minifantasy-enchanted-companions	creature, enchanted, magical, offensive, defensive
Dog-like Chest	creature	Enchanted Companions		yes	no	no	https://krishna-palacio.itch.io/minifantasy-enchanted-companions	creature, enchanted, magical, offensive, defensive
Magic Cloud	creature	Enchanted Companions		yes	no	no	https://krishna-palacio.itch.io/minifantasy-enchanted-companions	creature, enchanted, magical, offensive, defensive
Draco	creature	Enchanted Companions		yes	no	no	https://krishna-palacio.itch.io/minifantasy-enchanted-companions	creature, enchanted, magical, offensive, defensive
Doppelganger Egg	creature	Enchanted Companions		yes	no	no	https://krishna-palacio.itch.io/minifantasy-enchanted-companions	creature, enchanted, magical, offensive, defensive
Hive and Bees	creature	Enchanted Companions		yes	no	no	https://krishna-palacio.itch.io/minifantasy-enchanted-companions	animal, enchanted, magical,  offensive, defensive
Stubby Lizard	creature	Enchanted Companions		yes	no	no	https://krishna-palacio.itch.io/minifantasy-enchanted-companions	animal, enchanted, magical,  offensive, defensive
Elemental Orbs	creature	Enchanted Companions		yes	no	no	https://krishna-palacio.itch.io/minifantasy-enchanted-companions	creature, enchanted, magical, offensive, defensive
Rolling Stone	creature	Enchanted Companions		yes	no	no	https://krishna-palacio.itch.io/minifantasy-enchanted-companions	creature, enchanted, magical, offensive, defensive
Shadow	creature	Enchanted Companions		yes	no	no	https://krishna-palacio.itch.io/minifantasy-enchanted-companions	creature, enchanted, magical, offensive, defensive
Flying Skull	creature	Enchanted Companions		yes	no	no	https://krishna-palacio.itch.io/minifantasy-enchanted-companions	creature, enchanted, magical, offensive, defensive
Sprite	creature	Enchanted Companions		yes	no	no	https://krishna-palacio.itch.io/minifantasy-enchanted-companions	creature, enchanted, magical, offensive, defensive
Enchanted Sword	creature	Enchanted Companions		yes	no	no	https://krishna-palacio.itch.io/minifantasy-enchanted-companions	weapon, enchanted, magical,  offensive, defensive
Outdoor stone pavement	tileset	Persian Palace		yes	no	no	https://krishna-palacio.itch.io/minifantasy-persian-palace	floor, outdoor, grey, stone
Persian Palace walls	tileset	Persian Palace		yes	no	no	https://krishna-palacio.itch.io/minifantasy-persian-palace	building, blue, red, purple
Persian Palace Towers 	tileset	Persian Palace		yes	no	no	https://krishna-palacio.itch.io/minifantasy-persian-palace	building, blue, red, purple
Persian Domes	tileset	Persian Palace		yes	no	no	https://krishna-palacio.itch.io/minifantasy-persian-palace	building, blue, yellow, white
Persian Windows and Doors	tileset	Persian Palace		yes	no	no	https://krishna-palacio.itch.io/minifantasy-persian-palace	building, outdoor, indoor
Persian Marble Columns	tileset	Persian Palace		yes	no	no	https://krishna-palacio.itch.io/minifantasy-persian-palace	building, marble, indoor, outdoor
Persian Staircases 	tileset	Persian Palace		yes	no	no	https://krishna-palacio.itch.io/minifantasy-persian-palace	building, outdoor, indoor
Persian roof	tileset	Persian Palace		yes	no	no	https://krishna-palacio.itch.io/minifantasy-persian-palace	building, roof, outdoor
Persian Planter	tileset	Persian Palace		yes	no	no	https://krishna-palacio.itch.io/minifantasy-persian-palace	building
Persian Fountain	animated tileset	Persian Palace		yes	no	no	https://krishna-palacio.itch.io/minifantasy-persian-palace	decoration, building, outdoor, indoor
Persian rugs	tileset	Persian Palace		yes	no	no	https://krishna-palacio.itch.io/minifantasy-persian-palace	decoration, red, blue, green
Sofa (including corner sections)	manufactured prop	Persian Palace		yes	no	no	https://krishna-palacio.itch.io/minifantasy-persian-palace	furniture, Blue, Purple, Red, Orange, Yellow, Green
Divan	manufactured prop	Persian Palace		yes	no	no	https://krishna-palacio.itch.io/minifantasy-persian-palace	furniture, Blue, Purple, Red, Orange, Yellow, Green
Pillows	manufactured prop	Persian Palace		yes	no	no	https://krishna-palacio.itch.io/minifantasy-persian-palace	decoration, Blue, Purple, Red, Orange, Yellow, Green
King size beds	manufactured prop	Persian Palace		yes	no	no	https://krishna-palacio.itch.io/minifantasy-persian-palace	furniture, Blue, Purple, Red, Orange, Yellow, Green
Velvet Chairs	manufactured prop	Persian Palace		yes	no	no	https://krishna-palacio.itch.io/minifantasy-persian-palace	furniture, velvet, Blue, Red, Orange, Yellow, Green
Beanbags	manufactured prop	Persian Palace		yes	no	no	https://krishna-palacio.itch.io/minifantasy-persian-palace	decoration, Blue, Purple, Red, Orange, Yellow, Green
Lintels	manufactured prop	Persian Palace		yes	no	no	https://krishna-palacio.itch.io/minifantasy-persian-palace	decoration, Blue, Purple, Red, Orange, Yellow, Green
Censers	manufactured prop	Persian Palace		yes	no	no	https://krishna-palacio.itch.io/minifantasy-persian-palace	decoration, Blue, Purple, Red, Orange, Yellow, Green
Vases	manufactured prop	Persian Palace		yes	no	no	https://krishna-palacio.itch.io/minifantasy-persian-palace	decoration, housewere
Pottery	manufactured prop	Persian Palace		yes	no	no	https://krishna-palacio.itch.io/minifantasy-persian-palace	decoration, housewere
Tables of various sizes	manufactured prop	Persian Palace		yes	no	no	https://krishna-palacio.itch.io/minifantasy-persian-palace	furniture, brown
Wooden room dividers	manufactured prop	Persian Palace		yes	no	no	https://krishna-palacio.itch.io/minifantasy-persian-palace	decoration, building, wood, brown
Palm trees	natural prop	Persian Palace		yes	no	no	https://krishna-palacio.itch.io/minifantasy-persian-palace	nature, outdoor, indoor, green, brown
Fragrant Flowering Shrubs	natural prop	Persian Palace		yes	no	no	https://krishna-palacio.itch.io/minifantasy-persian-palace	nature, outdoor, indoor, green, brown
Flowers	natural prop	Persian Palace		yes	no	no	https://krishna-palacio.itch.io/minifantasy-persian-palace	nature, outdoor, indoor, grenn, red, blue, yellow
Fountains	animated prop	Persian Palace		yes	no	no	https://krishna-palacio.itch.io/minifantasy-persian-palace	decoration, outdor, indoor
Palace interior	premade	Persian Palace		yes	no	no	https://krishna-palacio.itch.io/minifantasy-persian-palace	building, Terracota&Blue, Blue&Purple, Red&Yellow
Palace exterior	premade	Persian Palace		yes	no	no	https://krishna-palacio.itch.io/minifantasy-persian-palace	building, Terracota&Blue, Blue&Purple, Red&Yellow
Ghost	creature	Undead creatures		yes 	no	no	https://krishna-palacio.itch.io/minifantasy-undead-creatures	undead, monster, aggressive
Headless Skeleton & Jumping Skull	creature	Undead creatures		yes 	no	no	https://krishna-palacio.itch.io/minifantasy-undead-creatures	undead, monster, aggressive
Skeleton Archer	creature	Undead creatures		yes 	no	no	https://krishna-palacio.itch.io/minifantasy-undead-creatures	undead, monster, aggressive
Skeleton Mage	creature	Undead creatures		yes 	no	no	https://krishna-palacio.itch.io/minifantasy-undead-creatures	undead, monster, aggressive
Skeleton Warrior	creature	Undead creatures		yes 	no	no	https://krishna-palacio.itch.io/minifantasy-undead-creatures	undead, monster, aggressive
Skeletal Horse (with and without a skeleton rider)	creature	Undead creatures		yes 	no	no	https://krishna-palacio.itch.io/minifantasy-undead-creatures	undead, monster, aggressive
Skeleton Minotaur	creature	Undead creatures		yes 	no	no	https://krishna-palacio.itch.io/minifantasy-undead-creatures	undead, monster, aggressive
Zombie Archer	creature	Undead creatures		yes 	no	no	https://krishna-palacio.itch.io/minifantasy-undead-creatures	undead, monster, aggressive
Zombie Mage	creature	Undead creatures		yes 	no	no	https://krishna-palacio.itch.io/minifantasy-undead-creatures	undead, monster, aggressive
Zombie Warrior	creature	Undead creatures		yes 	no	no	https://krishna-palacio.itch.io/minifantasy-undead-creatures	undead, monster, aggressive
Zombie Bear	creature	Undead creatures		yes 	no	no	https://krishna-palacio.itch.io/minifantasy-undead-creatures	undead, monster, aggressive
Zombie Giant	creature	Undead creatures		yes 	no	no	https://krishna-palacio.itch.io/minifantasy-undead-creatures	undead, monster, aggressive
Zombie Minotaur	creature	Undead creatures		yes 	no	no	https://krishna-palacio.itch.io/minifantasy-undead-creatures	undead, monster, aggressive
Rocky sewer wall	tileset	Sewers		yes 	no	no	https://krishna-palacio.itch.io/minifantasy-sewers	building, indoor, rock, grey
Moldy sewer wall	tileset	Sewers		yes 	no	no	https://krishna-palacio.itch.io/minifantasy-sewers	building, indoor, moldy
Sewer passages and broken wall holes	tileset	Sewers		yes 	no	no	https://krishna-palacio.itch.io/minifantasy-sewers	building, indoor, broken
Rusty metal bars for the sewer passages	tileset	Sewers		yes 	no	no	https://krishna-palacio.itch.io/minifantasy-sewers	building, indoor, rusty
Sewer floor	tileset	Sewers		yes 	no	no	https://krishna-palacio.itch.io/minifantasy-sewers	building, indoor, floor, grey
Broken and damaged floor	tileset	Sewers		yes 	no	no	https://krishna-palacio.itch.io/minifantasy-sewers	building, indoor, floor, broken, damaged
Sinks, manholes and manhole covers	tileset	Sewers		yes 	no	no	https://krishna-palacio.itch.io/minifantasy-sewers	building, decoration, 
Sewer entrance ladders	tileset	Sewers		yes 	no	no	https://krishna-palacio.itch.io/minifantasy-sewers	building, indoor, outdoor
Precarious wooden walkways	tileset	Sewers		yes 	no	no	https://krishna-palacio.itch.io/minifantasy-sewers	building, wooden, brown, damaged, dangerous
Pipes that run along the walls	tileset	Sewers		yes 	no	no	https://krishna-palacio.itch.io/minifantasy-sewers	building, decoration, grey, metal
Dirty water 	tileset	Sewers		yes 	no	no	https://krishna-palacio.itch.io/minifantasy-sewers	outdoor, indoor, dirty, 
Canal tiles	tileset	Sewers		yes 	no	no	https://krishna-palacio.itch.io/minifantasy-sewers	building, indoor, outdoor
Detritus and rubbish piles	natural prop	Sewers		yes 	no	no	https://krishna-palacio.itch.io/minifantasy-sewers	decoration, dirty
Broken planks and tubes	manufactured prop	Sewers		yes 	no	no	https://krishna-palacio.itch.io/minifantasy-sewers	building, broken, ruins, damaged
Garbage 	manufactured prop	Sewers		yes 	no	no	https://krishna-palacio.itch.io/minifantasy-sewers	decoration, dirty
Wooden crates	manufactured prop	Sewers		yes 	no	no	https://krishna-palacio.itch.io/minifantasy-sewers	decoration, wooden, brown
Broken wooden crates	manufactured prop	Sewers		yes 	no	no	https://krishna-palacio.itch.io/minifantasy-sewers	decoration, wooden, brown, broken
Wooden casks	manufactured prop	Sewers		yes 	no	no	https://krishna-palacio.itch.io/minifantasy-sewers	decoration, wooden, brown
Broken wooden casks	manufactured prop	Sewers		yes 	no	no	https://krishna-palacio.itch.io/minifantasy-sewers	decoration, wooden, brown, broken
Pipes that come out from the wall	manufactured prop	Sewers		yes 	no	no	https://krishna-palacio.itch.io/minifantasy-sewers	decoration, building, grey, metal
Spider webs	natural prop	Sewers		yes 	no	no	https://krishna-palacio.itch.io/minifantasy-sewers	decoration, indoor, dirty
Suspicious goo hanging from the walls	natural prop	Sewers		yes 	no	no	https://krishna-palacio.itch.io/minifantasy-sewers	decoration, indoor, dirty, green, grey, blue
Rubbish floating on the water	animated prop	Sewers		yes 	no	no	https://krishna-palacio.itch.io/minifantasy-sewers	decoration, dirty
Floating bloated corpses	animated prop	Sewers		yes 	no	no	https://krishna-palacio.itch.io/minifantasy-sewers	creepy, dead
Pipes putting out dirty water	animated prop	Sewers		yes 	no	no	https://krishna-palacio.itch.io/minifantasy-sewers	decoration, indoor, dirty
Fire Burst Spell	animated effect	Spell Effects		yes	no	no	https://krishna-palacio.itch.io/minifantasy-spell-effects	spell, magic, sorcery
Fire Aura Spell	animated effect	Spell Effects		yes	no	no	https://krishna-palacio.itch.io/minifantasy-spell-effects	spell, magic, sorcery
Fire Tileable Spell	animated effect	Spell Effects		yes	no	no	https://krishna-palacio.itch.io/minifantasy-spell-effects	spell, magic, sorcery
Fire Premade Spell Patterns	animated effect	Spell Effects		yes	no	no	https://krishna-palacio.itch.io/minifantasy-spell-effects	spell, magic, sorcery
Ice Burst Spell	animated effect	Spell Effects		yes	no	no	https://krishna-palacio.itch.io/minifantasy-spell-effects	spell, magic, sorcery
Ice Aura Spell	animated effect	Spell Effects		yes	no	no	https://krishna-palacio.itch.io/minifantasy-spell-effects	spell, magic, sorcery
Ice Tileable Spell	animated effect	Spell Effects		yes	no	no	https://krishna-palacio.itch.io/minifantasy-spell-effects	spell, magic, sorcery
Ice Premade Spell Patterns	animated effect	Spell Effects		yes	no	no	https://krishna-palacio.itch.io/minifantasy-spell-effects	spell, magic, sorcery
Poison Burst Spell	animated effect	Spell Effects		yes	no	no	https://krishna-palacio.itch.io/minifantasy-spell-effects	spell, magic, sorcery
Poison Aura Spell	animated effect	Spell Effects		yes	no	no	https://krishna-palacio.itch.io/minifantasy-spell-effects	spell, magic, sorcery
Poison Tileable Spell	animated effect	Spell Effects		yes	no	no	https://krishna-palacio.itch.io/minifantasy-spell-effects	spell, magic, sorcery
Poison Premade Spell Patterns	animated effect	Spell Effects		yes	no	no	https://krishna-palacio.itch.io/minifantasy-spell-effects	spell, magic, sorcery
Electric Burst Spell	animated effect	Spell Effects		yes	no	no	https://krishna-palacio.itch.io/minifantasy-spell-effects	spell, magic, sorcery
Electric Aura Spell	animated effect	Spell Effects		yes	no	no	https://krishna-palacio.itch.io/minifantasy-spell-effects	spell, magic, sorcery
Electric Tileable Spell	animated effect	Spell Effects		yes	no	no	https://krishna-palacio.itch.io/minifantasy-spell-effects	spell, magic, sorcery
Electric Premade Spell Patterns	animated effect	Spell Effects		yes	no	no	https://krishna-palacio.itch.io/minifantasy-spell-effects	spell, magic, sorcery
4x4 Green Forest	tileset	Tiny Overworld II		yes 	no	no	https://krishna-palacio.itch.io/minifantasy-tiny-overworld-ii	trees, forrest, green
4x4 Dark Forest	tileset	Tiny Overworld II		yes 	no	no	https://krishna-palacio.itch.io/minifantasy-tiny-overworld-ii	trees, forrest, grey
4x4 Autumn Forest	tileset	Tiny Overworld II		yes 	no	no	https://krishna-palacio.itch.io/minifantasy-tiny-overworld-ii	trees, forrest, brown
4x4 Hellscape	tileset	Tiny Overworld II		yes 	no	no	https://krishna-palacio.itch.io/minifantasy-tiny-overworld-ii	creepy, horror
4x4 Jungle	tileset	Tiny Overworld II		yes 	no	no	https://krishna-palacio.itch.io/minifantasy-tiny-overworld-ii	nature, forrest, trees, wild
4x4  Corrupted Land	tileset	Tiny Overworld II		yes 	no	no	https://krishna-palacio.itch.io/minifantasy-tiny-overworld-ii	nature, creepy, horror
4x4  Pharaoh Desert	tileset	Tiny Overworld II		yes 	no	no	https://krishna-palacio.itch.io/minifantasy-tiny-overworld-ii	nature, desert
Tiny ancient forest trees	natural prop	Tiny Overworld II		yes 	no	no	https://krishna-palacio.itch.io/minifantasy-tiny-overworld-ii	nature, trees 
Tiny rocks	natural prop	Tiny Overworld II		yes 	no	no	https://krishna-palacio.itch.io/minifantasy-tiny-overworld-ii	nature, rocks
Tiny infernal trees	natural prop	Tiny Overworld II		yes 	no	no	https://krishna-palacio.itch.io/minifantasy-tiny-overworld-ii	nature, trees, creepy, horror
Tiny demonic Statues	manufactured prop	Tiny Overworld II		yes 	no	no	https://krishna-palacio.itch.io/minifantasy-tiny-overworld-ii	decoration, creepy, horror
Tiny spiky rocks	natural prop	Tiny Overworld II		yes 	no	no	https://krishna-palacio.itch.io/minifantasy-tiny-overworld-ii	rocks, dangerous
Tiny strange gate and fence	manufactured prop	Tiny Overworld II		yes 	no	no	https://krishna-palacio.itch.io/minifantasy-tiny-overworld-ii	building, stone, grey, strange
Tiny Floating evil monoliths	manufactured prop	Tiny Overworld II		yes 	no	no	https://krishna-palacio.itch.io/minifantasy-tiny-overworld-ii	decoration, creepy, stone, grey
Tiny jungle plants and flowers	natural prop	Tiny Overworld II		yes 	no	no	https://krishna-palacio.itch.io/minifantasy-tiny-overworld-ii	nature, green, outdoor
Tiny bone trees	natural prop	Tiny Overworld II		yes 	no	no	https://krishna-palacio.itch.io/minifantasy-tiny-overworld-ii	creepy, horror, decoration
Tiny corrupted ziggurat an obelisk	manufactured prop	Tiny Overworld II		yes 	no	no	https://krishna-palacio.itch.io/minifantasy-tiny-overworld-ii	building, creepy, decoration
Tiny pharaoh statue and sphinx statue	manufactured prop	Tiny Overworld II		yes 	no	no	https://krishna-palacio.itch.io/minifantasy-tiny-overworld-ii	decoration, outdoor, indoor
Tiny ancient columns	manufactured prop	Tiny Overworld II		yes 	no	no	https://krishna-palacio.itch.io/minifantasy-tiny-overworld-ii	decoration, building, outdoor, indoor
Tiny farm	manufactured prop	Tiny Overworld II		yes 	no	no	https://krishna-palacio.itch.io/minifantasy-tiny-overworld-ii	building, farm, landscape, rural
Tiny towns and villages	manufactured prop	Tiny Overworld II		yes 	no	no	https://krishna-palacio.itch.io/minifantasy-tiny-overworld-ii	buildings, landscape, rural, urban
Tiny raided village	manufactured prop	Tiny Overworld II		yes 	no	no	https://krishna-palacio.itch.io/minifantasy-tiny-overworld-ii	buildings, landscape, ruins
Tiny elven tree houses	manufactured prop	Tiny Overworld II		yes 	no	no	https://krishna-palacio.itch.io/minifantasy-tiny-overworld-ii	buildings, lanscape, elvish, elfish
Tiny lost civilization ruins	manufactured prop	Tiny Overworld II		yes 	no	no	https://krishna-palacio.itch.io/minifantasy-tiny-overworld-ii	buildings, lanscape, ruins
Tiny orc towns	manufactured prop	Tiny Overworld II		yes 	no	no	https://krishna-palacio.itch.io/minifantasy-tiny-overworld-ii	buildings, lanscape, ors
Tiny persian palaces	manufactured prop	Tiny Overworld II		yes 	no	no	https://krishna-palacio.itch.io/minifantasy-tiny-overworld-ii	buildings, lanscape, palace
Tiny temples	manufactured prop	Tiny Overworld II		yes 	no	no	https://krishna-palacio.itch.io/minifantasy-tiny-overworld-ii	buildings, lanscape, temples
Ancient stone dungeon walls	tileset	Crypt of the forgotten		yes	no	no	https://krishna-palacio.itch.io/minifantasy-crypt-of-the-forgotten	construccion, wall, stone, grey
Wall niches with human remain	tileset	Crypt of the forgotten		yes	no	no	https://krishna-palacio.itch.io/minifantasy-crypt-of-the-forgotten	building, underground, indoor, grey, creepy
Wall engravings of the Old One	tileset	Crypt of the forgotten		yes	no	no	https://krishna-palacio.itch.io/minifantasy-crypt-of-the-forgotten	decoration, 
Wall engravings of tentacles	tileset	Crypt of the forgotten		yes	no	no	https://krishna-palacio.itch.io/minifantasy-crypt-of-the-forgotten	decoration
Ancient stone floor	tileset	Crypt of the forgotten		yes	no	no	https://krishna-palacio.itch.io/minifantasy-crypt-of-the-forgotten	building, floor, indoor, grey, ancient
Ancient stone arches	tileset	Crypt of the forgotten		yes	no	no	https://krishna-palacio.itch.io/minifantasy-crypt-of-the-forgotten	building, floor, indoor, grey, ancient
Forgotten crypt doors	tileset	Crypt of the forgotten		yes	no	no	https://krishna-palacio.itch.io/minifantasy-crypt-of-the-forgotten	building, indoor, outdoor, brown
Forgotten crypt stairs	tileset	Crypt of the forgotten		yes	no	no	https://krishna-palacio.itch.io/minifantasy-crypt-of-the-forgotten	building, indoor, grey
Cthulhu idols	manufactured prop	Crypt of the forgotten		yes	no	no	https://krishna-palacio.itch.io/minifantasy-crypt-of-the-forgotten	decoration, grey, 
Tentacle relics	manufactured prop	Crypt of the forgotten		yes	no	no	https://krishna-palacio.itch.io/minifantasy-crypt-of-the-forgotten	decoration, grey, creepy
Eldritch altars	manufactured prop	Crypt of the forgotten		yes	no	no	https://krishna-palacio.itch.io/minifantasy-crypt-of-the-forgotten	furniture, decoration, indoor, outdoor, religious
Sacrificial slabs	manufactured prop	Crypt of the forgotten		yes	no	no	https://krishna-palacio.itch.io/minifantasy-crypt-of-the-forgotten	furniture, decoration, indoor, outdoor, religious, creepy
Eldritch Candles	animated prop	Crypt of the forgotten		yes	no	no	https://krishna-palacio.itch.io/minifantasy-crypt-of-the-forgotten	decoration, religious, creepy
Cursed Tome	manufactured prop	Crypt of the forgotten		yes	no	no	https://krishna-palacio.itch.io/minifantasy-crypt-of-the-forgotten	decoration, religious, creepy
Dwarven stone walls	tileset	Dwarden workshop		yes	no	no	https://krishna-palacio.itch.io/minifantasydwarven-workshop	building, indoor, stone
Dwarven stone floors	tileset	Dwarden workshop		yes	no	no	https://krishna-palacio.itch.io/minifantasydwarven-workshop	building, indoor, stone
Dwarven workshop doors	tileset	Dwarden workshop		yes	no	no	https://krishna-palacio.itch.io/minifantasydwarven-workshop	building, indoor
Dwarven stone stairs	tileset	Dwarden workshop		yes	no	no	https://krishna-palacio.itch.io/minifantasydwarven-workshop	building, indoor, stone
Dwarven workshop chimneys	tileset	Dwarden workshop		yes	no	no	https://krishna-palacio.itch.io/minifantasydwarven-workshop	building, indoor, 
Steam pipes 	tileset	Dwarden workshop		yes	no	no	https://krishna-palacio.itch.io/minifantasydwarven-workshop	decoratión, indoor
Workshop blueprints	manufactured prop	Dwarden workshop		yes	no	no	https://krishna-palacio.itch.io/minifantasydwarven-workshop	building, indoor
Workshop shelves 	manufactured prop	Dwarden workshop		yes	no	no	https://krishna-palacio.itch.io/minifantasydwarven-workshop	furniture, decoration
Chemical vials and containers	manufactured prop	Dwarden workshop		yes	no	no	https://krishna-palacio.itch.io/minifantasydwarven-workshop	equipment, utility, item
Stone tables and counters	manufactured prop	Dwarden workshop		yes	no	no	https://krishna-palacio.itch.io/minifantasydwarven-workshop	furmiture, stone
Wooden Workbenches	manufactured prop	Dwarden workshop		yes	no	no	https://krishna-palacio.itch.io/minifantasydwarven-workshop	furniture, wood
Wooden drawing tables	manufactured prop	Dwarden workshop		yes	no	no	https://krishna-palacio.itch.io/minifantasydwarven-workshop	furniture, wood
Workshop stools 	manufactured prop	Dwarden workshop		yes	no	no	https://krishna-palacio.itch.io/minifantasydwarven-workshop	furniture, wood
Workshop chairs 	manufactured prop	Dwarden workshop		yes	no	no	https://krishna-palacio.itch.io/minifantasydwarven-workshop	furniture
Anvils	manufactured prop	Dwarden workshop		yes	no	no	https://krishna-palacio.itch.io/minifantasydwarven-workshop	equipment, utility, item
Tools	manufactured prop	Dwarden workshop		yes	no	no	https://krishna-palacio.itch.io/minifantasydwarven-workshop	equipment, utility, item
Metal pieces	manufactured prop	Dwarden workshop		yes	no	no	https://krishna-palacio.itch.io/minifantasydwarven-workshop	equipment, utility, item
Workbench augment lens	manufactured prop	Dwarden workshop		yes	no	no	https://krishna-palacio.itch.io/minifantasydwarven-workshop	equipment, utility, item
Metal and Wooden Scraps	manufactured prop	Dwarden workshop		yes	no	no	https://krishna-palacio.itch.io/minifantasydwarven-workshop	equipment, utility, item
Scrap containers	manufactured prop	Dwarden workshop		yes	no	no	https://krishna-palacio.itch.io/minifantasydwarven-workshop	equipment, utility, item
Dwarven engines	animated prop	Dwarden workshop		yes	no	no	https://krishna-palacio.itch.io/minifantasydwarven-workshop	equipment, utility
Workshop Torches	animated prop	Dwarden workshop		yes	no	no	https://krishna-palacio.itch.io/minifantasydwarven-workshop	decoration, utility
Conveyor Belts	animated prop	Dwarden workshop		yes	no	no	https://krishna-palacio.itch.io/minifantasydwarven-workshop	decoration, utility
Fireplace	animated prop	Dwarden workshop		yes	no	no	https://krishna-palacio.itch.io/minifantasydwarven-workshop	decoration, utility
Steam being released effect	animated effect	Dwarden workshop		yes	no	no	https://krishna-palacio.itch.io/minifantasydwarven-workshop	decoration, grey
Nightmare Floating Platforms	tileset	Nightmare Realm		yes	no	no	https://krishna-palacio.itch.io/minifantasy-nightmare-realm	construccion, outdoor, indoor, dangerous
Nightmare Cliffs	tileset	Nightmare Realm		yes	no	no	https://krishna-palacio.itch.io/minifantasy-nightmare-realm	nature, dangerous
Platforms dissolving into the void	tileset	Nightmare Realm		yes	no	no	https://krishna-palacio.itch.io/minifantasy-nightmare-realm	construccion, dangerous
Oneiric Ground reflections	tileset	Nightmare Realm		yes	no	no	https://krishna-palacio.itch.io/minifantasy-nightmare-realm	decoration, creepy
Nightmare Stone Path	tileset	Nightmare Realm		yes	no	no	https://krishna-palacio.itch.io/minifantasy-nightmare-realm	path, stone, creepy
Ethereal Construction remains	tileset	Nightmare Realm		yes	no	no	https://krishna-palacio.itch.io/minifantasy-nightmare-realm	building, ethereal, creepy
Ethereal Construction Entrances	tileset	Nightmare Realm		yes	no	no	https://krishna-palacio.itch.io/minifantasy-nightmare-realm	building, ethereal, creepy
Ground Tiles	tileset	Nightmare Realm		yes	no	no	https://krishna-palacio.itch.io/minifantasy-nightmare-realm	floor, outdoor, grey, stone
Background Oneiric	tileset	Nightmare Realm		yes	no	no	https://krishna-palacio.itch.io/minifantasy-nightmare-realm	decoration, creepy
Nightmare Clouds	natural prop	Nightmare Realm		yes	no	no	https://krishna-palacio.itch.io/minifantasy-nightmare-realm	nature, creepy, horror
Oneiric Rocks	natural prop	Nightmare Realm		yes	no	no	https://krishna-palacio.itch.io/minifantasy-nightmare-realm	rocks, ethereal, creepy
Bone Remains	natural prop	Nightmare Realm		yes	no	no	https://krishna-palacio.itch.io/minifantasy-nightmare-realm	decoration, natural, creepy, horror
Various Nightmare vegetation	natural prop	Nightmare Realm		yes	no	no	https://krishna-palacio.itch.io/minifantasy-nightmare-realm	natural, creepy, horror
Various Oneiric Trees	natural prop	Nightmare Realm		yes	no	no	https://krishna-palacio.itch.io/minifantasy-nightmare-realm	natural, creepy, horror
Reinforced concrete building structure	tileset	Modern Apocalypse		yes	no	no	https://krishna-palacio.itch.io/minifantasy-modern-apocalypse	building, concrete, grey
Damaged and broken reinforced concrete building structure	tileset	Modern Apocalypse		yes	no	no	https://krishna-palacio.itch.io/minifantasy-modern-apocalypse	building, concrete, grey, broken, damaged
Brick walls	tileset	Modern Apocalypse		yes	no	no	https://krishna-palacio.itch.io/minifantasy-modern-apocalypse	building, construccion, crafting
Brick walls with a damaged coat of paint 	tileset	Modern Apocalypse		yes	no	no	https://krishna-palacio.itch.io/minifantasy-modern-apocalypse	building, construccion, damaged, broken
Modern building facade	tileset	Modern Apocalypse		yes	no	no	https://krishna-palacio.itch.io/minifantasy-modern-apocalypse	building, construccion
Damaged modern building facade	tileset	Modern Apocalypse		yes	no	no	https://krishna-palacio.itch.io/minifantasy-modern-apocalypse	building, construccion, damaged, broken
Modern doors and windows	tileset	Modern Apocalypse		yes	no	no	https://krishna-palacio.itch.io/minifantasy-modern-apocalypse	building, outdoor, indoor
Broken and damaged doors and windows	tileset	Modern Apocalypse		yes	no	no	https://krishna-palacio.itch.io/minifantasy-modern-apocalypse	building, outdoor, indoor, damaged, broken
Damaged tile floor 	tileset	Modern Apocalypse		yes	no	no	https://krishna-palacio.itch.io/minifantasy-modern-apocalypse	building, damaged, broken
Damaged carpet floor	tileset	Modern Apocalypse		yes	no	no	https://krishna-palacio.itch.io/minifantasy-modern-apocalypse	decoration, furniture, damaged, floor
Damaged wooden floor	tileset	Modern Apocalypse		yes	no	no	https://krishna-palacio.itch.io/minifantasy-modern-apocalypse	building, damaged, broken, wood
Sidewalk	tileset	Modern Apocalypse		yes	no	no	https://krishna-palacio.itch.io/minifantasy-modern-apocalypse	building, outdoor, grey
Road	tileset	Modern Apocalypse		yes	no	no	https://krishna-palacio.itch.io/minifantasy-modern-apocalypse	building, outdoor, grey
Wasteland	tileset	Modern Apocalypse		yes	no	no	https://krishna-palacio.itch.io/minifantasy-modern-apocalypse	landscape, 
Damaged shop and business signs	manufactured prop	Modern Apocalypse		yes	no	no	https://krishna-palacio.itch.io/minifantasy-modern-apocalypse	decoration, outdoor, damaged, broken
Damaged and broken awnings	manufactured prop	Modern Apocalypse		yes	no	no	https://krishna-palacio.itch.io/minifantasy-modern-apocalypse	decoration, outdoor, damaged, broken
Shop counters	manufactured prop	Modern Apocalypse		yes	no	no	https://krishna-palacio.itch.io/minifantasy-modern-apocalypse	furniture, indoor
Damaged and looted shelves and displays	manufactured prop	Modern Apocalypse		yes	no	no	https://krishna-palacio.itch.io/minifantasy-modern-apocalypse	furniture, indoor, damaged, broken
Abandoned products and items	manufactured prop	Modern Apocalypse		yes	no	no	https://krishna-palacio.itch.io/minifantasy-modern-apocalypse	decoration, furniture, damaged
Looted tills	manufactured prop	Modern Apocalypse		yes	no	no	https://krishna-palacio.itch.io/minifantasy-modern-apocalypse	decoration, damaged
Abandoned shopping carts	manufactured prop	Modern Apocalypse		yes	no	no	https://krishna-palacio.itch.io/minifantasy-modern-apocalypse	furniture, damaged
Office chairs	manufactured prop	Modern Apocalypse		yes	no	no	https://krishna-palacio.itch.io/minifantasy-modern-apocalypse	furniture, indoor
Knocked down office chairs	manufactured prop	Modern Apocalypse		yes	no	no	https://krishna-palacio.itch.io/minifantasy-modern-apocalypse	furniture, indoor, damaged, broken
Office tables	manufactured prop	Modern Apocalypse		yes	no	no	https://krishna-palacio.itch.io/minifantasy-modern-apocalypse	furniture, indoor
Damaged office tables	manufactured prop	Modern Apocalypse		yes	no	no	https://krishna-palacio.itch.io/minifantasy-modern-apocalypse	furniture, indoor, damaged, broken
Computers	manufactured prop	Modern Apocalypse		yes	no	no	https://krishna-palacio.itch.io/minifantasy-modern-apocalypse	furniture, indoor, technology
Broken computers	manufactured prop	Modern Apocalypse		yes	no	no	https://krishna-palacio.itch.io/minifantasy-modern-apocalypse	furniture, indoor, technology, broken
Cabinets	manufactured prop	Modern Apocalypse		yes	no	no	https://krishna-palacio.itch.io/minifantasy-modern-apocalypse	furniture, indoor
Damaged cabinets	manufactured prop	Modern Apocalypse		yes	no	no	https://krishna-palacio.itch.io/minifantasy-modern-apocalypse	furniture, indoor, damaged
Papers and rubbish	manufactured prop	Modern Apocalypse		yes	no	no	https://krishna-palacio.itch.io/minifantasy-modern-apocalypse	decoration, indoor, outdoor
Damaged water dispenser	manufactured prop	Modern Apocalypse		yes	no	no	https://krishna-palacio.itch.io/minifantasy-modern-apocalypse	decoration, furniture, indoor, damaged
Office space dividers	manufactured prop	Modern Apocalypse		yes	no	no	https://krishna-palacio.itch.io/minifantasy-modern-apocalypse	furniture, indoor
Cars in various damage states	vehicle	Modern Apocalypse		yes	no	no	https://krishna-palacio.itch.io/minifantasy-modern-apocalypse	vehicle, outdoor, damaged, broken
Streetlights	manufactured prop	Modern Apocalypse		yes	no	no	https://krishna-palacio.itch.io/minifantasy-modern-apocalypse	furniture, outdoor
Angel Of Death	creature	Monster Creatures		yes	no	no	https://krishna-palacio.itch.io/minifantasy-monster-creatures	undead, monster, aggressive
Brain Slayer	creature	Monster Creatures		yes	no	no	https://krishna-palacio.itch.io/minifantasy-monster-creatures	lovecraftian, monster, offensive
Deep One	creature	Monster Creatures		yes	no	no	https://krishna-palacio.itch.io/minifantasy-monster-creatures	lovecraftian, monster, offensive
Centaur King	creature	Monster Creatures		yes	no	no	https://krishna-palacio.itch.io/minifantasy-monster-creatures	mythical, monster, aggressive
Chest Mimic	creature	Monster Creatures		yes	no	no	https://krishna-palacio.itch.io/minifantasy-monster-creatures	monster, aggressive
Demon Spider	creature	Monster Creatures		yes	no	no	https://krishna-palacio.itch.io/minifantasy-monster-creatures	demon, monster, aggressive
Gargoyle	creature	Monster Creatures		yes	no	no	https://krishna-palacio.itch.io/minifantasy-monster-creatures	construct, monster, aggressive
Giant	creature	Monster Creatures		yes	no	no	https://krishna-palacio.itch.io/minifantasy-monster-creatures	monster, aggressive
Gnoll	creature	Monster Creatures		yes	no	no	https://krishna-palacio.itch.io/minifantasy-monster-creatures	beast, monster, aggressive
Predatory Mushroom	creature	Monster Creatures		yes	no	no	https://krishna-palacio.itch.io/minifantasy-monster-creatures	monster, aggressive
Rat People Royalty	creature	Monster Creatures		yes	no	no	https://krishna-palacio.itch.io/minifantasy-monster-creatures	beast, monster, aggressive
Rat People	creature	Monster Creatures		yes	no	no	https://krishna-palacio.itch.io/minifantasy-monster-creatures	beast, monster, aggressive
Giant Rat	creature	Monster Creatures		yes	no	no	https://krishna-palacio.itch.io/minifantasy-monster-creatures	beast, aggressive
Werewolf	creature	Monster Creatures		yes	no	no	https://krishna-palacio.itch.io/minifantasy-monster-creatures	beast, monster, aggressive
Sacred tree	natural prop		Druid Shrine	no	no	yes	https://www.patreon.com/posts/exclusive-druids-92865456	natural, magical, outdoor
Other tree variations	natural prop		Druid Shrine	no	no	yes	https://www.patreon.com/posts/exclusive-druids-92865456	natural, magical, outdoor
Sacred grass Patch	tileset		Druid Shrine	no	no	yes	https://www.patreon.com/posts/exclusive-druids-92865456	natural, magical, outdoor
Shrine pond	animated tileset		Druid Shrine	no	no	yes	https://www.patreon.com/posts/exclusive-druids-92865456	natural, magical, outdoor
Stone path	tileset		Druid Shrine	no	no	yes	https://www.patreon.com/posts/exclusive-druids-92865456	natural, magical, outdoor
Flowers	natural prop		Druid Shrine	no	no	yes	https://www.patreon.com/posts/exclusive-druids-92865456	natural, magical, outdoor
Ritual stuff	manufactured prop		Druid Shrine	no	no	yes	https://www.patreon.com/posts/exclusive-druids-92865456	natural, magical, outdoor
Samurai	creature		Samurai	no	no	yes	https://www.patreon.com/posts/exclusive-73451295	human, aggressive, armed
Burning Skull	creature		Burning Skull	no	no	yes	https://www.patreon.com/posts/exclusive-skull-75957862	creature, dead, aggressive, explosive
Santa	creature		Winter Holiday Heroes	no	no	yes	https://www.patreon.com/posts/minifantasy-76162732	human, jolly, old  man, aggressive
Rudolph	creature		Winter Holiday Heroes	no	no	yes	https://www.patreon.com/posts/minifantasy-76162732	animal, agressive
Elf helper	creature		Winter Holiday Heroes	no	no	yes	https://www.patreon.com/posts/minifantasy-76162732	elf, aggressive
Academy stone walls	tileset	Wizards Academy		yes	no	no	https://krishna-palacio.itch.io/minifantasy-wizards-academy	building, construccion, stone
Facade string course / band course	tileset	Wizards Academy		yes	no	no	https://krishna-palacio.itch.io/minifantasy-wizards-academy	building
Gable roof	tileset	Wizards Academy		yes	no	no	https://krishna-palacio.itch.io/minifantasy-wizards-academy	building, construccion, blue
Terrace / Flat roof	tileset	Wizards Academy		yes	no	no	https://krishna-palacio.itch.io/minifantasy-wizards-academy	building, construcción, outdoor
Railing	tileset	Wizards Academy		yes	no	no	https://krishna-palacio.itch.io/minifantasy-wizards-academy	building, construccion, outdoor, indoor
Academy windows	tileset	Wizards Academy		yes	no	no	https://krishna-palacio.itch.io/minifantasy-wizards-academy	building, outdoor, indoor,
Coloured glass windows	tileset	Wizards Academy		yes	no	no	https://krishna-palacio.itch.io/minifantasy-wizards-academy	building, outdoor, indoor, blue
Academy doors 	tileset	Wizards Academy		yes	no	no	https://krishna-palacio.itch.io/minifantasy-wizards-academy	building, outdoor, indoor, 
Marble floor 	tileset	Wizards Academy		yes	no	no	https://krishna-palacio.itch.io/minifantasy-wizards-academy	building, indoor, marble
Academy wooden floor	tileset	Wizards Academy		yes	no	no	https://krishna-palacio.itch.io/minifantasy-wizards-academy	building, indoor, wood
Wizards library	tileset	Wizards Academy		yes	no	no	https://krishna-palacio.itch.io/minifantasy-wizards-academy	furniture, indoor, wood
Master chairs	manufactured prop	Wizards Academy		yes	no	no	https://krishna-palacio.itch.io/minifantasy-wizards-academy	furniture
Professor chairs	manufactured prop	Wizards Academy		yes	no	no	https://krishna-palacio.itch.io/minifantasy-wizards-academy	furniture
Student chairs	manufactured prop	Wizards Academy		yes	no	no	https://krishna-palacio.itch.io/minifantasy-wizards-academy	furniture
Study desks	manufactured prop	Wizards Academy		yes	no	no	https://krishna-palacio.itch.io/minifantasy-wizards-academy	furniture, brown
Tables	manufactured prop	Wizards Academy		yes	no	no	https://krishna-palacio.itch.io/minifantasy-wizards-academy	furniture, brown
Books	manufactured prop	Wizards Academy		yes	no	no	https://krishna-palacio.itch.io/minifantasy-wizards-academy	equipment, item
Scrolls	manufactured prop	Wizards Academy		yes	no	no	https://krishna-palacio.itch.io/minifantasy-wizards-academy	equipment, item
Quills and ink	manufactured prop	Wizards Academy		yes	no	no	https://krishna-palacio.itch.io/minifantasy-wizards-academy	equipment, item
Alchemy cauldrons	manufactured prop	Wizards Academy		yes	no	no	https://krishna-palacio.itch.io/minifantasy-wizards-academy	equipment, item
Alchemy paraphernalia	manufactured prop	Wizards Academy		yes	no	no	https://krishna-palacio.itch.io/minifantasy-wizards-academy	equipment, item
Magical herbs and plants	natural prop	Wizards Academy		yes	no	no	https://krishna-palacio.itch.io/minifantasy-wizards-academy	nature, magical
Canteen tables and benches	manufactured prop	Wizards Academy		yes	no	no	https://krishna-palacio.itch.io/minifantasy-wizards-academy	furniture, brown, wood
Pots	manufactured prop	Wizards Academy		yes	no	no	https://krishna-palacio.itch.io/minifantasy-wizards-academy	houseware, item, grey
Platters	manufactured prop	Wizards Academy		yes	no	no	https://krishna-palacio.itch.io/minifantasy-wizards-academy	houseware, item
Cutlery	manufactured prop	Wizards Academy		yes	no	no	https://krishna-palacio.itch.io/minifantasy-wizards-academy	houseware, item
Academy Banners	manufactured prop	Wizards Academy		yes	no	no	https://krishna-palacio.itch.io/minifantasy-wizards-academy	decoration, outdoor, red
Academy Rugs	manufactured prop	Wizards Academy		yes	no	no	https://krishna-palacio.itch.io/minifantasy-wizards-academy	decoration, indoor
Academy beds	manufactured prop	Wizards Academy		yes	no	no	https://krishna-palacio.itch.io/minifantasy-wizards-academy	furniture
Student bunk Beds 	manufactured prop	Wizards Academy		yes	no	no	https://krishna-palacio.itch.io/minifantasy-wizards-academy	furniture
Student wardrobes	manufactured prop	Wizards Academy		yes	no	no	https://krishna-palacio.itch.io/minifantasy-wizards-academy	furniture
Academy shelves	manufactured prop	Wizards Academy		yes	no	no	https://krishna-palacio.itch.io/minifantasy-wizards-academy	furniture
Robe racks	manufactured prop	Wizards Academy		yes	no	no	https://krishna-palacio.itch.io/minifantasy-wizards-academy	furniture
Paints 	manufactured prop	Wizards Academy		yes	no	no	https://krishna-palacio.itch.io/minifantasy-wizards-academy	decoration, indoor
Floating magic candles	animated prop	Wizards Academy		yes	no	no	https://krishna-palacio.itch.io/minifantasy-wizards-academy	decoration, light source, magical
Spell circles	animated prop	Wizards Academy		yes	no	no	https://krishna-palacio.itch.io/minifantasy-wizards-academy	decoration, magical
The Grinch	creature		The Grinch	no	no	yes	https://www.patreon.com/posts/exclusive-grinch-76324912	creature, aggressive
Giant Turkey	creature		Giant	no	no	yes	https://www.patreon.com/posts/exclusive-giant-62892102	creature, animal, aggressive
Nutcracker	creature		Nutcracker	no	no	yes	https://www.patreon.com/posts/exclusive-76591058	creature, aggressive
Tree Spirits	creature		Tree Spirits	no	no	yes	https://www.patreon.com/posts/exclusive-tree-77188977	creature, natural, aggressive
Supreme Elemental	creature		Supreme Elemental	no	no	yes	https://www.patreon.com/posts/exclusive-77957857	no human, aggressive
Wise Orc	creature		Wise Orc	no	no	yes	https://www.patreon.com/posts/exclusive-wise-78358762	no human, orc, aggressive
Swamp Witch	creature		Swamp Witch	no	no	yes	https://www.patreon.com/posts/exclusive-swamp-79439956	creature, aggressive
Necromancer	creature		Necromancer	no	no	yes	https://www.patreon.com/posts/exclusive-80105131	creature, aggressive
Krampus	creature		Krampus	no	no	yes	https://www.patreon.com/posts/exclusive-80337241	creature, aggressive
Human Town Guards	creature		Town Guards	no	no	yes	https://www.patreon.com/posts/exclusive-town-82018447	creature, aggressive, human
Elves Town Guards	creature		Town Guards	no	no	yes	https://www.patreon.com/posts/exclusive-town-82018447	creature, aggressive, elves
Orcs Town Guards	creature		Town Guards	no	no	yes	https://www.patreon.com/posts/exclusive-town-82018447	creature, aggressive, orc
Dwarves Town Guards	creature		Town Guards	no	no	yes	https://www.patreon.com/posts/exclusive-town-82018447	creature, aggressive, dwarves
Ancient Danger	creature		Ancient Danger	no	no	yes	https://www.patreon.com/posts/exclusive-danger-82324629	creature, aggressive
Gnomes	creature		Gnomes	no	no	yes	https://www.patreon.com/posts/exclusive-gnomes-83082980	creature, aggressive
The Void	creature		The Void	no	no	yes	https://www.patreon.com/posts/exclusive-void-84196818	creature, aggressive, blue
Ferryman Of The Dead	creature		Ferryman Of The Dead	no	no	yes	https://www.patreon.com/posts/exclusive-of-84717347	creature, aggressive, dead
Otter	creature		Otter	no	no	yes	https://www.patreon.com/posts/exclusive-otter-84902821	creature, animal, aggressive, natural
Demon Lord	creature		Demon Lord	no	no	yes	https://www.patreon.com/posts/exclusive-demon-86529105	creature, demond, aggressive
Lich	creature		Lich	no	no	yes	https://www.patreon.com/posts/exclusive-lich-87069889	creature, undead, spellcaster, aggressive
Mechanical Scarab	creature		Mechanical Scarab	no	no	yes	https://www.patreon.com/posts/exclusive-scarab-87776911	creature, animal, aggressive
Imp	creature		Imp	no	no	yes	https://www.patreon.com/posts/exclusive-imp-88908077	creature, imp, aggressive
Grim Reaper	creature		Grim Reaper	no	no	yes	https://www.patreon.com/posts/exclusive-grim-89553912	creature, dead, aggressive
Gnome Gyrocopter	creature		Gnome Gyrocopter	no	no	yes	https://www.patreon.com/posts/exclusive-gnome-90655371	creature, gnome, aggressive
Naga	creature		Naga	no	no	yes	https://www.patreon.com/posts/exclusive-naga-91200978	creature, no human, aggressive
Sandworm	creature		Sandworm	no	no	yes	https://www.patreon.com/posts/exclusive-92512856	creature, sandworm, aggressive
Goblin Catapult	creature		Goblin Catapult	no	no	yes	https://www.patreon.com/posts/exclusive-goblin-94873460	creature, meachine, aggressive
Tech Priest	creature		Tech Priest	no	no	yes	https://www.patreon.com/posts/exclusive-tech-95602689	creature, human, aggressive
Mothman	creature		Mothman	no	no	yes	https://www.patreon.com/posts/exclusive-96601366	creature, aggressive
Phoenix	creature		Phoenix	no	no	yes	https://www.patreon.com/posts/exclusive-98409634	creature, bird, fire, aggressive
Balrog	creature		Balrog	no	no	yes	https://www.patreon.com/posts/exclusive-balrog-99316814	creature, aggressive, devil
Capybara	creature		Capybara	no	no	yes	https://www.patreon.com/posts/exclusive-99442908	creature, animal, friendly
Shoggoth's Avatar	creature		Shoggoth's Avatar	no	no	yes	https://www.patreon.com/posts/exclusive-avatar-100368741	creature, aggressive, monster
Naughty Fairy	creature		Naughty Fairy	no	no	yes	https://www.patreon.com/posts/exclusive-fairy-101099271	creature, aggressive, fairy
Mushroom People	creature		Mushroom People	no	no	yes	https://www.patreon.com/posts/exclusive-fairy-101099271	creature, aggressive
Mummy King	creature		Mummy King	no	no	yes	https://www.patreon.com/posts/exclusive-mummy-102000597	creature, aggressive,dead
Lesser Mummies	creature		Lesser Mummies	no	no	yes	https://www.patreon.com/posts/exclusive-mummy-102000597	creature, aggressive, dead
Astronaut	creature		Astronaut	no	no	yes	https://www.patreon.com/posts/exclusive-102445734	creature, human, explorer, adventurer
Orc Knight	creature		Orc Knight	no	no	yes	https://www.patreon.com/posts/exclusive-orc-103799309	creature, orc, aggressive
Ursalings	creature		Ursalings	no	no	yes	https://www.patreon.com/posts/exclusive-104656430	creature, aggressive
Stucco building walls	tileset	Medieval City		yes	no	no	https://krishna-palacio.itch.io/minifantasy-medieval-city	building, construction, outdoor, stucco
Stone building walls	tileset	Medieval City		yes	no	no	https://krishna-palacio.itch.io/minifantasy-medieval-city	building, construction, outdoor, stone
Medieval doors and windows	tileset	Medieval City		yes	no	no	https://krishna-palacio.itch.io/minifantasy-medieval-city	building, outdoor, indoor
Stairs	tileset	Medieval City		yes	no	no	https://krishna-palacio.itch.io/minifantasy-medieval-city	building, indoor, outdoor, brown
Terraces	tileset	Medieval City		yes	no	no	https://krishna-palacio.itch.io/minifantasy-medieval-city	building, outdoor
Versatile roofs	tileset	Medieval City		yes	no	no	https://krishna-palacio.itch.io/minifantasy-medieval-city	building, outdoor, blue, green, red
Turrets and annexes for the city buildings	tileset	Medieval City		yes	no	no	https://krishna-palacio.itch.io/minifantasy-medieval-city	builindg, outdoor
Wooden house floors	tileset	Medieval City		yes	no	no	https://krishna-palacio.itch.io/minifantasy-medieval-city	building, indoor, wood
Stone house floors	tileset	Medieval City		yes	no	no	https://krishna-palacio.itch.io/minifantasy-medieval-city	building, indoor, stone
City gates	tileset	Medieval City		yes	no	no	https://krishna-palacio.itch.io/minifantasy-medieval-city	building, outdoor
Bush fence	tileset	Medieval City		yes	no	no	https://krishna-palacio.itch.io/minifantasy-medieval-city	outdoor, green, bush
Metal fence	tileset	Medieval City		yes	no	no	https://krishna-palacio.itch.io/minifantasy-medieval-city	outdoor, grey, metal
Wooden fence	tileset	Medieval City		yes	no	no	https://krishna-palacio.itch.io/minifantasy-medieval-city	outdoor, brown, wood
City dirt ground	tileset	Medieval City		yes	no	no	https://krishna-palacio.itch.io/minifantasy-medieval-city	outdoor, grey, dirt
Cobblestone city roads	tileset	Medieval City		yes	no	no	https://krishna-palacio.itch.io/minifantasy-medieval-city	outdoor, grey, stone
Street walkway	tileset	Medieval City		yes	no	no	https://krishna-palacio.itch.io/minifantasy-medieval-city	outdoor
Crates	manufactured prop	Medieval City		yes	no	no	https://krishna-palacio.itch.io/minifantasy-medieval-city	decoration, 
Window boxes 	manufactured prop	Medieval City		yes	no	no	https://krishna-palacio.itch.io/minifantasy-medieval-city	decoration, outdoor
Park benches	manufactured prop	Medieval City		yes	no	no	https://krishna-palacio.itch.io/minifantasy-medieval-city	furniture, outdoor, brown
Street lamps	manufactured prop	Medieval City		yes	no	no	https://krishna-palacio.itch.io/minifantasy-medieval-city	decoration , outdoor
House wardrobes	manufactured prop	Medieval City		yes	no	no	https://krishna-palacio.itch.io/minifantasy-medieval-city	furniture, indoor, brown
House chests	manufactured prop	Medieval City		yes	no	no	https://krishna-palacio.itch.io/minifantasy-medieval-city	decoration, indoor, brown
Chimney	manufactured prop	Medieval City		yes	no	no	https://krishna-palacio.itch.io/minifantasy-medieval-city	decoration, indoor
Beds	manufactured prop	Medieval City		yes	no	no	https://krishna-palacio.itch.io/minifantasy-medieval-city	furniture, indoor,
Wooden chairs	manufactured prop	Medieval City		yes	no	no	https://krishna-palacio.itch.io/minifantasy-medieval-city	furniture, wood, humble
wooden tables	manufactured prop	Medieval City		yes	no	no	https://krishna-palacio.itch.io/minifantasy-medieval-city	furniture, wood, humble
Fireplace	animated prop	Medieval City		yes	no	no	https://krishna-palacio.itch.io/minifantasy-medieval-city	furniture, decoration, indoor
Pennant flags	animated prop	Medieval City		yes	no	no	https://krishna-palacio.itch.io/minifantasy-medieval-city	decoration, outdoor
Damaged Castle 	tileset		Damaged Castle 	no	no	yes	https://www.patreon.com/posts/exclusive-castle-77051499	buildings, construction, decoration
Fletcher Workshop	base character expanded animations		Fletcher Workshop	no	no	yes	https://www.patreon.com/posts/exclusive-55819977	profession, crafting, construction, base character, human, orc, elf, halfling, goblin, dwarf
Anchovy	icon		Fish Types For Fishing	no	no	yes	https://www.patreon.com/posts/exclusive-more-56837708	creature, natural, fish
Bream	icon		Fish Types For Fishing	no	no	yes	https://www.patreon.com/posts/exclusive-more-56837708	creature, natural, fish
Walleye	icon		Fish Types For Fishing	no	no	yes	https://www.patreon.com/posts/exclusive-more-56837708	creature, natural, fish
Perch	icon		Fish Types For Fishing	no	no	yes	https://www.patreon.com/posts/exclusive-more-56837708	creature, natural, fish
Pike	icon		Fish Types For Fishing	no	no	yes	https://www.patreon.com/posts/exclusive-more-56837708	creature, natural, fish
Carp	icon		Fish Types For Fishing	no	no	yes	https://www.patreon.com/posts/exclusive-more-56837708	creature, natural, fish
Eel	icon		Fish Types For Fishing	no	no	yes	https://www.patreon.com/posts/exclusive-more-56837708	creature, natural, fish
Octopus	icon		Fish Types For Fishing	no	no	yes	https://www.patreon.com/posts/exclusive-more-56837708	creature, natural, fish
Squid	icon		Fish Types For Fishing	no	no	yes	https://www.patreon.com/posts/exclusive-more-56837708	creature, natural, fish
Flounder	icon		Fish Types For Fishing	no	no	yes	https://www.patreon.com/posts/exclusive-more-56837708	creature, natural, fish
Equipment To Craft	manufactured prop		Equipment To Craft	no	no	yes	https://www.patreon.com/posts/exclusive-more-58010328	equipment, chothes
Food Recipes	manufactured prop		Food Recipes	no	no	yes	https://www.patreon.com/posts/exclusive-more-59971021	utility, cooking, recipe
Wands And Staves Workshop	base character expanded animations		Wands And Staves Workshop	no	no	yes	https://www.patreon.com/posts/exclusive-wands-60014442	profession, crafting, construction, base character, human, orc, elf, halfling, goblin, dwarf
Painter Studio	base character expanded animations		Painter Studio	no	no	yes	https://www.patreon.com/posts/exclusive-studio-73496909	profession, crafting, construction, base character, human, orc, elf, halfling, goblin, dwarf
Cartographer Studio	base character expanded animations		Cartographer Studio	no	no	yes	https://www.patreon.com/posts/exclusive-studio-77869018	profession, crafting, construction, base character, human, orc, elf, halfling, goblin, dwarf
Growing Stages For Trees	animated prop		Growing Stages For Trees	no	no	yes	https://www.patreon.com/posts/exclusive-stages-84794397	natural, tree
Carrying Animations For Base Characters	base character expanded animations		Carrying Animations For Base Characters	no	no	yes	https://www.patreon.com/posts/exclusive-for-98839743	profession, crafting, construction, base character, human, orc, elf, halfling, goblin, dwarf
Gold And Rock Nodes	natural prop		Gold And Rock Nodes	no	no	yes	https://www.patreon.com/posts/exclusive-gold-102820355	gold, stone, rock
Mine railway	tileset		Old Mine Add-On	no	no	yes	https://www.patreon.com/posts/exclusive-old-on-75999969	mechanical, vehicles
Mine carts	vehicle		Old Mine Add-On	no	no	yes	https://www.patreon.com/posts/exclusive-old-on-75999969	mechanical, vehicles
Rock load for the cars	natural prop		Old Mine Add-On	no	no	yes	https://www.patreon.com/posts/exclusive-old-on-75999969	nature, rocks
Coal load for the carts	natural prop		Old Mine Add-On	no	no	yes	https://www.patreon.com/posts/exclusive-old-on-75999969	nature, rocks
Mine pit props	manufactured prop		Old Mine Add-On	no	no	yes	https://www.patreon.com/posts/exclusive-old-on-75999969	construction, equipment
Abandoned pickaxes	manufactured prop		Old Mine Add-On	no	no	yes	https://www.patreon.com/posts/exclusive-old-on-75999969	equipment, item
A sign	manufactured prop		Old Mine Add-On	no	no	yes	https://www.patreon.com/posts/exclusive-old-on-75999969	decoration, equipment
Piles of rock debris	natural prop		Old Mine Add-On	no	no	yes	https://www.patreon.com/posts/exclusive-old-on-75999969	nature, rocks
Piles of coal debris	natural prop		Old Mine Add-On	no	no	yes	https://www.patreon.com/posts/exclusive-old-on-75999969	nature, rocks
Desert plants	natural prop	Plants & Foliage		yes	no	no	https://krishna-palacio.itch.io/minifantasy-plants-foliage	nature, outdoor
Desert bushes	natural prop	Plants & Foliage		yes	no	no	https://krishna-palacio.itch.io/minifantasy-plants-foliage	nature, outdoor
Desert flowers	natural prop	Plants & Foliage		yes	no	no	https://krishna-palacio.itch.io/minifantasy-plants-foliage	nature, outdoor
Agave	natural prop	Plants & Foliage		yes	no	no	https://krishna-palacio.itch.io/minifantasy-plants-foliage	nature, outdoor
Small dry tree	natural prop	Plants & Foliage		yes	no	no	https://krishna-palacio.itch.io/minifantasy-plants-foliage	nature, outdoor
Winter plants	natural prop	Plants & Foliage		yes	no	no	https://krishna-palacio.itch.io/minifantasy-plants-foliage	nature, outdoor
Winter bushes	natural prop	Plants & Foliage		yes	no	no	https://krishna-palacio.itch.io/minifantasy-plants-foliage	nature, outdoor
Winter flowers	natural prop	Plants & Foliage		yes	no	no	https://krishna-palacio.itch.io/minifantasy-plants-foliage	nature, outdoor
Winter trees	natural prop	Plants & Foliage		yes	no	no	https://krishna-palacio.itch.io/minifantasy-plants-foliage	nature, outdoor
Plants	natural prop	Plants & Foliage		yes	no	no	https://krishna-palacio.itch.io/minifantasy-plants-foliage	nature, outdoor
Bushes	natural prop	Plants & Foliage		yes	no	no	https://krishna-palacio.itch.io/minifantasy-plants-foliage	nature, outdoor
Small flowers	natural prop	Plants & Foliage		yes	no	no	https://krishna-palacio.itch.io/minifantasy-plants-foliage	nature, outdoor
Trees	natural prop	Plants & Foliage		yes	no	no	https://krishna-palacio.itch.io/minifantasy-plants-foliage	nature, outdoor
Swamp plants	natural prop	Plants & Foliage		yes	no	no	https://krishna-palacio.itch.io/minifantasy-plants-foliage	nature, outdoor
Lily pads	natural prop	Plants & Foliage		yes	no	no	https://krishna-palacio.itch.io/minifantasy-plants-foliage	nature, outdoor
Lotus flowers	natural prop	Plants & Foliage		yes	no	no	https://krishna-palacio.itch.io/minifantasy-plants-foliage	nature, outdoor
Giant lotus	natural prop	Plants & Foliage		yes	no	no	https://krishna-palacio.itch.io/minifantasy-plants-foliage	nature, outdoor
Swamp trees	natural prop	Plants & Foliage		yes	no	no	https://krishna-palacio.itch.io/minifantasy-plants-foliage	nature, outdoor
Water transitions	natural prop	Plants & Foliage		yes	no	no	https://krishna-palacio.itch.io/minifantasy-plants-foliage	nature, outdoor
Eyed plants	natural prop	Plants & Foliage		yes	no	no	https://krishna-palacio.itch.io/minifantasy-plants-foliage	nature, outdoor, weird, evil
Land coral 	natural prop	Plants & Foliage		yes	no	no	https://krishna-palacio.itch.io/minifantasy-plants-foliage	nature, outdoor, weird, evil
Strange plant 	natural prop	Plants & Foliage		yes	no	no	https://krishna-palacio.itch.io/minifantasy-plants-foliage	nature, outdoor, weird, evil
Solidified lightning	natural prop	Plants & Foliage		yes	no	no	https://krishna-palacio.itch.io/minifantasy-plants-foliage	nature, outdoor, weird, evil
Spiky mushroom	natural prop	Plants & Foliage		yes	no	no	https://krishna-palacio.itch.io/minifantasy-plants-foliage	nature, outdoor, weird, evil
Bone trees	natural prop	Plants & Foliage		yes	no	no	https://krishna-palacio.itch.io/minifantasy-plants-foliage	nature, outdoor, weird, evil
Small weird vines	natural prop	Plants & Foliage		yes	no	no	https://krishna-palacio.itch.io/minifantasy-plants-foliage	nature, outdoor, weird, evil
Giant weird vines	natural prop	Plants & Foliage		yes	no	no	https://krishna-palacio.itch.io/minifantasy-plants-foliage	nature, outdoor, weird, evil
Vine roots	natural prop	Plants & Foliage		yes	no	no	https://krishna-palacio.itch.io/minifantasy-plants-foliage	nature, outdoor, weird, evil
Glowing Mushrooms	natural prop		Glowing Mushrooms	no	no	yes	https://www.patreon.com/posts/exclusive-80714057	nature, glowing
New hill types	tileset		New Hills	no	no	yes	https://www.patreon.com/posts/exclusive-new-in-105086342	nature, construction, heights
Inner hill corners	tileset		New Hills	no	no	yes	https://www.patreon.com/posts/exclusive-new-in-105086342	nature, construction, heights
Outer hill corners	tileset		New Hills	no	no	yes	https://www.patreon.com/posts/exclusive-new-in-105086342	nature, construction, heights
Access ramps in 4 directions	tileset		New Hills	no	no	yes	https://www.patreon.com/posts/exclusive-new-in-105086342	nature, construction, heights
Giant Bones	natural prop		Giant Bones	no	no	yes	https://www.patreon.com/posts/exclusive-giant-57673641	decoration, natural creepy horror
Adobe wall	tileset		Desert Buildings	no	no	yes	https://www.patreon.com/posts/exclusive-desert-60493316	construction, building, outdoor, indoor, adobe
Floor tiles	tileset		Desert Buildings	no	no	yes	https://www.patreon.com/posts/exclusive-desert-60493316	construction, building, outdoor, indoor
Roof tiles	tileset		Desert Buildings	no	no	yes	https://www.patreon.com/posts/exclusive-desert-60493316	construction, building, outdoor, indoor
Outdoor stair tiles	tileset		Desert Buildings	no	no	yes	https://www.patreon.com/posts/exclusive-desert-60493316	construction, building, outdoor, indoor
Ladder	tileset		Desert Buildings	no	no	yes	https://www.patreon.com/posts/exclusive-desert-60493316	construction, building, outdoor, indoor
Windows and door	tileset		Desert Buildings	no	no	yes	https://www.patreon.com/posts/exclusive-desert-60493316	construction, building, outdoor, indoor
Animated lava tiles	animated tileset		Dwarven Lava Forge	no	no	yes	https://www.patreon.com/posts/exclusive-lava-66949987	indoor, floor, lava, red
Platform Tileset	tileset		Dwarven Lava Forge	no	no	yes	https://www.patreon.com/posts/exclusive-lava-66949987	indoor, floor
Animated furnaces	animated prop		Dwarven Lava Forge	no	no	yes	https://www.patreon.com/posts/exclusive-lava-66949987	decoration, work station
Anvils and other props	manufactured prop		Dwarven Lava Forge	no	no	yes	https://www.patreon.com/posts/exclusive-lava-66949987	decoration, work station
Lava cascade	animated tileset		Dwarven Lava Forge	no	no	yes	https://www.patreon.com/posts/exclusive-lava-66949987	indoor, lava, red
Forge entrance	tileset		Dwarven Lava Forge	no	no	yes	https://www.patreon.com/posts/exclusive-lava-66949987	indoor, building
Stone block trap	animated prop		Dungeon Traps	no	no	yes	https://www.patreon.com/posts/exclusive-traps-52246210	trap, mechanical, dangerous
Blade trap	animated prop		Dungeon Traps	no	no	yes	https://www.patreon.com/posts/exclusive-traps-52246210	trap, mechanical, dangerous
Spears trap	animated prop		Dungeon Traps	no	no	yes	https://www.patreon.com/posts/exclusive-traps-52246210	trap, mechanical, dangerous
Pit trap	animated prop		Dungeon Traps	no	no	yes	https://www.patreon.com/posts/exclusive-traps-52246210	trap, mechanical, dangerous
Levers And Switches	animated prop		Levers And Switches	no	no	yes	https://www.patreon.com/posts/exclusive-levers-52249436	mechanical, outdoor, dungeon
Overworld Entrances	tileset		Dungeon Entrances, Hatches And Stairs	no	no	yes	https://www.patreon.com/posts/exclusive-and-62587301	entrance, dungeon, indoor, outdoor
Indoor Gates	tileset		Dungeon Entrances, Hatches And Stairs	no	no	yes	https://www.patreon.com/posts/exclusive-and-62587301	entrance, dungeon, indoor, outdoor
Stairs	tileset		Dungeon Entrances, Hatches And Stairs	no	no	yes	https://www.patreon.com/posts/exclusive-and-62587301	dungeon, indoor
Hatches	tileset		Dungeon Entrances, Hatches And Stairs	no	no	yes	https://www.patreon.com/posts/exclusive-and-62587301	dungeon, indoor
Magic Portals	animated prop		Magic Portals	no	no	yes	https://www.patreon.com/posts/exclusive-magic-53106445	building, construction, entrance, indoor, outdoor
Raspberry bush	tileset		Berry Bushes	no	no	yes	https://www.patreon.com/posts/exclusive-berry-53106072	outdoor, green, red, bush
Gooseberry bush	tileset		Berry Bushes	no	no	yes	https://www.patreon.com/posts/exclusive-berry-53106072	outdoor, green, yellow, bush
Blueberry bush	tileset		Berry Bushes	no	no	yes	https://www.patreon.com/posts/exclusive-berry-53106072	outdoor, green, blue, bush
Blackberry bush	tileset		Berry Bushes	no	no	yes	https://www.patreon.com/posts/exclusive-berry-53106072	outdoor, green, black, bush
Wall Of Trees	tileset		Wall Of Trees	no	no	yes	https://www.patreon.com/posts/exclusive-wall-56844400	outdoor, green, nature
Tallgrass	tileset		Tallgrass	no	no	yes	https://www.patreon.com/posts/exclusive-58487995	outdoor, green, nature
Colossus Statue Hand Remains	manufactured prop		Colossus Statue Hand Remains	no	no	yes	https://www.patreon.com/posts/exclusive-statue-67703527	outdoor, indoor, decoration, stone, grey
Extended Cliff	tileset		Extended Cliff Tileset	no	no	yes	https://www.patreon.com/posts/exclusive-cliff-71958317	outdoor, nature, rocks
Rock made islands	tileset		Floating Islands	no	no	yes	https://www.patreon.com/posts/exclusive-74385843	outdoor, nature, rocks
Dirt made islands	tileset		Floating Islands	no	no	yes	https://www.patreon.com/posts/exclusive-74385843	outdoor, nature, dirt
Cloud 	tileset		Floating Islands	no	no	yes	https://www.patreon.com/posts/exclusive-74385843	outdoor, nature, white, blue
Grass Variations	tileset		Grass Variations	no	no	yes	https://www.patreon.com/posts/exclusive-more-82281873	outdoor, nature, green
Original water	tileset		Shallow Water	no	no	yes	https://www.patreon.com/posts/exclusive-water-94528197	outdoor, nature, blue
Additional shallow water 	tileset		Shallow Water	no	no	yes	https://www.patreon.com/posts/exclusive-water-94528197	outdoor, nature, blue
Water accesses	tileset		Shallow Water	no	no	yes	https://www.patreon.com/posts/exclusive-water-94528197	outdoor, nature, blue
Cart	animated prop		Cart	no	no	yes	https://www.patreon.com/posts/exclusive-cart-51741059	vehicle, brown
Tin gabble roofs	tileset	Wild west town		yes	no	no	https://krishna-palacio.itch.io/minifantasy-wild-west-town	building, outdoor, construction
Flat wooden roofs	tileset	Wild west town		yes	no	no	https://krishna-palacio.itch.io/minifantasy-wild-west-town	building, outdoor, construction
Wild West walls	tileset	Wild west town		yes	no	no	https://krishna-palacio.itch.io/minifantasy-wild-west-town	building, outdoor, construction
Wild West facades	tileset	Wild west town		yes	no	no	https://krishna-palacio.itch.io/minifantasy-wild-west-town	building, outdoor, construction
Wild West building frames	tileset	Wild west town		yes	no	no	https://krishna-palacio.itch.io/minifantasy-wild-west-town	building, outdoor, construction
Wild West Floors	tileset	Wild west town		yes	no	no	https://krishna-palacio.itch.io/minifantasy-wild-west-town	building, indoor, construction
Wild West walkways	tileset	Wild west town		yes	no	no	https://krishna-palacio.itch.io/minifantasy-wild-west-town	building, outdoor, construction
Wooden porch	tileset	Wild west town		yes	no	no	https://krishna-palacio.itch.io/minifantasy-wild-west-town	building, outdoor, construction, wood
Wooden terraces	tileset	Wild west town		yes	no	no	https://krishna-palacio.itch.io/minifantasy-wild-west-town	building, outdoor, construction, wood
Wooden Stairs	tileset	Wild west town		yes	no	no	https://krishna-palacio.itch.io/minifantasy-wild-west-town	building, outdoor, indoor, wood
Windows	tileset	Wild west town		yes	no	no	https://krishna-palacio.itch.io/minifantasy-wild-west-town	building, outdoor, indoor
Doors	tileset	Wild west town		yes	no	no	https://krishna-palacio.itch.io/minifantasy-wild-west-town	building, outdoor, indoor
Batwing Doors	manufactured prop	Wild west town		yes	no	no	https://krishna-palacio.itch.io/minifantasy-wild-west-town	building, outdoor, indoor
Sheriff's office wallpaper	manufactured prop	Wild west town		yes	no	no	https://krishna-palacio.itch.io/minifantasy-wild-west-town	indoor, decoration
Jail	manufactured prop	Wild west town		yes	no	no	https://krishna-palacio.itch.io/minifantasy-wild-west-town	construction, indoor, grey
Wanted posters	manufactured prop	Wild west town		yes	no	no	https://krishna-palacio.itch.io/minifantasy-wild-west-town	decoration
Shotgun and gun display	manufactured prop	Wild west town		yes	no	no	https://krishna-palacio.itch.io/minifantasy-wild-west-town	decoration, equipment
Badge display	manufactured prop	Wild west town		yes	no	no	https://krishna-palacio.itch.io/minifantasy-wild-west-town	decoration, equipment
Desks	manufactured prop	Wild west town		yes	no	no	https://krishna-palacio.itch.io/minifantasy-wild-west-town	furniture, brown
Chairs	manufactured prop	Wild west town		yes	no	no	https://krishna-palacio.itch.io/minifantasy-wild-west-town	furniture, brown
Evidence cabinet	manufactured prop	Wild west town		yes	no	no	https://krishna-palacio.itch.io/minifantasy-wild-west-town	furniture, brown
File cabinet	manufactured prop	Wild west town		yes	no	no	https://krishna-palacio.itch.io/minifantasy-wild-west-town	furniture, brown
Saloon wallpaper	manufactured prop	Wild west town		yes	no	no	https://krishna-palacio.itch.io/minifantasy-wild-west-town	indoor, decoration
Alcohol bottles	manufactured prop	Wild west town		yes	no	no	https://krishna-palacio.itch.io/minifantasy-wild-west-town	decoración, houseware
Bar	manufactured prop	Wild west town		yes	no	no	https://krishna-palacio.itch.io/minifantasy-wild-west-town	decoration
Saloon tables	manufactured prop	Wild west town		yes	no	no	https://krishna-palacio.itch.io/minifantasy-wild-west-town	furniture, brown
Poker tables	manufactured prop	Wild west town		yes	no	no	https://krishna-palacio.itch.io/minifantasy-wild-west-town	furniture, brown
Chairs and stools	manufactured prop	Wild west town		yes	no	no	https://krishna-palacio.itch.io/minifantasy-wild-west-town	furniture, brown
Piano	manufactured prop	Wild west town		yes	no	no	https://krishna-palacio.itch.io/minifantasy-wild-west-town	furniture, brown
Building sings	manufactured prop	Wild west town		yes	no	no	https://krishna-palacio.itch.io/minifantasy-wild-west-town	decoration
Glass Counter	manufactured prop	Wild west town		yes	no	no	https://krishna-palacio.itch.io/minifantasy-wild-west-town	furniture
Cash registers	manufactured prop	Wild west town		yes	no	no	https://krishna-palacio.itch.io/minifantasy-wild-west-town	decoration, equipment, item
Scales	manufactured prop	Wild west town		yes	no	no	https://krishna-palacio.itch.io/minifantasy-wild-west-town	decoration, equipment, item
Hanging dry food	manufactured prop	Wild west town		yes	no	no	https://krishna-palacio.itch.io/minifantasy-wild-west-town	decoration, item, meal
Shelves full of wares	manufactured prop	Wild west town		yes	no	no	https://krishna-palacio.itch.io/minifantasy-wild-west-town	furniture, decoration
Crates and barrels full of wares veggies and grain	manufactured prop	Wild west town		yes	no	no	https://krishna-palacio.itch.io/minifantasy-wild-west-town	decoration, meal
Bank Wallpaper	manufactured prop	Wild west town		yes	no	no	https://krishna-palacio.itch.io/minifantasy-wild-west-town	decoration
Security room divider	manufactured prop	Wild west town		yes	no	no	https://krishna-palacio.itch.io/minifantasy-wild-west-town	decoration, furniture
Safes	manufactured prop	Wild west town		yes	no	no	https://krishna-palacio.itch.io/minifantasy-wild-west-town	decoration, furniture
Money	manufactured prop	Wild west town		yes	no	no	https://krishna-palacio.itch.io/minifantasy-wild-west-town	item
Barbershop wallpaper	manufactured prop	Wild west town		yes	no	no	https://krishna-palacio.itch.io/minifantasy-wild-west-town	decoration
Barber seat	manufactured prop	Wild west town		yes	no	no	https://krishna-palacio.itch.io/minifantasy-wild-west-town	furniture, brown
Mirrors	manufactured prop	Wild west town		yes	no	no	https://krishna-palacio.itch.io/minifantasy-wild-west-town	furniture, decoration
Towel Hanger	manufactured prop	Wild west town		yes	no	no	https://krishna-palacio.itch.io/minifantasy-wild-west-town	furniture, decoration
Washbasin	manufactured prop	Wild west town		yes	no	no	https://krishna-palacio.itch.io/minifantasy-wild-west-town	furniture, decoration
Barber pole	manufactured prop	Wild west town		yes	no	no	https://krishna-palacio.itch.io/minifantasy-wild-west-town	decoration
Cabinets	manufactured prop	Wild west town		yes	no	no	https://krishna-palacio.itch.io/minifantasy-wild-west-town	furniture
Hotel wallpaper	manufactured prop	Wild west town		yes	no	no	https://krishna-palacio.itch.io/minifantasy-wild-west-town	decoration
Hotel counter	manufactured prop	Wild west town		yes	no	no	https://krishna-palacio.itch.io/minifantasy-wild-west-town	furniture, brown
Key room cabinet	manufactured prop	Wild west town		yes	no	no	https://krishna-palacio.itch.io/minifantasy-wild-west-town	furniture, decoration
Comfy seats	manufactured prop	Wild west town		yes	no	no	https://krishna-palacio.itch.io/minifantasy-wild-west-town	furniture, brown
Beds	manufactured prop	Wild west town		yes	no	no	https://krishna-palacio.itch.io/minifantasy-wild-west-town	furniture
Wardrobes	manufactured prop	Wild west town		yes	no	no	https://krishna-palacio.itch.io/minifantasy-wild-west-town	furniture
Nigh table	manufactured prop	Wild west town		yes	no	no	https://krishna-palacio.itch.io/minifantasy-wild-west-town	furniture
Room plate	manufactured prop	Wild west town		yes	no	no	https://krishna-palacio.itch.io/minifantasy-wild-west-town	decoration
Curtains	manufactured prop	Wild west town		yes	no	no	https://krishna-palacio.itch.io/minifantasy-wild-west-town	decoration, fabrics
Flat rooftops	tileset	Modern town		yes 	no	no	https://krishna-palacio.itch.io/minifantasy-modern-town	building, construction
Facade decorations	tileset	Modern town		yes 	no	no	https://krishna-palacio.itch.io/minifantasy-modern-town	building, decoration
Cornices and moldings	tileset	Modern town		yes 	no	no	https://krishna-palacio.itch.io/minifantasy-modern-town	building, decoration
Modern glass doors	tileset	Modern town		yes 	no	no	https://krishna-palacio.itch.io/minifantasy-modern-town	building, outdoor, indoor, glass
Modern wooden doors	tileset	Modern town		yes 	no	no	https://krishna-palacio.itch.io/minifantasy-modern-town	building, outdoor, indoor, wood
Modern windows	tileset	Modern town		yes 	no	no	https://krishna-palacio.itch.io/minifantasy-modern-town	building, outdoor, indoor
Storefront windows	tileset	Modern town		yes 	no	no	https://krishna-palacio.itch.io/minifantasy-modern-town	building, outdoor, indoor, glass
Stairs	tileset	Modern town		yes 	no	no	https://krishna-palacio.itch.io/minifantasy-modern-town	indoor, outdoor
Interior painted walls	tileset	Modern town		yes 	no	no	https://krishna-palacio.itch.io/minifantasy-modern-town	building, indoor, pinture
Interior tiled walls	tileset	Modern town		yes 	no	no	https://krishna-palacio.itch.io/minifantasy-modern-town	building, indoor, tiled
Interior tiled floors	tileset	Modern town		yes 	no	no	https://krishna-palacio.itch.io/minifantasy-modern-town	building, indoor, tiled
Interior carpeted floors	tileset	Modern town		yes 	no	no	https://krishna-palacio.itch.io/minifantasy-modern-town	building, indoor, carpeted
Interior hardwood floors	tileset	Modern town		yes 	no	no	https://krishna-palacio.itch.io/minifantasy-modern-town	building, indoor, wood
Exterior road surface	tileset	Modern town		yes 	no	no	https://krishna-palacio.itch.io/minifantasy-modern-town	outdoor, grey
Exterior walkways	tileset	Modern town		yes 	no	no	https://krishna-palacio.itch.io/minifantasy-modern-town	outdoor, grey
Traffic lights	manufactured prop	Modern town		yes 	no	no	https://krishna-palacio.itch.io/minifantasy-modern-town	outdoor, decoration
Downtown street lamps	manufactured prop	Modern town		yes 	no	no	https://krishna-palacio.itch.io/minifantasy-modern-town	outdoor, decoration
Floral garnishes for lamps	natural prop	Modern town		yes 	no	no	https://krishna-palacio.itch.io/minifantasy-modern-town	outdoor, decoration
Modern benches	manufactured prop	Modern town		yes 	no	no	https://krishna-palacio.itch.io/minifantasy-modern-town	outdoor, furniture, brown
Awnings	manufactured prop	Modern town		yes 	no	no	https://krishna-palacio.itch.io/minifantasy-modern-town	outdoor, decoration, fabrics
Bar terrace tables	manufactured prop	Modern town		yes 	no	no	https://krishna-palacio.itch.io/minifantasy-modern-town	outdoor, furniture
Bar terrace chairs	manufactured prop	Modern town		yes 	no	no	https://krishna-palacio.itch.io/minifantasy-modern-town	outdoor, furniture
Bar terrace parasols	manufactured prop	Modern town		yes 	no	no	https://krishna-palacio.itch.io/minifantasy-modern-town	outdoor, furniture, red, white
Kitchen counter	manufactured prop	Modern town		yes 	no	no	https://krishna-palacio.itch.io/minifantasy-modern-town	indoor, furniture
Kitchen cabinets	manufactured prop	Modern town		yes 	no	no	https://krishna-palacio.itch.io/minifantasy-modern-town	indoor, furniture
Extractor hood	manufactured prop	Modern town		yes 	no	no	https://krishna-palacio.itch.io/minifantasy-modern-town	indoor, household appliance
Ceramic hob	manufactured prop	Modern town		yes 	no	no	https://krishna-palacio.itch.io/minifantasy-modern-town	indoor, household appliance
Fridge	manufactured prop	Modern town		yes 	no	no	https://krishna-palacio.itch.io/minifantasy-modern-town	indoor, household appliance
Sink	manufactured prop	Modern town		yes 	no	no	https://krishna-palacio.itch.io/minifantasy-modern-town	indoor, household appliance
Oven	manufactured prop	Modern town		yes 	no	no	https://krishna-palacio.itch.io/minifantasy-modern-town	indoor, household appliance
Floor lamps	manufactured prop	Modern town		yes 	no	no	https://krishna-palacio.itch.io/minifantasy-modern-town	indoor, furniture
Sofa	manufactured prop	Modern town		yes 	no	no	https://krishna-palacio.itch.io/minifantasy-modern-town	indoor, furniture
Modern tables	manufactured prop	Modern town		yes 	no	no	https://krishna-palacio.itch.io/minifantasy-modern-town	indoor, furniture, brown
Coffee tables	manufactured prop	Modern town		yes 	no	no	https://krishna-palacio.itch.io/minifantasy-modern-town	indoor, furniture
Dining table	manufactured prop	Modern town		yes 	no	no	https://krishna-palacio.itch.io/minifantasy-modern-town	indoor, furniture
Modern chairs	manufactured prop	Modern town		yes 	no	no	https://krishna-palacio.itch.io/minifantasy-modern-town	indoor, furniture
Bookshelves	manufactured prop	Modern town		yes 	no	no	https://krishna-palacio.itch.io/minifantasy-modern-town	indoor, furniture
Flat tv	manufactured prop	Modern town		yes 	no	no	https://krishna-palacio.itch.io/minifantasy-modern-town	indoor, furniture
Modern beds	manufactured prop	Modern town		yes 	no	no	https://krishna-palacio.itch.io/minifantasy-modern-town	indoor, furniture
Wardroves	manufactured prop	Modern town		yes 	no	no	https://krishna-palacio.itch.io/minifantasy-modern-town	indoor, furniture
Toilet	manufactured prop	Modern town		yes 	no	no	https://krishna-palacio.itch.io/minifantasy-modern-town	indoor, furniture
Bathroom cabinets	manufactured prop	Modern town		yes 	no	no	https://krishna-palacio.itch.io/minifantasy-modern-town	indoor, furniture
Mirror	manufactured prop	Modern town		yes 	no	no	https://krishna-palacio.itch.io/minifantasy-modern-town	indoor, furniture, decoration
Bathroom sink	manufactured prop	Modern town		yes 	no	no	https://krishna-palacio.itch.io/minifantasy-modern-town	indoor, furniture
Bath tube	manufactured prop	Modern town		yes 	no	no	https://krishna-palacio.itch.io/minifantasy-modern-town	indoor, furniture
Shower plate	manufactured prop	Modern town		yes 	no	no	https://krishna-palacio.itch.io/minifantasy-modern-town	indoor, furniture
Coffe shop Counter	manufactured prop	Modern town		yes 	no	no	https://krishna-palacio.itch.io/minifantasy-modern-town	indoor, furniture
Coffee machine	manufactured prop	Modern town		yes 	no	no	https://krishna-palacio.itch.io/minifantasy-modern-town	household appliance
Grinder	manufactured prop	Modern town		yes 	no	no	https://krishna-palacio.itch.io/minifantasy-modern-town	household appliance
Chalkboard menu	manufactured prop	Modern town		yes 	no	no	https://krishna-palacio.itch.io/minifantasy-modern-town	indoor, decoration
Glass display case for pastries	manufactured prop	Modern town		yes 	no	no	https://krishna-palacio.itch.io/minifantasy-modern-town	furniture, glass
Coffee shop small and large tables	manufactured prop	Modern town		yes 	no	no	https://krishna-palacio.itch.io/minifantasy-modern-town	indoor, furniture
Stools and chairs	manufactured prop	Modern town		yes 	no	no	https://krishna-palacio.itch.io/minifantasy-modern-town	indoor, furniture
Armchairs	manufactured prop	Modern town		yes 	no	no	https://krishna-palacio.itch.io/minifantasy-modern-town	indoor, furniture, brown
Coffee mugs and to-go cups	manufactured prop	Modern town		yes 	no	no	https://krishna-palacio.itch.io/minifantasy-modern-town	cooking, recipe
Condiment station	manufactured prop	Modern town		yes 	no	no	https://krishna-palacio.itch.io/minifantasy-modern-town	furniture
Jagged cliffs	tileset	Mountain Stronghold		yes 	no	no	https://krishna-palacio.itch.io/minifantasy-mountain-stronghold	nature, outdoor, cliffs
Chasms	tileset	Mountain Stronghold		yes 	no	no	https://krishna-palacio.itch.io/minifantasy-mountain-stronghold	dangerous, abyss
Winding mountain paths	tileset	Mountain Stronghold		yes 	no	no	https://krishna-palacio.itch.io/minifantasy-mountain-stronghold	nature, outdoor
Snow on the ground	tileset	Mountain Stronghold		yes 	no	no	https://krishna-palacio.itch.io/minifantasy-mountain-stronghold	nature, outdoor, white
Structure built into cliffs	tileset	Mountain Stronghold		yes 	no	no	https://krishna-palacio.itch.io/minifantasy-mountain-stronghold	building, construction
Cobblestone walls	tileset	Mountain Stronghold		yes 	no	no	https://krishna-palacio.itch.io/minifantasy-mountain-stronghold	construction, cobblestone
Raw rock walls	tileset	Mountain Stronghold		yes 	no	no	https://krishna-palacio.itch.io/minifantasy-mountain-stronghold	construction, outdoor, rock
Cobblestone to Raw rock transitions	tileset	Mountain Stronghold		yes 	no	no	https://krishna-palacio.itch.io/minifantasy-mountain-stronghold	construction, outdoor, rock, cobblestone
Stronghold gates	tileset	Mountain Stronghold		yes 	no	no	https://krishna-palacio.itch.io/minifantasy-mountain-stronghold	indoor, outdoor, entrance
Stronghold windows	tileset	Mountain Stronghold		yes 	no	no	https://krishna-palacio.itch.io/minifantasy-mountain-stronghold	indoor, outdoor, building
Stronghold stairs	tileset	Mountain Stronghold		yes 	no	no	https://krishna-palacio.itch.io/minifantasy-mountain-stronghold	indoor,outdoor, construction
Battlements	tileset	Mountain Stronghold		yes 	no	no	https://krishna-palacio.itch.io/minifantasy-mountain-stronghold	outdoor, construction
Rooftops	tileset	Mountain Stronghold		yes 	no	no	https://krishna-palacio.itch.io/minifantasy-mountain-stronghold	outdoor, construction
Stone bridges	tileset	Mountain Stronghold		yes 	no	no	https://krishna-palacio.itch.io/minifantasy-mountain-stronghold	construction, bridge, stone
Rock floors	tileset	Mountain Stronghold		yes 	no	no	https://krishna-palacio.itch.io/minifantasy-mountain-stronghold	floor, rock
Stone slab floors	tileset	Mountain Stronghold		yes 	no	no	https://krishna-palacio.itch.io/minifantasy-mountain-stronghold	floor, rock, stone
Mountain grass patches	natural prop	Mountain Stronghold		yes 	no	no	https://krishna-palacio.itch.io/minifantasy-mountain-stronghold	outdoor, nature, green
Stones, rocks and boulders	natural prop	Mountain Stronghold		yes 	no	no	https://krishna-palacio.itch.io/minifantasy-mountain-stronghold	outdoor, nature
Functional beds	manufactured prop	Mountain Stronghold		yes 	no	no	https://krishna-palacio.itch.io/minifantasy-mountain-stronghold	furniture
Sturdy tables and benches	manufactured prop	Mountain Stronghold		yes 	no	no	https://krishna-palacio.itch.io/minifantasy-mountain-stronghold	furniture, brown
Garrison weapon displays	manufactured prop	Mountain Stronghold		yes 	no	no	https://krishna-palacio.itch.io/minifantasy-mountain-stronghold	furniture, decoration
Garrison armor displays	manufactured prop	Mountain Stronghold		yes 	no	no	https://krishna-palacio.itch.io/minifantasy-mountain-stronghold	decoration
Torches	manufactured prop	Mountain Stronghold		yes 	no	no	https://krishna-palacio.itch.io/minifantasy-mountain-stronghold	decoration, utility
Chimneys	manufactured prop	Mountain Stronghold		yes 	no	no	https://krishna-palacio.itch.io/minifantasy-mountain-stronghold	decoration, utility, construction
Farm veggies	natural prop		More Veggies For Farming	no	no	yes	https://www.patreon.com/posts/exclusive-more-83578804	nature, outdoor
Farm crops	natural prop		More Veggies For Farming	no	no	yes	https://www.patreon.com/posts/exclusive-more-83578804	nature, outdoor
Crop growing stages	natural prop		More Veggies For Farming	no	no	yes	https://www.patreon.com/posts/exclusive-more-83578804	nature, outdoor
Crop icons	natural prop		More Veggies For Farming	no	no	yes	https://www.patreon.com/posts/exclusive-more-83578804	nature, outdoor
New hill types	tileset		Deep Cave in increments of 1	no	no	yes	https://www.patreon.com/posts/exclusive-new-in-105086342	nature, outdoor
Inner hill corners	tileset		Deep Cave in increments of 1	no	no	yes	https://www.patreon.com/posts/exclusive-new-in-105086342	nature, outdoor
Outer hill corners	tileset		Deep Cave in increments of 1	no	no	yes	https://www.patreon.com/posts/exclusive-new-in-105086342	nature, outdoor
Access ramps in 4 directions	tileset		Deep Cave in increments of 1	no	no	yes	https://www.patreon.com/posts/exclusive-new-in-105086342	nature, outdoor
New hill types	tileset		Desolate Desert in increments of 1	no	no	yes	https://www.patreon.com/posts/exclusive-new-in-105086342	nature, outdoor
Inner hill corners	tileset		Desolate Desert in increments of 1	no	no	yes	https://www.patreon.com/posts/exclusive-new-in-105086342	nature, outdoor
Outer hill corners	tileset		Desolate Desert in increments of 1	no	no	yes	https://www.patreon.com/posts/exclusive-new-in-105086342	nature, outdoor
Access ramps in 4 directions	tileset		Desolate Desert in increments of 1	no	no	yes	https://www.patreon.com/posts/exclusive-new-in-105086342	nature, outdoor
New hill types	tileset		Forgotten Plains in increment of 1	no	no	yes	https://www.patreon.com/posts/exclusive-new-in-105086342	nature, outdoor
Inner hill corners	tileset		Forgotten Plains in increment of 1	no	no	yes	https://www.patreon.com/posts/exclusive-new-in-105086342	nature, outdoor
Outer hill corners	tileset		Forgotten Plains in increment of 1	no	no	yes	https://www.patreon.com/posts/exclusive-new-in-105086342	nature, outdoor
Access ramps in 4 directions	tileset		Forgotten Plains in increment of 1	no	no	yes	https://www.patreon.com/posts/exclusive-new-in-105086342	nature, outdoor
Variety of fruit	natural prop		Frutal trees	no	no	yes	https://www.patreon.com/posts/exclusive-frutal-89154652	nature, outdoor, fruits
Flowering layer	natural prop		Frutal trees	no	no	yes	https://www.patreon.com/posts/exclusive-frutal-89154652	nature, outdoor, fruits
Fruit hanging from the tree layer	natural prop		Frutal trees	no	no	yes	https://www.patreon.com/posts/exclusive-frutal-89154652	nature, outdoor, fruits
Mature fruit on the ground layer	natural prop		Frutal trees	no	no	yes	https://www.patreon.com/posts/exclusive-frutal-89154652	nature, outdoor, fruits
Various size Ice shards	natural prop		Frost Bite Site	no	no	yes	https://www.patreon.com/posts/exclusive-frost-76632381	nature, outdoor, ice
Ice throne	natural prop		Frost Bite Site	no	no	yes	https://www.patreon.com/posts/exclusive-frost-76632381	nature, outdoor, ice
Frost Bite Sword Receptacle	natural prop		Frost Bite Site	no	no	yes	https://www.patreon.com/posts/exclusive-frost-76632381	nature, outdoor, ice
Animated Frost Bite Sword Prop	animated prop		Frost Bite Site	no	no	yes	https://www.patreon.com/posts/exclusive-frost-76632381	nature, outdoor, ice
Premade Scene	natural prop		Frost Bite Site	no	no	yes	https://www.patreon.com/posts/exclusive-frost-76632381	nature, outdoor, ice
Snowy variations for trees	natural prop		Winter Variations For Trees	no	no	yes	https://www.patreon.com/posts/exclusive-winter-95212781	nature, outdoor, snow
Horses	animated prop		Knight Jousting	no	no	yes	https://www.patreon.com/posts/exclusive-knight-78819556	animal, mammal, black, brown
Horse barding	manufactured prop		Knight Jousting	no	no	yes	https://www.patreon.com/posts/exclusive-knight-78819556	equipment, defense
Armoured knights	animated prop		Knight Jousting	no	no	yes	https://www.patreon.com/posts/exclusive-knight-78819556	human, aggressive
Slate roofs	tileset		Slate Roofs + Humble Chimney	no	no	yes	https://www.patreon.com/posts/exclusive-slate-108234819	building, roof, grey
Damaged slate roof variations	tileset		Slate Roofs + Humble Chimney	no	no	yes	https://www.patreon.com/posts/exclusive-slate-108234819	building, roof, grey, damaged
Exterior stone chimney	manufactured prop		Slate Roofs + Humble Chimney	no	no	yes	https://www.patreon.com/posts/exclusive-slate-108234819	building, outdoor
Humble interior chimney	animated prop		Slate Roofs + Humble Chimney	no	no	yes	https://www.patreon.com/posts/exclusive-slate-108234819	building, indoor, humble
Small Boats	tileset		Small Boats Add-on	no	no	yes	https://www.patreon.com/posts/exclusive-small-79281234	boats, brown
Giant Mushrooms	natural prop		Giant Mushrooms	no	no	yes	https://www.patreon.com/posts/exclusive-giant-54463192	nature, outdoor
Super Tier Magic (Spell Effect)	animated effect		Super Tier Magic	no	no	yes	https://www.patreon.com/posts/exclusive-super-97101844	spell, magic, sorcery
Stone dock	tileset		Ships And Docks 4x4	no	no	yes	https://www.patreon.com/posts/exclusive-ships-70727415	stone, grey
Wooden pier	tileset		Ships And Docks 4x4	no	no	yes	https://www.patreon.com/posts/exclusive-ships-70727415	wood, brown
Ship	tileset		Ships And Docks 4x4	no	no	yes	https://www.patreon.com/posts/exclusive-ships-70727415	vehicle
Harbour props	manufactured prop		Ships And Docks 4x4	no	no	yes	https://www.patreon.com/posts/exclusive-ships-70727415	decoration
Ship props	manufactured prop		Ships And Docks 4x4	no	no	yes	https://www.patreon.com/posts/exclusive-ships-70727415	decoration
North to South mountain range	tileset		Mountain Ranges 4x4	no	no	yes	https://www.patreon.com/posts/exclusive-ranges-107235817	outdoor, nature
West to East mountain range	tileset		Mountain Ranges 4x4	no	no	yes	https://www.patreon.com/posts/exclusive-ranges-107235817	outdoor, nature
Mountain peak	natural prop		Mountain Ranges 4x4	no	no	yes	https://www.patreon.com/posts/exclusive-ranges-107235817	outdoor, nature
Mountain tree	natural prop		Mountain Ranges 4x4	no	no	yes	https://www.patreon.com/posts/exclusive-ranges-107235817	outdoor, nature, green
Church roofs	tileset		Church	no	no	yes	https://www.patreon.com/posts/exclusive-church-53900517	building, outdoor, grey
Church walls	tileset		Church	no	no	yes	https://www.patreon.com/posts/exclusive-church-53900517	building, outdoor, grey
Church windows and doors	tileset		Church	no	no	yes	https://www.patreon.com/posts/exclusive-church-53900517	building, outdoor, white, grey
Wooden Bridge	tileset		Wooden Bridge	no	no	yes	https://www.patreon.com/posts/exclusive-wooden-54463590	wood, brown, outdoor
Plant Pots	manufactured prop		Plant Pots	no	no	yes	https://www.patreon.com/posts/exclusive-plant-54999756	decoration
Church walls	tileset		Church Indoor 	no	no	yes	https://www.patreon.com/posts/exclusive-church-59458427	building, indoor
Church floor	tileset		Church Indoor 	no	no	yes	https://www.patreon.com/posts/exclusive-church-59458427	building, indoor
Church windows and doors	tileset		Church Indoor 	no	no	yes	https://www.patreon.com/posts/exclusive-church-59458427	building, indoor
Candles	animated prop		Church Indoor 	no	no	yes	https://www.patreon.com/posts/exclusive-church-59458427	Indoor, ligths
Organ	manufactured prop		Church Indoor 	no	no	yes	https://www.patreon.com/posts/exclusive-church-59458427	indoor, forniture
Tavern floor	tileset		Tavern Indoor	no	no	yes	https://www.patreon.com/posts/exclusive-tavern-59620787	building, indoor
Tavern walls	tileset		Tavern Indoor	no	no	yes	https://www.patreon.com/posts/exclusive-tavern-59620787	building, indoor
Tavern windows and doors	tileset		Tavern Indoor	no	no	yes	https://www.patreon.com/posts/exclusive-tavern-59620787	building, indoor
Tavern props	manufactured prop		Tavern Indoor	no	no	yes	https://www.patreon.com/posts/exclusive-tavern-59620787	furniture, equipment
Wooden Structures	tileset		Market Stall 	no	no	yes	https://www.patreon.com/posts/exclusive-market-60375851	wood, brown
Awnings	tileset		Market Stall 	no	no	yes	https://www.patreon.com/posts/exclusive-market-60375851	outdoor, decoration, fabrics
Counters	tileset		Market Stall 	no	no	yes	https://www.patreon.com/posts/exclusive-market-60375851	furniture, brown
Groceries 	manufactured prop		Market Stall 	no	no	yes	https://www.patreon.com/posts/exclusive-market-60375851	decoration, food
Shop Indoor 	tileset		Shop Indoor 	no	no	yes	https://www.patreon.com/posts/exclusive-shop-61315811	building, indoor
Counters shop	tileset		Shop Indoor 	no	no	yes	https://www.patreon.com/posts/exclusive-shop-61315811	furniture, brown
Shop wares and containers	manufactured prop		Shop Indoor 	no	no	yes	https://www.patreon.com/posts/exclusive-shop-61315811	decoration
Fountains	animated prop		Fountains	no	no	yes	https://www.patreon.com/posts/exclusive-62634254	decoration, outdoor, indoor
Outdoor Wooden Huts / Cabins	tileset		Wooden Huts / Cabins	no	no	yes	https://www.patreon.com/posts/exclusive-wooden-63861561	building, wood, brown, outdoor
Indoor Woodn Huts/Cabins	tileset		Wooden Huts / Cabins	no	no	yes	https://www.patreon.com/posts/exclusive-wooden-63861561	building, wood, brown, indoor
Chimney	animated prop		Wooden Huts / Cabins	no	no	yes	https://www.patreon.com/posts/exclusive-wooden-63861561	decoration, indoor
Animated Town Well	animated prop		Animated Town Well	no	no	yes	https://www.patreon.com/posts/exclusive-town-67798107	decoration, outdoor 
Ruined Wall 	tileset		Town Ruins	no	no	yes	https://www.patreon.com/posts/exclusive-town-68134576	building, outdoor, damaged
Ruined Roof 	tileset		Town Ruins	no	no	yes	https://www.patreon.com/posts/exclusive-town-68134576	building, outdoor, damaged
Roof Frame	tileset		Town Ruins	no	no	yes	https://www.patreon.com/posts/exclusive-town-68134576	building, outdoor, damaged
Gladiator Arena	tileset		Gladiator Arena	no	no	yes	https://www.patreon.com/posts/exclusive-arena-77406741	building, outdoor
Monument platforms	tileset		Town Monuments	no	no	yes	https://www.patreon.com/posts/exclusive-town-88962417	decoration, building, outdoor, indoor
Commemorative columns	tileset		Town Monuments	no	no	yes	https://www.patreon.com/posts/exclusive-town-88962417	decoration, building, outdoor, indoor
Selection of statues	manufactured prop		Town Monuments	no	no	yes	https://www.patreon.com/posts/exclusive-town-88962417	decoration, outdoor, indoor
Commemorative plaques	manufactured prop		Town Monuments	no	no	yes	https://www.patreon.com/posts/exclusive-town-88962417	decoration, outdoor, indoor
Monument perimeter	tileset		Town Monuments	no	no	yes	https://www.patreon.com/posts/exclusive-town-88962417	decoration, outdoor, indoor
Small nest 	natural prop		Hen Nests	no	no	yes	https://www.patreon.com/posts/exclusive-hen-95175124	decoration, outdoor, indoor
Large nest	natural prop		Hen Nests	no	no	yes	https://www.patreon.com/posts/exclusive-hen-95175124	decoration, outdoor, indoor
White eggs	natural prop		Hen Nests	no	no	yes	https://www.patreon.com/posts/exclusive-hen-95175124	animal, outdoor, indoor, white
Brown eggs	natural prop		Hen Nests	no	no	yes	https://www.patreon.com/posts/exclusive-hen-95175124	animal, outdoor, indoor, brown
Chick hatching	animated prop		Hen Nests	no	no	yes	https://www.patreon.com/posts/exclusive-hen-95175124	animal, bird, non-aggressive
Chick idling in the nest	animated prop		Hen Nests	no	no	yes	https://www.patreon.com/posts/exclusive-hen-95175124	animal, bird, non-aggressive
Hen incubating eggs	animated prop		Hen Nests	no	no	yes	https://www.patreon.com/posts/exclusive-hen-95175124	animal, bird, non-aggressive
Stable wall	tileset		Horse Stables	no	no	yes	https://www.patreon.com/posts/exclusive-horse-101559840	building, indoor, outdoor
Fences	tileset		Horse Stables	no	no	yes	https://www.patreon.com/posts/exclusive-horse-101559840	building, decoration, outdoor, indoor
Gates	tileset		Horse Stables	no	no	yes	https://www.patreon.com/posts/exclusive-horse-101559840	building, outdoor, indoor, brown
Thatch roof	tileset		Horse Stables	no	no	yes	https://www.patreon.com/posts/exclusive-horse-101559840	building, outdoor, thatch
Stable floor	tileset		Horse Stables	no	no	yes	https://www.patreon.com/posts/exclusive-horse-101559840	building, indoor, outdoor
Stable metal sign	manufactured prop		Horse Stables	no	no	yes	https://www.patreon.com/posts/exclusive-horse-101559840	decoration, outdoor, indoor, metal
Straw	manufactured prop		Horse Stables	no	no	yes	https://www.patreon.com/posts/exclusive-horse-101559840	decoration, outdoor, indoor
Straw bundles	manufactured prop		Horse Stables	no	no	yes	https://www.patreon.com/posts/exclusive-horse-101559840	decoration, outdoor, indoor
Drinking trough	manufactured prop		Horse Stables	no	no	yes	https://www.patreon.com/posts/exclusive-horse-101559840	furniture, decoration, outdoor, indoor
Crossbow Weapon	manufactured prop		Crossbow Weapon	no	no	yes	https://www.patreon.com/posts/exclusive-weapon-59316645	weapon, item, equipment
Unarmed Combat Animations	animated effect		Unarmed Combat Animations	no	no	yes	https://www.patreon.com/posts/exclusive-combat-66655610	weapon, kick, punch
Weapon Diagonal Attacks	animated effect		Weapon Diagonal Attacks	no	no	yes	https://www.patreon.com/posts/exclusive-weapon-81359982	weapon
Orthogonal Sword Attacks	animated effect		Orthogonal Sword Attacks	no	no	yes	https://www.patreon.com/posts/exclusive-sword-107729081	weapon
Plasma Weapon Animation For Troopers	animated effect		Plasma Weapon Animation For Troopers	no	no	yes	https://www.patreon.com/posts/exclusive-plasma-86587509	weapon
Walls damaged by gunshots	tileset		Damaged Spaceship Walls	no	no	yes	https://www.patreon.com/posts/exclusive-walls-98465942	construction, broken, damaged, ruins
Walls damaged by claws	tileset		Damaged Spaceship Walls	no	no	yes	https://www.patreon.com/posts/exclusive-walls-98465942	construction, broken, damaged, ruins
Walls damaged by high-caliber weapons	tileset		Damaged Spaceship Walls	no	no	yes	https://www.patreon.com/posts/exclusive-walls-98465942	construction, broken, damaged, ruins
Dented wall sections	tileset		Damaged Spaceship Walls	no	no	yes	https://www.patreon.com/posts/exclusive-walls-98465942	construction, broken, damaged, ruins
Wall sections with exposed wiring	tileset		Damaged Spaceship Walls	no	no	yes	https://www.patreon.com/posts/exclusive-walls-98465942	construction, broken, damaged, ruins
Broken wall sections	tileset		Damaged Spaceship Walls	no	no	yes	https://www.patreon.com/posts/exclusive-walls-98465942	construction, broken, damaged, ruins
Spaceship metal floor sections	tileset		Scout Spaceship	no	no	yes	https://www.patreon.com/posts/exclusive-scout-100716104	construction, vehicle
Orthogonal spaceship walls	tileset		Scout Spaceship	no	no	yes	https://www.patreon.com/posts/exclusive-scout-100716104	construction, vehicle
Diagonal spaceship walls	tileset		Scout Spaceship	no	no	yes	https://www.patreon.com/posts/exclusive-scout-100716104	construction, vehicle
Tileable window sections	tileset		Scout Spaceship	no	no	yes	https://www.patreon.com/posts/exclusive-scout-100716104	construction, vehicle
Animated doors	tileset		Scout Spaceship	no	no	yes	https://www.patreon.com/posts/exclusive-scout-100716104	construction, vehicle
Engines	tileset		Scout Spaceship	no	no	yes	https://www.patreon.com/posts/exclusive-scout-100716104	construction, vehicle
Minimalistic tables and counters	manufactured prop		Scout Spaceship	no	no	yes	https://www.patreon.com/posts/exclusive-scout-100716104	furniture, decoration
Research tables	manufactured prop		Scout Spaceship	no	no	yes	https://www.patreon.com/posts/exclusive-scout-100716104	furniture, decoration
Various control panels	manufactured prop		Scout Spaceship	no	no	yes	https://www.patreon.com/posts/exclusive-scout-100716104	furniture, decoration
Screens	manufactured prop		Scout Spaceship	no	no	yes	https://www.patreon.com/posts/exclusive-scout-100716104	equipment, item
Chairs	manufactured prop		Scout Spaceship	no	no	yes	https://www.patreon.com/posts/exclusive-scout-100716104	furniture, decoration
Cave walls	tileset	Gloom Hollows		yes 	no	no	https://krishna-palacio.itch.io/minifantasy-gloom-hollows	building, construction, stone
Diagonal cave walls	tileset	Gloom Hollows		yes 	no	no	https://krishna-palacio.itch.io/minifantasy-gloom-hollows	building, construction, stone
Cave wall protuberances	tileset	Gloom Hollows		yes 	no	no	https://krishna-palacio.itch.io/minifantasy-gloom-hollows	building, construction, stone
Cave chasms	tileset	Gloom Hollows		yes 	no	no	https://krishna-palacio.itch.io/minifantasy-gloom-hollows	dangerous, abyss
Cave entrances	tileset	Gloom Hollows		yes 	no	no	https://krishna-palacio.itch.io/minifantasy-gloom-hollows	building, construction, stone
Cave lakes 	animated tileset	Gloom Hollows		yes 	no	no	https://krishna-palacio.itch.io/minifantasy-gloom-hollows	water
Cave stairs	tileset	Gloom Hollows		yes 	no	no	https://krishna-palacio.itch.io/minifantasy-gloom-hollows	building, construction, stone
Otherworldly looking cave ground	tileset	Gloom Hollows		yes 	no	no	https://krishna-palacio.itch.io/minifantasy-gloom-hollows	building, construction, stone, otherworldly
Cave paths	tileset	Gloom Hollows		yes 	no	no	https://krishna-palacio.itch.io/minifantasy-gloom-hollows	stone, path
Dark Elven Ruins	tileset	Gloom Hollows		yes 	no	no	https://krishna-palacio.itch.io/minifantasy-gloom-hollows	ruins, damaged
Giant otherworldly looking mushrooms	natural prop	Gloom Hollows		yes 	no	no	https://krishna-palacio.itch.io/minifantasy-gloom-hollows	nature, giant, otherworldly
Shelf fungi growing on walls	natural prop	Gloom Hollows		yes 	no	no	https://krishna-palacio.itch.io/minifantasy-gloom-hollows	nature
Bioluminiscent lichen	natural prop	Gloom Hollows		yes 	no	no	https://krishna-palacio.itch.io/minifantasy-gloom-hollows	nature, bright
Stalactites, stalagmites and cave pillars	natural prop	Gloom Hollows		yes 	no	no	https://krishna-palacio.itch.io/minifantasy-gloom-hollows	construction, stone
Crystal formations	natural prop	Gloom Hollows		yes 	no	no	https://krishna-palacio.itch.io/minifantasy-gloom-hollows	nature, crystal
Cave rocks and stones	natural prop	Gloom Hollows		yes 	no	no	https://krishna-palacio.itch.io/minifantasy-gloom-hollows	nature, stone
Dark elven ruin debris	manufactured prop	Gloom Hollows		yes 	no	no	https://krishna-palacio.itch.io/minifantasy-gloom-hollows	ruins, damaged
Tree Spirits	creature	Forest Dwellers		yes	no	no	https://krishna-palacio.itch.io/minifantasy-forest-dwellers	treepeople, non-agressive
Forest Guardians	creature	Forest Dwellers		yes	no	no	https://krishna-palacio.itch.io/minifantasy-forest-dwellers	warriors, agressive
Creeperlings	creature	Forest Dwellers		yes	no	no	https://krishna-palacio.itch.io/minifantasy-forest-dwellers	monster, plants, flowers, agressive
Alpha Creeper	creature	Forest Dwellers		yes	no	no	https://krishna-palacio.itch.io/minifantasy-forest-dwellers	monster, plants, flowers, agressive
Necrothallus	creature	Forest Dwellers		yes	no	no	https://krishna-palacio.itch.io/minifantasy-forest-dwellers	monster, agressive
Necrofungus	creature	Forest Dwellers		yes	no	no	https://krishna-palacio.itch.io/minifantasy-forest-dwellers	monster, agressive
Fungified Corpse	creature	Forest Dwellers		yes	no	no	https://krishna-palacio.itch.io/minifantasy-forest-dwellers	monster, undead, agressive
Layered void space background	tileset		Celestial Bodies Backdrop	no	no	yes	https://www.patreon.com/posts/exclusive-bodies-116952153	void space, background
Star fields	tileset		Celestial Bodies Backdrop	no	no	yes	https://www.patreon.com/posts/exclusive-bodies-116952153	space, background
Big planets	natural prop		Celestial Bodies Backdrop	no	no	yes	https://www.patreon.com/posts/exclusive-bodies-116952153	space
Small planets	natural prop		Celestial Bodies Backdrop	no	no	yes	https://www.patreon.com/posts/exclusive-bodies-116952153	space
Burning Sun	animated prop		Celestial Bodies Backdrop	no	no	yes	https://www.patreon.com/posts/exclusive-bodies-116952153	space
Stone altars	manufactured prop		Sacrifice Altars	no	no	yes	https://www.patreon.com/posts/exclusive-altars-53900341	stone, altars, furniture
Skull candles	animated prop		Sacrifice Altars	no	no	yes	https://www.patreon.com/posts/exclusive-altars-53900341	light
Corpses and bloodstains	natural prop		Sacrifice Altars	no	no	yes	https://www.patreon.com/posts/exclusive-altars-53900341	creepy, horror, gore
Lantern on the ground	manufactured prop		Outdoor Lanterns	no	no	yes	https://www.patreon.com/posts/exclusive-54296066	light, outdoor
Lantern on a pole	manufactured prop		Outdoor Lanterns	no	no	yes	https://www.patreon.com/posts/exclusive-54296066	light, outdoor
Lantern hanging from a post	manufactured prop		Outdoor Lanterns	no	no	yes	https://www.patreon.com/posts/exclusive-54296066	light, outdoor
Raft	tileset		Raft	no	no	yes	https://www.patreon.com/posts/exclusive-raft-54999833	vehicle, wood
Dance styles	base character expanded animations		Dance	no	no	yes	https://www.patreon.com/posts/exclusive-dance-57673697	
Blood Mage	creature	True Heroes IV		yes 	no	no	https://krishna-palacio.itch.io/minifantasy-true-heroes-iv	mage, aggressive, spell, magic
Ninja Assassin	creature	True Heroes IV		yes 	no	no	https://krishna-palacio.itch.io/minifantasy-true-heroes-iv	ninja, aggressive
Tech-augmented Gunslinger	creature	True Heroes IV		yes 	no	no	https://krishna-palacio.itch.io/minifantasy-true-heroes-iv	human, cbernetic, aggressive
Hills	tileset	Warp Lands		yes 	no	no	https://krishna-palacio.itch.io/minifantasy-warp-lands	nature, land
Cliffs	tileset	Warp Lands		yes 	no	no	https://krishna-palacio.itch.io/minifantasy-warp-lands	nature, dangerous
Walls	tileset	Warp Lands		yes 	no	no	https://krishna-palacio.itch.io/minifantasy-warp-lands	indoor, outdoor
Entrances and gates	tileset	Warp Lands		yes 	no	no	https://krishna-palacio.itch.io/minifantasy-warp-lands	indoor, outdoor, entrance, building, construction
Stairs	tileset	Warp Lands		yes 	no	no	https://krishna-palacio.itch.io/minifantasy-warp-lands	building, construction
Ground	tileset	Warp Lands		yes 	no	no	https://krishna-palacio.itch.io/minifantasy-warp-lands	floor, construction
Pulsing warp energy rifts	animated tileset	Warp Lands		yes 	no	no	https://krishna-palacio.itch.io/minifantasy-warp-lands	broken, dangerous
Eldritch formations	manufactured prop	Warp Lands		yes 	no	no	https://krishna-palacio.itch.io/minifantasy-warp-lands	eldritch, construction
Pyramidal monoliths	manufactured prop	Warp Lands		yes 	no	no	https://krishna-palacio.itch.io/minifantasy-warp-lands	building, construction, stone
Weird warped flora	natural prop	Warp Lands		yes 	no	no	https://krishna-palacio.itch.io/minifantasy-warp-lands	natural, background
Warped stars	natural prop	Warp Lands		yes 	no	no	https://krishna-palacio.itch.io/minifantasy-warp-lands	background, space
Eyes of the warp	animated prop	Warp Lands		yes 	no	no	https://krishna-palacio.itch.io/minifantasy-warp-lands	creepy
Reality cracks	animated prop	Warp Lands		yes 	no	no	https://krishna-palacio.itch.io/minifantasy-warp-lands	entrance, background
Coffins	manufactured prop		Coffins	no	no	yes	https://www.patreon.com/posts/exclusive-62002759	furniture, decoration, creepy
Animated Flags	animated prop		Animated Flags 8x8	no	no	yes	https://www.patreon.com/posts/exclusive-8x8-64783160	decoration, fabrics
Tree Variations	natural prop		Tree Variations	no	no	yes	https://www.patreon.com/posts/exclusive-more-65205125	nature, forest, tree, green
Hole entrances	manufactured prop		Hole Entrances, Ropes And Climbing Animations	no	no	yes	https://www.patreon.com/posts/exclusive-hole-69631790	hole, entrance, rock
Ropes	manufactured prop		Hole Entrances, Ropes And Climbing Animations	no	no	yes	https://www.patreon.com/posts/exclusive-hole-69631790	fabric, fibers, equipment
Climbing animations	base character expanded animations		Hole Entrances, Ropes And Climbing Animations	no	no	yes	https://www.patreon.com/posts/exclusive-hole-69631790	base models (human, orc, elf, halfling, goblin and dwarf)
Helmet Designs	manufactured prop		Helmet Designs	no	no	yes	https://www.patreon.com/posts/exclusive-helmet-69727173	item, equipment, defense
Caravans And Wagons	vehicle		Caravans And Wagons	no	no	yes	https://www.patreon.com/posts/exclusive-and-70321524	vehicle, wood
Wearable Backpacks	manufactured prop		Wearable Backpacks	no	no	yes	https://www.patreon.com/posts/exclusive-70410511	item, equipment
Treasure Chests	manufactured prop		Treasure Chests	no	no	yes	https://www.patreon.com/posts/exclusive-chests-70997233	furniture, decoration, chests
Rope Bridge	manufactured prop		Rope Bridge	no	no	yes	https://www.patreon.com/posts/exclusive-rope-72051131	building, bridge, rope
Signage	manufactured prop		Signage	no	no	yes	https://www.patreon.com/posts/exclusive-more-77419435	decoration
Piles Of Loot And Stuff	manufactured prop		Piles Of Loot And Stuff	no	no	yes	https://www.patreon.com/posts/exclusive-piles-79393956	decoration
Wizard Tower	manufactured prop		Wizard Tower	no	no	yes	https://www.patreon.com/posts/exclusive-wizard-82183344	building, castle, fortrees
Magic Gateway	animated prop		Magic Gateway	no	no	yes	https://www.patreon.com/posts/exclusive-magic-83418692	outdoor, indoor, magic
Bamboo Forest	tileset		Bamboo Forest	no	no	yes	https://www.patreon.com/posts/exclusive-bamboo-86680202	trees, forest, green
Rain	animated effect		Weather Effects	no	no	yes	https://www.patreon.com/posts/exclusive-86787011	rain, water, weather
Raindrops effects	animated effect		Weather Effects	no	no	yes	https://www.patreon.com/posts/exclusive-86787011	rain, water, weather
Thunder/lighting effect	animated effect		Weather Effects	no	no	yes	https://www.patreon.com/posts/exclusive-86787011	weather
Snowfall	animated effect		Weather Effects	no	no	yes	https://www.patreon.com/posts/exclusive-86787011	snowfall, weather
Sandstorm	animated effect		Weather Effects	no	no	yes	https://www.patreon.com/posts/exclusive-86787011	sandstorm, weather
Canvas tents	manufactured prop		Gold Prospector Camp	no	no	yes	https://www.patreon.com/posts/exclusive-gold-89910794	furniture, outdoor
Camp bonfire	manufactured prop		Gold Prospector Camp	no	no	yes	https://www.patreon.com/posts/exclusive-gold-89910794	light source, camp, outdoor
Cargo cart	manufactured prop		Gold Prospector Camp	no	no	yes	https://www.patreon.com/posts/exclusive-gold-89910794	vehicle, wood
Camp tables and chairs	manufactured prop		Gold Prospector Camp	no	no	yes	https://www.patreon.com/posts/exclusive-gold-89910794	furniture, outdoor
Water containers	manufactured prop		Gold Prospector Camp	no	no	yes	https://www.patreon.com/posts/exclusive-gold-89910794	equipment, utility, item
Pans and sieves	manufactured prop		Gold Prospector Camp	no	no	yes	https://www.patreon.com/posts/exclusive-gold-89910794	equipment, utility, item
Scale	manufactured prop		Gold Prospector Camp	no	no	yes	https://www.patreon.com/posts/exclusive-gold-89910794	equipment, utility, item
Wheelbarrows	manufactured prop		Gold Prospector Camp	no	no	yes	https://www.patreon.com/posts/exclusive-gold-89910794	equipment, utility, item
Mining tools	manufactured prop		Gold Prospector Camp	no	no	yes	https://www.patreon.com/posts/exclusive-gold-89910794	equipment, utility, item
Boxes	manufactured prop		Gold Prospector Camp	no	no	yes	https://www.patreon.com/posts/exclusive-gold-89910794	equipment, utility, item
Barrels	manufactured prop		Gold Prospector Camp	no	no	yes	https://www.patreon.com/posts/exclusive-gold-89910794	equipment, utility, item
Bottles	manufactured prop		Gold Prospector Camp	no	no	yes	https://www.patreon.com/posts/exclusive-gold-89910794	decoration, houseware
Gold nuggets	manufactured prop		Gold Prospector Camp	no	no	yes	https://www.patreon.com/posts/exclusive-gold-89910794	decoration
Piles of river gravel	manufactured prop		Gold Prospector Camp	no	no	yes	https://www.patreon.com/posts/exclusive-gold-89910794	decoration, outdoor
Cloud shadow 8x8	tileset		Weather Effects	no	no	yes	https://www.patreon.com/posts/exclusive-86787011	outdoor, nature
Green House	manufactured prop		Green House	no	no	yes	https://www.patreon.com/posts/exclusive-green-98647357	building
Tree Animations	animated prop		Tree Animations	no	no	yes	https://www.patreon.com/posts/exclusive-tree-99851761	nature, tree, outdoor
Cage Traps	animated prop		Cage Traps	no	no	yes	https://www.patreon.com/posts/exclusive-cage-104225209	trap, mechanical, dangerous
Skull Hideout	manufactured prop		Skull Hideout	no	no	yes	https://www.patreon.com/posts/exclusive-skull-106423694	building, creepy
Stargate	manufactured prop		Stargate	no	no	yes	https://www.patreon.com/posts/exclusive-add-on-124269506	space, gate
Crawl Animations	base character expanded animations		Crawl Animations	no	no	yes	https://www.patreon.com/posts/exclusive-add-on-127191249	base character expanded animations: Human, Elf, Orc, Halfling, Goblin, Dwarf
Dark Priest	creature	True Villains I		yes	no	no	https://krishna-palacio.itch.io/minifantasy-true-villains-i	creature, human, aggressive
Demonologist	creature	True Villains I		yes	no	no	https://krishna-palacio.itch.io/minifantasy-true-villains-i	creature, aggressive
Supreme Necromancer	creature	True Villains I		yes	no	no	https://krishna-palacio.itch.io/minifantasy-true-villains-i	creature, aggressive
Standalone summoning effects	animated effect	True Villains I		yes	no	no	https://krishna-palacio.itch.io/minifantasy-true-villains-i	layered animation
IU Panels	GUI/HUD	UI Overhaul		yes	no	no	https://krishna-palacio.itch.io/minifantasy-ui-overhaul	interface
IU Slots	GUI/HUD	UI Overhaul		yes	no	no	https://krishna-palacio.itch.io/minifantasy-ui-overhaul	interface
UI Dividers	GUI/HUD	UI Overhaul		yes	no	no	https://krishna-palacio.itch.io/minifantasy-ui-overhaul	interface
UI Sliders	GUI/HUD	UI Overhaul		yes	no	no	https://krishna-palacio.itch.io/minifantasy-ui-overhaul	interface
UI Check boxes	GUI/HUD	UI Overhaul		yes	no	no	https://krishna-palacio.itch.io/minifantasy-ui-overhaul	interface
UI Toggle buttons	GUI/HUD	UI Overhaul		yes	no	no	https://krishna-palacio.itch.io/minifantasy-ui-overhaul	interface
UI Tabs	GUI/HUD	UI Overhaul		yes	no	no	https://krishna-palacio.itch.io/minifantasy-ui-overhaul	interface
UI Bars	GUI/HUD	UI Overhaul		yes	no	no	https://krishna-palacio.itch.io/minifantasy-ui-overhaul	interface
UI Push button	GUI/HUD	UI Overhaul		yes	no	no	https://krishna-palacio.itch.io/minifantasy-ui-overhaul	interface
UI Icons	GUI/HUD	UI Overhaul		yes	no	no	https://krishna-palacio.itch.io/minifantasy-ui-overhaul	interface
UI Controller Icons (Sbos, PS and Switch)	GUI/HUD	UI Overhaul		yes	no	no	https://krishna-palacio.itch.io/minifantasy-ui-overhaul	interface
UI Keyborard and mouse icons	GUI/HUD	UI Overhaul		yes	no	no	https://krishna-palacio.itch.io/minifantasy-ui-overhaul	interface
UI Contextual cursors	GUI/HUD	UI Overhaul		yes	no	no	https://krishna-palacio.itch.io/minifantasy-ui-overhaul	interface
UI Selectors	GUI/HUD	UI Overhaul		yes	no	no	https://krishna-palacio.itch.io/minifantasy-ui-overhaul	interface
UI Labels and tags	GUI/HUD	UI Overhaul		yes	no	no	https://krishna-palacio.itch.io/minifantasy-ui-overhaul	interface
UI Grids	GUI/HUD	UI Overhaul		yes	no	no	https://krishna-palacio.itch.io/minifantasy-ui-overhaul	interface
UI Character emotion icons	GUI/HUD	UI Overhaul		yes	no	no	https://krishna-palacio.itch.io/minifantasy-ui-overhaul	interface
Eerie Cave Walls	tileset	Temple Of The Snake God		yes	no	no	https://krishna-palacio.itch.io/minifantasy-temple-of-the-snake-god	eerie, stone, underground
Eerie Cave Floor 	tileset	Temple Of The Snake God		yes	no	no	https://krishna-palacio.itch.io/minifantasy-temple-of-the-snake-god	eerie, stone, underground
Cave Entrance	tileset	Temple Of The Snake God		yes	no	no	https://krishna-palacio.itch.io/minifantasy-temple-of-the-snake-god	building, construction, stone
Scale-like Walls	tileset	Temple Of The Snake God		yes	no	no	https://krishna-palacio.itch.io/minifantasy-temple-of-the-snake-god	building, construction, scale-like
Temple Floor	tileset	Temple Of The Snake God		yes	no	no	https://krishna-palacio.itch.io/minifantasy-temple-of-the-snake-god	building, indoor
Temple Gates	tileset	Temple Of The Snake God		yes	no	no	https://krishna-palacio.itch.io/minifantasy-temple-of-the-snake-god	building, indoor, outdoor
Temple Stairs	tileset	Temple Of The Snake God		yes	no	no	https://krishna-palacio.itch.io/minifantasy-temple-of-the-snake-god	building, indoor, outdoor
Large Snake Sculptures	manufactured prop	Temple Of The Snake God		yes	no	no	https://krishna-palacio.itch.io/minifantasy-temple-of-the-snake-god	decoration, religious
Small Snake Sculptures for Walls	manufactured prop	Temple Of The Snake God		yes	no	no	https://krishna-palacio.itch.io/minifantasy-temple-of-the-snake-god	decoration, religious
Temple Altar	manufactured prop	Temple Of The Snake God		yes	no	no	https://krishna-palacio.itch.io/minifantasy-temple-of-the-snake-god	furniture, religious
Dungeon Entrance	manufactured prop	Temple Of The Snake God		yes	no	no	https://krishna-palacio.itch.io/minifantasy-temple-of-the-snake-god	building, indoor, outdoor
Several Types of Temple Columns	manufactured prop	Temple Of The Snake God		yes	no	no	https://krishna-palacio.itch.io/minifantasy-temple-of-the-snake-god	decoration, building, outdoor, indoor
Modular Snake Decoration for Columns	manufactured prop	Temple Of The Snake God		yes	no	no	https://krishna-palacio.itch.io/minifantasy-temple-of-the-snake-god	decoration, building, outdoor, indoor
Temple Vessels	manufactured prop	Temple Of The Snake God		yes	no	no	https://krishna-palacio.itch.io/minifantasy-temple-of-the-snake-god	decoration, religious
Human Bone Remains	natural prop	Temple Of The Snake God		yes	no	no	https://krishna-palacio.itch.io/minifantasy-temple-of-the-snake-god	decoration, natural, creepy, horror
Temple Candles	animated prop	Temple Of The Snake God		yes	no	no	https://krishna-palacio.itch.io/minifantasy-temple-of-the-snake-god	light source, indoor
Arcane Burst	animated effect	Spell effects II		yes	no	no	https://krishna-palacio.itch.io/minifantasyspell-effects-ii	spell, magic, sorcery
Arcane Missile	animated effect	Spell effects II		yes	no	no	https://krishna-palacio.itch.io/minifantasyspell-effects-ii	spell, magic, sorcery
Arcane Orb	animated effect	Spell effects II		yes	no	no	https://krishna-palacio.itch.io/minifantasyspell-effects-ii	spell, magic, sorcery
Arcane Pulse	animated effect	Spell effects II		yes	no	no	https://krishna-palacio.itch.io/minifantasyspell-effects-ii	spell, magic, sorcery
Arcane Beam	animated effect	Spell effects II		yes	no	no	https://krishna-palacio.itch.io/minifantasyspell-effects-ii	spell, magic, sorcery
Arcane Tileable 8x8 	animated effect	Spell effects II		yes	no	no	https://krishna-palacio.itch.io/minifantasyspell-effects-ii	spell, magic, sorcery
Tarot Cards Aura	animated effect	Spell effects II		yes	no	no	https://krishna-palacio.itch.io/minifantasyspell-effects-ii	spell, magic, sorcery
Draw Fate	animated effect	Spell effects II		yes	no	no	https://krishna-palacio.itch.io/minifantasyspell-effects-ii	spell, magic, sorcery
Fate effects: Death 	animated effect	Spell effects II		yes	no	no	https://krishna-palacio.itch.io/minifantasyspell-effects-ii	spell, magic, sorcery
Fate effects: Emperor	animated effect	Spell effects II		yes	no	no	https://krishna-palacio.itch.io/minifantasyspell-effects-ii	spell, magic, sorcery
Fate effects: Hermit	animated effect	Spell effects II		yes	no	no	https://krishna-palacio.itch.io/minifantasyspell-effects-ii	spell, magic, sorcery
Fate effects: Sun	animated effect	Spell effects II		yes	no	no	https://krishna-palacio.itch.io/minifantasyspell-effects-ii	spell, magic, sorcery
Fate effects: Sword	animated effect	Spell effects II		yes	no	no	https://krishna-palacio.itch.io/minifantasyspell-effects-ii	spell, magic, sorcery
Fate effects: Wheel	animated effect	Spell effects II		yes	no	no	https://krishna-palacio.itch.io/minifantasyspell-effects-ii	spell, magic, sorcery
Cartomancy Tileable 8x8 and 8x16	animated effect	Spell effects II		yes	no	no	https://krishna-palacio.itch.io/minifantasyspell-effects-ii	spell, magic, sorcery
Shadow Orb Aura	animated effect	Spell effects II		yes	no	no	https://krishna-palacio.itch.io/minifantasyspell-effects-ii	spell, magic, sorcery
Shadow Missile	animated effect	Spell effects II		yes	no	no	https://krishna-palacio.itch.io/minifantasyspell-effects-ii	spell, magic, sorcery
Shadow Sting	animated effect	Spell effects II		yes	no	no	https://krishna-palacio.itch.io/minifantasyspell-effects-ii	spell, magic, sorcery
Shadow Tendrils	animated effect	Spell effects II		yes	no	no	https://krishna-palacio.itch.io/minifantasyspell-effects-ii	spell, magic, sorcery
Shadow Tileable 8x8	animated effect	Spell effects II		yes	no	no	https://krishna-palacio.itch.io/minifantasyspell-effects-ii	spell, magic, sorcery
Bonfire base	animated effect		Magical Bonfires	no	no	yes	https://www.patreon.com/posts/exclusive-add-on-131300557	light source, outdoor, indoor
Bonfire  Fire	animated effect		Magical Bonfires	no	no	yes	https://www.patreon.com/posts/exclusive-add-on-131300557	light source, outdoor, indoor
Bonfire  Glow	animated effect		Magical Bonfires	no	no	yes	https://www.patreon.com/posts/exclusive-add-on-131300557	light source, outdoor, indoor
Bonfire  Ground Effect	animated effect		Magical Bonfires	no	no	yes	https://www.patreon.com/posts/exclusive-add-on-131300557	light source, outdoor, indoor
Sleeping Animations	animated effect		Sleeping Animations	no	no	yes	https://www.patreon.com/posts/exclusive-add-on-131579318	spell, magic, sorcery
Festival stone stage	tileset		Lunar New Year Festival	no	no	yes	https://www.patreon.com/posts/61664127	building, stone, stage
Stone stair	tileset		Lunar New Year Festival	no	no	yes	https://www.patreon.com/posts/61664127	building, stone, stage, stair
Flying lantern	animated prop		Lunar New Year Festival	no	no	yes	https://www.patreon.com/posts/61664127	light source
Firecrackers	animated prop		Lunar New Year Festival	no	no	yes	https://www.patreon.com/posts/61664127	light source
Tiger statues	manufactured prop		Lunar New Year Festival	no	no	yes	https://www.patreon.com/posts/61664127	decoration
Hanging lantern	manufactured prop		Lunar New Year Festival	no	no	yes	https://www.patreon.com/posts/61664127	light source
Hanging festive decorations	manufactured prop		Lunar New Year Festival	no	no	yes	https://www.patreon.com/posts/61664127	decoration, festive
Moon gong	manufactured prop		Lunar New Year Festival	no	no	yes	https://www.patreon.com/posts/61664127	decoration, festive
Ornamental fan	manufactured prop		Lunar New Year Festival	no	no	yes	https://www.patreon.com/posts/61664127	decoration, festive
Decorative items	manufactured prop		Lunar New Year Festival	no	no	yes	https://www.patreon.com/posts/61664127	decoration, festive
Modular festival wooden frames	manufactured prop		Lunar New Year Festival	no	no	yes	https://www.patreon.com/posts/61664127	decoration, festive
Tiger fully animated	animated prop		Lunar New Year Festival	no	no	yes	https://www.patreon.com/posts/61664127	decoration, festive
Sand	tileset		Summer Holidays	no	no	yes	https://www.patreon.com/posts/minifantasy-67928821	nature, outdoor, yellow
Lapping-wave-on-the-shore	animated tileset		Summer Holidays	no	no	yes	https://www.patreon.com/posts/minifantasy-67928821	nature, outdoor, wave
Sea waves	animated tileset		Summer Holidays	no	no	yes	https://www.patreon.com/posts/minifantasy-67928821	nature, outdoor, wave
Parasols	manufactured prop		Summer Holidays	no	no	yes	https://www.patreon.com/posts/minifantasy-67928821	decoration, outdoor, beach
Loungers and beach chairs	manufactured prop		Summer Holidays	no	no	yes	https://www.patreon.com/posts/minifantasy-67928821	decoration, outdoor, beach
Beach towels	manufactured prop		Summer Holidays	no	no	yes	https://www.patreon.com/posts/minifantasy-67928821	decoration, outdoor, beach
Bach balls	manufactured prop		Summer Holidays	no	no	yes	https://www.patreon.com/posts/minifantasy-67928821	decoration, outdoor, beach
Paddles beach	manufactured prop		Summer Holidays	no	no	yes	https://www.patreon.com/posts/minifantasy-67928821	decoration, outdoor, beach
Sandcastle set	manufactured prop		Summer Holidays	no	no	yes	https://www.patreon.com/posts/minifantasy-67928821	decoration, outdoor, beach
Animated Bbq	animated prop		Summer Holidays	no	no	yes	https://www.patreon.com/posts/minifantasy-67928821	decoration, outdoor, beach
Starfish	manufactured prop		Summer Holidays	no	no	yes	https://www.patreon.com/posts/minifantasy-67928821	decoration, outdoor, beach
Conch	manufactured prop		Summer Holidays	no	no	yes	https://www.patreon.com/posts/minifantasy-67928821	decoration, outdoor, beach
Shells	manufactured prop		Summer Holidays	no	no	yes	https://www.patreon.com/posts/minifantasy-67928821	decoration, outdoor, beach
Humanoid characters wearing different swimming suits	base character expanded animations		Summer Holidays	no	no	yes	https://www.patreon.com/posts/minifantasy-67928821	base character, human
Ancient Ruins Dungeon Floor tiles	tileset		More dungeons	no	no	yes	https://www.patreon.com/posts/minifantasy-just-65366395	building, ruins, broken
Ancient Ruins Dungeon Wall tiles	tileset		More dungeons	no	no	yes	https://www.patreon.com/posts/minifantasy-just-65366395	building, ruins, broken
Ancient Ruins Dungeon Doors	tileset		More dungeons	no	no	yes	https://www.patreon.com/posts/minifantasy-just-65366395	building, ruins, broken
Ancient Ruins Dungeon A selection of props	manufactured prop		More dungeons	no	no	yes	https://www.patreon.com/posts/minifantasy-just-65366395	decoration, dungeons
Ancient Ruins Dungeon Shadows	tileset		More dungeons	no	no	yes	https://www.patreon.com/posts/minifantasy-just-65366395	decoration, ruins, creepy
Ice Dungeon Floor tiles	tileset		More dungeons	no	no	yes	https://www.patreon.com/posts/minifantasy-just-65366395	building, ice, dangerous
Ice Dungeon Wall tiles	tileset		More dungeons	no	no	yes	https://www.patreon.com/posts/minifantasy-just-65366395	building, ice, dangerous
Ice Dungeon Doors	tileset		More dungeons	no	no	yes	https://www.patreon.com/posts/minifantasy-just-65366395	building, ice, dangerous
Ice Dungeon A selection of props	manufactured prop		More dungeons	no	no	yes	https://www.patreon.com/posts/minifantasy-just-65366395	decoration, dungeons
Ice Dungeon Shadows	tileset		More dungeons	no	no	yes	https://www.patreon.com/posts/minifantasy-just-65366395	decoration, ice, creepy
Torture Dungeon  Floor tiles	tileset		More dungeons	no	no	yes	https://www.patreon.com/posts/minifantasy-just-65366395	building, creepy
Torture Dungeon  Wall tiles	tileset		More dungeons	no	no	yes	https://www.patreon.com/posts/minifantasy-just-65366395	building, creepy
Torture Dungeon Doors	tileset		More dungeons	no	no	yes	https://www.patreon.com/posts/minifantasy-just-65366395	building, creepy
Torture Dungeon A selection of props	manufactured prop		More dungeons	no	no	yes	https://www.patreon.com/posts/minifantasy-just-65366395	decoration, dungeons
Torture Dungeon Shadows	tileset		More dungeons	no	no	yes	https://www.patreon.com/posts/minifantasy-just-65366395	decoration, creepy
Haunted House Exterior Porch Tiles	tileset		Haunted House	no	no	yes	https://www.patreon.com/posts/happy-halloween-73796629	building, outdoor, haunted
Haunted House Exterior Porch Stairs	tileset		Haunted House	no	no	yes	https://www.patreon.com/posts/happy-halloween-73796629	building, outdoor, haunted
Haunted House Exterior Walls 	tileset		Haunted House	no	no	yes	https://www.patreon.com/posts/happy-halloween-73796629	building, outdoor, haunted
Haunted House Exterior Roof Tiles 	tileset		Haunted House	no	no	yes	https://www.patreon.com/posts/happy-halloween-73796629	building, outdoor, haunted
Haunted House Exterior Roof Forged Decoration	tileset		Haunted House	no	no	yes	https://www.patreon.com/posts/happy-halloween-73796629	building, outdoor, haunted
Haunted House Exterior Doors And Windows	tileset		Haunted House	no	no	yes	https://www.patreon.com/posts/happy-halloween-73796629	building, outdoor, haunted
Haunted House Interior Wooden Floor	tileset		Haunted House	no	no	yes	https://www.patreon.com/posts/happy-halloween-73796629	building, indoor, wooden
Haunted House Interior Stairs	tileset		Haunted House	no	no	yes	https://www.patreon.com/posts/happy-halloween-73796629	building, indoor
Haunted House Interior Walls 	tileset		Haunted House	no	no	yes	https://www.patreon.com/posts/happy-halloween-73796629	building, indoor
Spider Webs	natural prop		Haunted House	no	no	yes	https://www.patreon.com/posts/happy-halloween-73796629	decoration, haunted, creepy, indoor
Pumpkins	natural prop		Haunted House	no	no	yes	https://www.patreon.com/posts/happy-halloween-73796629	decoration, haunted, creepy, indoor
Decayed Carpet	manufactured prop		Haunted House	no	no	yes	https://www.patreon.com/posts/happy-halloween-73796629	decoration, haunted, creepy, indoor
Mirror	manufactured prop		Haunted House	no	no	yes	https://www.patreon.com/posts/happy-halloween-73796629	decoration, haunted, creepy, indoor
Broken Mirror	manufactured prop		Haunted House	no	no	yes	https://www.patreon.com/posts/happy-halloween-73796629	decoration, haunted, creepy, indoor, broken
Glass Pieces	manufactured prop		Haunted House	no	no	yes	https://www.patreon.com/posts/happy-halloween-73796629	decoration, haunted, creepy, indoor
Spooky Monster Paints	manufactured prop		Haunted House	no	no	yes	https://www.patreon.com/posts/happy-halloween-73796629	decoration, haunted, creepy, indoor
Decayed furniture	manufactured prop		Haunted House	no	no	yes	https://www.patreon.com/posts/happy-halloween-73796629	furniture, indoor, decayed, broken
Decayed Tables	manufactured prop		Haunted House	no	no	yes	https://www.patreon.com/posts/happy-halloween-73796629	furniture, indoor, decayed, broken
Decayed Chairs	manufactured prop		Haunted House	no	no	yes	https://www.patreon.com/posts/happy-halloween-73796629	furniture, indoor, decayed, broken
Decayed Wall Paper	manufactured prop		Haunted House	no	no	yes	https://www.patreon.com/posts/happy-halloween-73796629	decoration, haunted, creepy, indoor, decayed
Animated Red Eyes	animated prop		Haunted House	no	no	yes	https://www.patreon.com/posts/happy-halloween-73796629	creepy, haunted
Modular fantasy portrait	base character expanded animations	Modular fantasy portraits		yes	no	no	https://krishna-palacio.itch.io/minifantasy-portrait-generator	base character
Meadow Towers: Stone tower walls	tileset	Towers		yes	no	no	https://krishna-palacio.itch.io/minifantasy-towers	building, construction, stone
Meadow Towers: Stone cornice and ashlars	tileset	Towers		yes	no	no	https://krishna-palacio.itch.io/minifantasy-towers	building, construction, stone
Meadow Towers: Porthole window	tileset	Towers		yes	no	no	https://krishna-palacio.itch.io/minifantasy-towers	building, construction
Meadow Towers; Sturdy tower door	tileset	Towers		yes	no	no	https://krishna-palacio.itch.io/minifantasy-towers	building, construction,  sturdy
Meadow Towers: Stone tower top	tileset	Towers		yes	no	no	https://krishna-palacio.itch.io/minifantasy-towers	building, construction, stone
Meadow Towers: Tower roof	tileset	Towers		yes	no	no	https://krishna-palacio.itch.io/minifantasy-towers	building, construction, outdoor
Meadow Towers: Stone and Wooden Stairs	tileset	Towers		yes	no	no	https://krishna-palacio.itch.io/minifantasy-towers	building, construction, stone, wood
Meadow Towers: Wooden and stone railings	tileset	Towers		yes	no	no	https://krishna-palacio.itch.io/minifantasy-towers	building, construction, stone, wood
Meadow Towers: Banners	tileset	Towers		yes	no	no	https://krishna-palacio.itch.io/minifantasy-towers	decoration, outdoor, indoor
Meadow Towers: Interior stone floor	tileset	Towers		yes	no	no	https://krishna-palacio.itch.io/minifantasy-towers	building, construction, stone, indoor
Desert Towers: Adobe tower walls	tileset	Towers		yes	no	no	https://krishna-palacio.itch.io/minifantasy-towers	building, construction, adobe
Desert Towers: Adobe cornice and ashlars	tileset	Towers		yes	no	no	https://krishna-palacio.itch.io/minifantasy-towers	building, construction, adobe
Desert Towers: Golden tower doors	tileset	Towers		yes	no	no	https://krishna-palacio.itch.io/minifantasy-towers	building, construction, golden
Desert Towers: Exotic tower windows	tileset	Towers		yes	no	no	https://krishna-palacio.itch.io/minifantasy-towers	building, exotic
Desert Towers: Adobe tower top	tileset	Towers		yes	no	no	https://krishna-palacio.itch.io/minifantasy-towers	building, construction, adobe
Desert Towers: Cylindrical tower part	tileset	Towers		yes	no	no	https://krishna-palacio.itch.io/minifantasy-towers	building, construction, cylindrical
Desert Towers: Dome	tileset	Towers		yes	no	no	https://krishna-palacio.itch.io/minifantasy-towers	building, construction, dome
Desert Towers: Adobe battlements	tileset	Towers		yes	no	no	https://krishna-palacio.itch.io/minifantasy-towers	building, construction, decoration, adobe
Desert Towers: Ladder and trapdoor	tileset	Towers		yes	no	no	https://krishna-palacio.itch.io/minifantasy-towers	building, construction
Desert Towers: Adobe railings	tileset	Towers		yes	no	no	https://krishna-palacio.itch.io/minifantasy-towers	decoration, adobe
Desert Towers: Exotic decorations	tileset	Towers		yes	no	no	https://krishna-palacio.itch.io/minifantasy-towers	decoration, exotic
Desert Towers: Interior mosaic floor	tileset	Towers		yes	no	no	https://krishna-palacio.itch.io/minifantasy-towers	building, construction, indoor, mosaic
Swamp Towers: Tower wooden plank platform	tileset	Towers		yes	no	no	https://krishna-palacio.itch.io/minifantasy-towers	building, construction, wood
Swamp Towers: Sturdy wooden tower structure	tileset	Towers		yes	no	no	https://krishna-palacio.itch.io/minifantasy-towers	building, construction, wood, sturdy
Swamp Towers: Stone foundation	tileset	Towers		yes	no	no	https://krishna-palacio.itch.io/minifantasy-towers	building, construction, stone
Swamp Towers: Tower top hut walls	tileset	Towers		yes	no	no	https://krishna-palacio.itch.io/minifantasy-towers	building, construction, wood
Swamp Towers: Tower top hut window	tileset	Towers		yes	no	no	https://krishna-palacio.itch.io/minifantasy-towers	building, construction, wood
Swamp Towers: Tower top hut door	tileset	Towers		yes	no	no	https://krishna-palacio.itch.io/minifantasy-towers	building, construction, wood
Swamp Towers: Tower top hut roof	tileset	Towers		yes	no	no	https://krishna-palacio.itch.io/minifantasy-towers	building, construction, wood
Swamp Towers: Rope ladder	tileset	Towers		yes	no	no	https://krishna-palacio.itch.io/minifantasy-towers	building, construction, rope
Swamp Towers: Wooden fence/barrier	tileset	Towers		yes	no	no	https://krishna-palacio.itch.io/minifantasy-towers	building, construction, wood
Swamp Towers: Hut interior wooden floor	tileset	Towers		yes	no	no	https://krishna-palacio.itch.io/minifantasy-towers	building, construction, wood, indoor
Graveyard ground tiles	tileset		Spooky Graveyard	no	no	yes	https://www.patreon.com/posts/old-exclusive-39018599	outdoor, brown, green
Graveyard Path tiles	tileset		Spooky Graveyard	no	no	yes	https://www.patreon.com/posts/old-exclusive-39018599	outdoor, brown, green
Graveyard Wrought iron fence	tileset		Spooky Graveyard	no	no	yes	https://www.patreon.com/posts/old-exclusive-39018599	indoor, outdoor, metal, iron
Graveyard Tombstones	manufactured prop		Spooky Graveyard	no	no	yes	https://www.patreon.com/posts/old-exclusive-39018599	decoration, horror, creepy
Graveyard Damaged tombstones	manufactured prop		Spooky Graveyard	no	no	yes	https://www.patreon.com/posts/old-exclusive-39018599	decoration, horror, creepy, damaged
Graveyard Wooden crosses	manufactured prop		Spooky Graveyard	no	no	yes	https://www.patreon.com/posts/old-exclusive-39018599	decoration, horror, creepy, wood
Graveyard Open graves	manufactured prop		Spooky Graveyard	no	no	yes	https://www.patreon.com/posts/old-exclusive-39018599	decoration, horror, creepy
Graveyard Spooky trees	natural prop		Spooky Graveyard	no	no	yes	https://www.patreon.com/posts/old-exclusive-39018599	decoration, horror, creepy, nature
Coin Icon	icon		Exclusive icons miscellany	no	no	yes	https://www.patreon.com/posts/exclusive-icons-52562685	treasure, yellow
Torch Icon	icon		Exclusive icons miscellany	no	no	yes	https://www.patreon.com/posts/exclusive-icons-52562685	light source, decoration
Pickup Icon	icon		Exclusive icons miscellany	no	no	yes	https://www.patreon.com/posts/exclusive-icons-52562685	ui, utility
Drink Potion Icon	icon		Exclusive icons miscellany	no	no	yes	https://www.patreon.com/posts/exclusive-icons-52562685	iu, utility
Party Icon	icon		Exclusive icons miscellany	no	no	yes	https://www.patreon.com/posts/exclusive-icons-52562685	people
Group Icon	icon		Exclusive icons miscellany	no	no	yes	https://www.patreon.com/posts/exclusive-icons-52562685	people
Barbarian Icon	icon		Exclusive icons miscellany	no	no	yes	https://www.patreon.com/posts/exclusive-icons-52562685	creature, hero
Druid Icon	icon		Exclusive icons miscellany	no	no	yes	https://www.patreon.com/posts/exclusive-icons-52562685	creature, hero
Rogue Icon	icon		Exclusive icons miscellany	no	no	yes	https://www.patreon.com/posts/exclusive-icons-52562685	creature, hero
Carpentry Icon	icon		Exclusive icons miscellany	no	no	yes	https://www.patreon.com/posts/exclusive-icons-52562685	utility
Longin Icon	icon		Exclusive icons miscellany	no	no	yes	https://www.patreon.com/posts/exclusive-icons-52562685	ui, utility
Logout Icon	icon		Exclusive icons miscellany	no	no	yes	https://www.patreon.com/posts/exclusive-icons-52562685	iu, utility
Sign in Icon	icon		Exclusive icons miscellany	no	no	yes	https://www.patreon.com/posts/exclusive-icons-52562685	ui, utility
Beer Icon	icon		Exclusive icons miscellany	no	no	yes	https://www.patreon.com/posts/exclusive-icons-52562685	drink
Card Icon Frame	icon		Exclusive icons miscellany	no	no	yes	https://www.patreon.com/posts/exclusive-icons-52562685	ui, utility
Forest ground 	tileset	Fae Depths		yes	no	no	https://krishna-palacio.itch.io/minifantasy-fae-depths	nature, outdoor
Ground imbued with magic (geometrical patterns)	tileset	Fae Depths		yes	no	no	https://krishna-palacio.itch.io/minifantasy-fae-depths	magic, indoor, outdoor, geometric
Uneven forest terrain (elevations, gaps and slopes)	tileset	Fae Depths		yes	no	no	https://krishna-palacio.itch.io/minifantasy-fae-depths	nature, outdoor, uneven
Tranquil pond (including animated tiles)	animated tileset	Fae Depths		yes	no	no	https://krishna-palacio.itch.io/minifantasy-fae-depths	nature, water, outdoor
Water reflections (including animated tiles)	animated tileset	Fae Depths		yes	no	no	https://krishna-palacio.itch.io/minifantasy-fae-depths	nature, water, outdoor
Waterfall (including animated tiles)	animated tileset	Fae Depths		yes	no	no	https://krishna-palacio.itch.io/minifantasy-fae-depths	nature, water, outdoor
Fae forest perimeter	tileset	Fae Depths		yes	no	no	https://krishna-palacio.itch.io/minifantasy-fae-depths	outdoor
Big tree walls	tileset	Fae Depths		yes	no	no	https://krishna-palacio.itch.io/minifantasy-fae-depths	nature, tree, outdoor
Varied tree wall trunk options	tileset	Fae Depths		yes	no	no	https://krishna-palacio.itch.io/minifantasy-fae-depths	nature, tree, outdoor
Treetops	tileset	Fae Depths		yes	no	no	https://krishna-palacio.itch.io/minifantasy-fae-depths	nature, tree, outdoor
Strange glow flora	natural prop	Fae Depths		yes	no	no	https://krishna-palacio.itch.io/minifantasy-fae-depths	nature, decoration
Hanging plants	natural prop	Fae Depths		yes	no	no	https://krishna-palacio.itch.io/minifantasy-fae-depths	nature, decoration
Fae gate	manufactured prop	Fae Depths		yes	no	no	https://krishna-palacio.itch.io/minifantasy-fae-depths	building, outdoor, indoor
Fae monoliths	manufactured prop	Fae Depths		yes	no	no	https://krishna-palacio.itch.io/minifantasy-fae-depths	decoration, stone
Columns	manufactured prop	Fae Depths		yes	no	no	https://krishna-palacio.itch.io/minifantasy-fae-depths	decoration, building, outdoor, indoor
Rocks	natural prop	Fae Depths		yes	no	no	https://krishna-palacio.itch.io/minifantasy-fae-depths	decoration, natural, outdoor, indoor
Dim sun rays	natural prop	Fae Depths		yes	no	no	https://krishna-palacio.itch.io/minifantasy-fae-depths	decoration, natural, oudoor, indoor
Trees of different sizes (6 models)	natural prop	Fae Depths		yes	no	no	https://krishna-palacio.itch.io/minifantasy-fae-depths	nature, tree, outdoor
Tree without leaves variations	natural prop	Fae Depths		yes	no	no	https://krishna-palacio.itch.io/minifantasy-fae-depths	nature, tree, outdoor
Tree stumps variations	natural prop	Fae Depths		yes	no	no	https://krishna-palacio.itch.io/minifantasy-fae-depths	nature, tree, outdoor
Fae dust (slow-moving light orbs)	animated prop	Fae Depths		yes	no	no	https://krishna-palacio.itch.io/minifantasy-fae-depths	magic, decoration
Fae Gate (the only way to travel in and out of the Fae Depths)	animated prop	Fae Depths		yes	no	no	https://krishna-palacio.itch.io/minifantasy-fae-depths	building, indoor, outdoor
Waterfall	animated prop	Fae Depths		yes	no	no	https://krishna-palacio.itch.io/minifantasy-fae-depths	nature, water, outdoor
Floors 3D	tileset	3D Dungeon		yes	no	no	https://krishna-palacio.itch.io/minifantasy-3d	3D, building, floor, indoor
Walls 3D	tileset	3D Dungeon		yes	no	no	https://krishna-palacio.itch.io/minifantasy-3d	3D, building, wall
Doors 3D	tileset	3D Dungeon		yes	no	no	https://krishna-palacio.itch.io/minifantasy-3d	3D, building, door
Stairs 3D	tileset	3D Dungeon		yes	no	no	https://krishna-palacio.itch.io/minifantasy-3d	3D, building
Tables 3D	manufactured prop	3D Dungeon		yes	no	no	https://krishna-palacio.itch.io/minifantasy-3d	3D, furniture, decoration
Chairs 3D	manufactured prop	3D Dungeon		yes	no	no	https://krishna-palacio.itch.io/minifantasy-3d	3D, furniture, decoration
Banners 3D	manufactured prop	3D Dungeon		yes	no	no	https://krishna-palacio.itch.io/minifantasy-3d	3D, furniture, decoration
Jars 3D	manufactured prop	3D Dungeon		yes	no	no	https://krishna-palacio.itch.io/minifantasy-3d	3D, furniture, decoration
Crates 3D	manufactured prop	3D Dungeon		yes	no	no	https://krishna-palacio.itch.io/minifantasy-3d	3D, furniture, decoration
Torches and Canles 3D	animated prop	3D Dungeon		yes	no	no	https://krishna-palacio.itch.io/minifantasy-3d	3D, decoration, light source
Human hero 3D	creature	3D Dungeon		yes	no	no	https://krishna-palacio.itch.io/minifantasy-3d	human, base character
Orc enemy 3D	creature	3D Dungeon		yes	no	no	https://krishna-palacio.itch.io/minifantasy-3d	orc, base character
Grass 3D	tileset	3D Forgotten Plains		yes	no	no	https://krishna-palacio.itch.io/minifantasy-3d-forgotten-plains	nature, outdoor, green
Dirt 3D	tileset	3D Forgotten Plains		yes	no	no	https://krishna-palacio.itch.io/minifantasy-3d-forgotten-plains	nature, outdoor, dirt
Animated lake/ocean 3D	animated tileset	3D Forgotten Plains		yes	no	no	https://krishna-palacio.itch.io/minifantasy-3d-forgotten-plains	nautre, outdoor, water
Animated flowing river 3D	animated tileset	3D Forgotten Plains		yes	no	no	https://krishna-palacio.itch.io/minifantasy-3d-forgotten-plains	nature, outdoor, water
Animated waterfall 3D	animated tileset	3D Forgotten Plains		yes	no	no	https://krishna-palacio.itch.io/minifantasy-3d-forgotten-plains	nature, outdoor, water
Dirt Hill 3D	tileset	3D Forgotten Plains		yes	no	no	https://krishna-palacio.itch.io/minifantasy-3d-forgotten-plains	nature, outdoor, brown
Rock Cliff 3D	tileset	3D Forgotten Plains		yes	no	no	https://krishna-palacio.itch.io/minifantasy-3d-forgotten-plains	nature, outdoor, rock
Forgotten wall 3D	tileset	3D Forgotten Plains		yes	no	no	https://krishna-palacio.itch.io/minifantasy-3d-forgotten-plains	outdoor, grey, damaged, broken
Forgotten floor 3D	tileset	3D Forgotten Plains		yes	no	no	https://krishna-palacio.itch.io/minifantasy-3d-forgotten-plains	outdoor, grey, damaged, broken
Path 3D	tileset	3D Forgotten Plains		yes	no	no	https://krishna-palacio.itch.io/minifantasy-3d-forgotten-plains	outdoor, brown
Forgotten pillars 3D	manufactured prop	3D Forgotten Plains		yes	no	no	https://krishna-palacio.itch.io/minifantasy-3d-forgotten-plains	outdoor, grey, damaged, broken
Flowers and plants 3D	natural prop	3D Forgotten Plains		yes	no	no	https://krishna-palacio.itch.io/minifantasy-3d-forgotten-plains	nature, outdoor
Creepers 3D	natural prop	3D Forgotten Plains		yes	no	no	https://krishna-palacio.itch.io/minifantasy-3d-forgotten-plains	nature, outdoor
Tree 3D	natural prop	3D Forgotten Plains		yes	no	no	https://krishna-palacio.itch.io/minifantasy-3d-forgotten-plains	nature, outdoor
Castle	manufactured prop	RTS Humans		yes 	no	no	https://krishna-palacio.itch.io/minifantasy-rts-humans	building, construction
Farm	manufactured prop	RTS Humans		yes 	no	no	https://krishna-palacio.itch.io/minifantasy-rts-humans	building, construction
Barracks	manufactured prop	RTS Humans		yes 	no	no	https://krishna-palacio.itch.io/minifantasy-rts-humans	building, construction
Archery Range	manufactured prop	RTS Humans		yes 	no	no	https://krishna-palacio.itch.io/minifantasy-rts-humans	building, construction
Stable	manufactured prop	RTS Humans		yes 	no	no	https://krishna-palacio.itch.io/minifantasy-rts-humans	building, construction
Blacksmith	manufactured prop	RTS Humans		yes 	no	no	https://krishna-palacio.itch.io/minifantasy-rts-humans	building, construction
Worker	base character expanded animations	RTS Humans		yes 	no	no	https://krishna-palacio.itch.io/minifantasy-rts-humans	layered animation, human
Swordsman	base character expanded animations	RTS Humans		yes 	no	no	https://krishna-palacio.itch.io/minifantasy-rts-humans	layered animation, human
Spearman	base character expanded animations	RTS Humans		yes 	no	no	https://krishna-palacio.itch.io/minifantasy-rts-humans	layered animation, human
Archer	base character expanded animations	RTS Humans		yes 	no	no	https://krishna-palacio.itch.io/minifantasy-rts-humans	layered animation, human
Knight	base character expanded animations	RTS Humans		yes 	no	no	https://krishna-palacio.itch.io/minifantasy-rts-humans	layered animation, human
Trees and forests	tileset	RTS Humans		yes 	no	no	https://krishna-palacio.itch.io/minifantasy-rts-humans	nature, outdoor
Mineral nodes	tileset	RTS Humans		yes 	no	no	https://krishna-palacio.itch.io/minifantasy-rts-humans	nature, outdoor, decoration
Meadows	tileset	RTS Humans		yes 	no	no	https://krishna-palacio.itch.io/minifantasy-rts-humans	nautre, outdoor, green
Terrain elevations	tileset	RTS Humans		yes 	no	no	https://krishna-palacio.itch.io/minifantasy-rts-humans	nature, outdoor
Animated water	animated tileset	RTS Humans		yes 	no	no	https://krishna-palacio.itch.io/minifantasy-rts-humans	nature, outdoor, water
Bridges	manufactured prop	RTS Humans		yes 	no	no	https://krishna-palacio.itch.io/minifantasy-rts-humans	building, construction, bridge
Plants and flowers	tileset	RTS Humans		yes 	no	no	https://krishna-palacio.itch.io/minifantasy-rts-humans	nature, outdoor
House facade 3D	tileset	3D Towns		yes	no	no	https://krishna-palacio.itch.io/minifantasy-3d-towns-i	building, construction
Roof 3D	tileset	3D Towns		yes	no	no	https://krishna-palacio.itch.io/minifantasy-3d-towns-i	building, construction
Indoor 3D	tileset	3D Towns		yes	no	no	https://krishna-palacio.itch.io/minifantasy-3d-towns-i	building, construction
Wooden structure 3D	tileset	3D Towns		yes	no	no	https://krishna-palacio.itch.io/minifantasy-3d-towns-i	building, construction, wood
Grass to Dirt 3D	tileset	3D Towns		yes	no	no	https://krishna-palacio.itch.io/minifantasy-3d-towns-i	nature, outdoor
Cobblestone pavement 3D	tileset	3D Towns		yes	no	no	https://krishna-palacio.itch.io/minifantasy-3d-towns-i	floor, outdoor, grey
Sidewalk 3D	tileset	3D Towns		yes	no	no	https://krishna-palacio.itch.io/minifantasy-3d-towns-i	floor, outdoor, grey
Fence 3D	tileset	3D Towns		yes	no	no	https://krishna-palacio.itch.io/minifantasy-3d-towns-i	outdoor, indoor, decoration
Trunk pile 3D	tileset	3D Towns		yes	no	no	https://krishna-palacio.itch.io/minifantasy-3d-towns-i	decoration, wood
Counter/Bar 3D	tileset	3D Towns		yes	no	no	https://krishna-palacio.itch.io/minifantasy-3d-towns-i	indoor, furniture
Tables 3D	manufactured prop	3D Towns		yes	no	no	https://krishna-palacio.itch.io/minifantasy-3d-towns-i	furniture, decoration
Shelves 3D	manufactured prop	3D Towns		yes	no	no	https://krishna-palacio.itch.io/minifantasy-3d-towns-i	furniture, decoration
Beds 3D	manufactured prop	3D Towns		yes	no	no	https://krishna-palacio.itch.io/minifantasy-3d-towns-i	furniture, decoration
Signs 3D	manufactured prop	3D Towns		yes	no	no	https://krishna-palacio.itch.io/minifantasy-3d-towns-i	decoration, indoor
Wall decoration 3D	manufactured prop	3D Towns		yes	no	no	https://krishna-palacio.itch.io/minifantasy-3d-towns-i	decoration, indoor
Forge set 3D	manufactured prop	3D Towns		yes	no	no	https://krishna-palacio.itch.io/minifantasy-3d-towns-i	decoration, furniture
Hen 3D	creature	3D Towns		yes	no	no	https://krishna-palacio.itch.io/minifantasy-3d-towns-i	animal, bird
Chick 3D	creature	3D Towns		yes	no	no	https://krishna-palacio.itch.io/minifantasy-3d-towns-i	animal, bird
Graveyard ground tiles 3D	tileset	3D Spooky Graveyard		yes	no	no	https://krishna-palacio.itch.io/minifantasy-3d-spook-graveyard	outdoor, decoration
Path tiles 3D	tileset	3D Spooky Graveyard		yes	no	no	https://krishna-palacio.itch.io/minifantasy-3d-spook-graveyard	outdoor, path
Wrought iron fence 3D	tileset	3D Spooky Graveyard		yes	no	no	https://krishna-palacio.itch.io/minifantasy-3d-spook-graveyard	decoration, outdoor, iron
Open graves 3D	tileset	3D Spooky Graveyard		yes	no	no	https://krishna-palacio.itch.io/minifantasy-3d-spook-graveyard	decoration, horror, creepy
Tombstones 3D	manufactured prop	3D Spooky Graveyard		yes	no	no	https://krishna-palacio.itch.io/minifantasy-3d-spook-graveyard	decoration, horror, creepy
Damaged tombstones 3D	manufactured prop	3D Spooky Graveyard		yes	no	no	https://krishna-palacio.itch.io/minifantasy-3d-spook-graveyard	decoration, horror, creepy, damaged
Wooden crosses 3D	manufactured prop	3D Spooky Graveyard		yes	no	no	https://krishna-palacio.itch.io/minifantasy-3d-spook-graveyard	decoration, wood
Spooky trees 3D	natural prop	3D Spooky Graveyard		yes	no	no	https://krishna-palacio.itch.io/minifantasy-3d-spook-graveyard	nature, tree, decoration, horror, creepy
Animated zombie 3D	creature	3D Spooky Graveyard		yes	no	no	https://krishna-palacio.itch.io/minifantasy-3d-spook-graveyard	monster, undead, aggressive
Stronghold	manufactured prop	RTS Orcs		yes 	no	no	https://krishna-palacio.itch.io/minifantasy-rts-orcs	building, construction
Pig farm	manufactured prop	RTS Orcs		yes 	no	no	https://krishna-palacio.itch.io/minifantasy-rts-orcs	building, construction
Barracks	manufactured prop	RTS Orcs		yes 	no	no	https://krishna-palacio.itch.io/minifantasy-rts-orcs	building, construction
Hunters camp	manufactured prop	RTS Orcs		yes 	no	no	https://krishna-palacio.itch.io/minifantasy-rts-orcs	building, construction
Warg Pen	manufactured prop	RTS Orcs		yes 	no	no	https://krishna-palacio.itch.io/minifantasy-rts-orcs	building, construction
Forge	manufactured prop	RTS Orcs		yes 	no	no	https://krishna-palacio.itch.io/minifantasy-rts-orcs	building, construction
Worker	creature	RTS Orcs		yes 	no	no	https://krishna-palacio.itch.io/minifantasy-rts-orcs	humanoids
Warrior	creature	RTS Orcs		yes 	no	no	https://krishna-palacio.itch.io/minifantasy-rts-orcs	humanoids
Hunter	creature	RTS Orcs		yes 	no	no	https://krishna-palacio.itch.io/minifantasy-rts-orcs	humanoids
Berserk	creature	RTS Orcs		yes 	no	no	https://krishna-palacio.itch.io/minifantasy-rts-orcs	humanoids
Raider	creature	RTS Orcs		yes 	no	no	https://krishna-palacio.itch.io/minifantasy-rts-orcs	humanoids
Palm trees and Palm groves	natural prop	RTS Orcs		yes 	no	no	https://krishna-palacio.itch.io/minifantasy-rts-orcs	nature, outdoor
Mineral nodes	natural prop	RTS Orcs		yes 	no	no	https://krishna-palacio.itch.io/minifantasy-rts-orcs	floor, outdoor, grey
Desert terrain, including dirt, sand and oases	tileset	RTS Orcs		yes 	no	no	https://krishna-palacio.itch.io/minifantasy-rts-orcs	nature, outdoor, desert
Terrain elevations	tileset	RTS Orcs		yes 	no	no	https://krishna-palacio.itch.io/minifantasy-rts-orcs	nature, outdoor
Animated water	animated prop	RTS Orcs		yes 	no	no	https://krishna-palacio.itch.io/minifantasy-rts-orcs	nature, outdoor, water
Bridges	manufactured prop	RTS Orcs		yes 	no	no	https://krishna-palacio.itch.io/minifantasy-rts-orcs	construction, outdoor, bridge
Desert Plants	natural prop	RTS Orcs		yes 	no	no	https://krishna-palacio.itch.io/minifantasy-rts-orcs	nature, decoration
3D Dirt	tileset	3D Farm		yes	no	no	https://krishna-palacio.itch.io/minifantasy-3d-farm	decoration, outdoor, indoor
3D Grass	tileset	3D Farm		yes	no	no	https://krishna-palacio.itch.io/minifantasy-3d-farm	nature, decoration, outdoor, green
3D Plowed and cultivated fields	tileset	3D Farm		yes	no	no	https://krishna-palacio.itch.io/minifantasy-3d-farm	nature, decoration
3D Dirt and stone paths	tileset	3D Farm		yes	no	no	https://krishna-palacio.itch.io/minifantasy-3d-farm	nature, outdoor
3D Farm building	tileset	3D Farm		yes	no	no	https://krishna-palacio.itch.io/minifantasy-3d-farm	building, construction
3D Wooden walls	tileset	3D Farm		yes	no	no	https://krishna-palacio.itch.io/minifantasy-3d-farm	building, construction, wood
3D Wooden floor	tileset	3D Farm		yes	no	no	https://krishna-palacio.itch.io/minifantasy-3d-farm	building, construction, wood
3D Roof	tileset	3D Farm		yes	no	no	https://krishna-palacio.itch.io/minifantasy-3d-farm	building, construction, wood
3D Floor covered by hay	tileset	3D Farm		yes	no	no	https://krishna-palacio.itch.io/minifantasy-3d-farm	building, construction, wood
3D Doors and gates	tileset	3D Farm		yes	no	no	https://krishna-palacio.itch.io/minifantasy-3d-farm	building, construction,, wood
3D Fence 	tileset	3D Farm		yes	no	no	https://krishna-palacio.itch.io/minifantasy-3d-farm	building, indoor, wood
3D Pilars	tileset	3D Farm		yes	no	no	https://krishna-palacio.itch.io/minifantasy-3d-farm	building, indoor, wood
3D Hay bales	natural prop	3D Farm		yes	no	no	https://krishna-palacio.itch.io/minifantasy-3d-farm	decoration, indoor, outdoor, yellow
3D Hay Stack	natural prop	3D Farm		yes	no	no	https://krishna-palacio.itch.io/minifantasy-3d-farm	decoration, indoor, outdoor, yellow
3D Farm tools	manufactured prop	3D Farm		yes	no	no	https://krishna-palacio.itch.io/minifantasy-3d-farm	equipment, utility, item
3D Scarecrow	manufactured prop	3D Farm		yes	no	no	https://krishna-palacio.itch.io/minifantasy-3d-farm	decoration, outdoor
3D Water pump	manufactured prop	3D Farm		yes	no	no	https://krishna-palacio.itch.io/minifantasy-3d-farm	outdoor, water
3D feeder	manufactured prop	3D Farm		yes	no	no	https://krishna-palacio.itch.io/minifantasy-3d-farm	outdoor, indoor, furniture
3D waterer	manufactured prop	3D Farm		yes	no	no	https://krishna-palacio.itch.io/minifantasy-3d-farm	outdoor, indoor, furniture
3D Chest	manufactured prop	3D Farm		yes	no	no	https://krishna-palacio.itch.io/minifantasy-3d-farm	outdoor, indoor, furniture
3D Pepper	natural prop	3D Farm		yes	no	no	https://krishna-palacio.itch.io/minifantasy-3d-farm	nature, harvest, farming, crop, outdoor
3D Cauliflower	natural prop	3D Farm		yes	no	no	https://krishna-palacio.itch.io/minifantasy-3d-farm	nature, harvest, farming, crop, outdoor
3D Garlic	natural prop	3D Farm		yes	no	no	https://krishna-palacio.itch.io/minifantasy-3d-farm	nature, harvest, farming, crop, outdoor
3D Radish	natural prop	3D Farm		yes	no	no	https://krishna-palacio.itch.io/minifantasy-3d-farm	nature, harvest, farming, crop, outdoor
3D Potato	natural prop	3D Farm		yes	no	no	https://krishna-palacio.itch.io/minifantasy-3d-farm	nature, harvest, farming, crop, outdoor
3D Lettuce	natural prop	3D Farm		yes	no	no	https://krishna-palacio.itch.io/minifantasy-3d-farm	nature, harvest, farming, crop, outdoor
3D Rice	natural prop	3D Farm		yes	no	no	https://krishna-palacio.itch.io/minifantasy-3d-farm	nature, harvest, farming, crop, outdoor
3D Corn	natural prop	3D Farm		yes	no	no	https://krishna-palacio.itch.io/minifantasy-3d-farm	nature, harvest, farming, crop, outdoor
3D Sunflower	natural prop	3D Farm		yes	no	no	https://krishna-palacio.itch.io/minifantasy-3d-farm	nature, harvest, farming, crop, outdoor
3D Tomato	natural prop	3D Farm		yes	no	no	https://krishna-palacio.itch.io/minifantasy-3d-farm	nature, harvest, farming, crop, outdoor
3D Wheat	natural prop	3D Farm		yes	no	no	https://krishna-palacio.itch.io/minifantasy-3d-farm	nature, harvest, farming, crop, outdoor
3D Beet	natural prop	3D Farm		yes	no	no	https://krishna-palacio.itch.io/minifantasy-3d-farm	nature, harvest, farming, crop, outdoor
3D Cranberries	natural prop	3D Farm		yes	no	no	https://krishna-palacio.itch.io/minifantasy-3d-farm	nature, harvest, farming, crop, outdoor
3D Eggplant	natural prop	3D Farm		yes	no	no	https://krishna-palacio.itch.io/minifantasy-3d-farm	nature, harvest, farming, crop, outdoor
3D Pumpkin	natural prop	3D Farm		yes	no	no	https://krishna-palacio.itch.io/minifantasy-3d-farm	nature, harvest, farming, crop, outdoor
3D Cow	creature	3D Farm		yes	no	no	https://krishna-palacio.itch.io/minifantasy-3d-farm	animal, livestock, mamal
3D Goat	creature	3D Farm		yes	no	no	https://krishna-palacio.itch.io/minifantasy-3d-farm	animal, livestock, mamal
3D Pig	creature	3D Farm		yes	no	no	https://krishna-palacio.itch.io/minifantasy-3d-farm	animal, livestock, mamal
3D Rabbit	creature	3D Farm		yes	no	no	https://krishna-palacio.itch.io/minifantasy-3d-farm	animal, livestock, mamal
3D Donkey	creature	3D Farm		yes	no	no	https://krishna-palacio.itch.io/minifantasy-3d-farm	animal, livestock, mamal
Plow	icon	3D Farm		yes	no	no	https://krishna-palacio.itch.io/minifantasy-3d-farm	item, farming
Harvest	icon	3D Farm		yes	no	no	https://krishna-palacio.itch.io/minifantasy-3d-farm	item, farming
Shear	icon	3D Farm		yes	no	no	https://krishna-palacio.itch.io/minifantasy-3d-farm	item, farming
Plant	icon	3D Farm		yes	no	no	https://krishna-palacio.itch.io/minifantasy-3d-farm	item, farming
Feed	icon	3D Farm		yes	no	no	https://krishna-palacio.itch.io/minifantasy-3d-farm	item, farming
Slaughter	icon	3D Farm		yes	no	no	https://krishna-palacio.itch.io/minifantasy-3d-farm	item, farming
Water	icon	3D Farm		yes	no	no	https://krishna-palacio.itch.io/minifantasy-3d-farm	item, farming
Milk	icon	3D Farm		yes	no	no	https://krishna-palacio.itch.io/minifantasy-3d-farm	item, farming
Get water	icon	3D Farm		yes	no	no	https://krishna-palacio.itch.io/minifantasy-3d-farm	item, farming
Cannon Fodder: Acolyte	creature	Dark Brotherhood		yes 	no	no	https://krishna-palacio.itch.io/minifantasy-dark-brotherhood	creature, aggressive
Cannon Fodder: Hound	creature	Dark Brotherhood		yes 	no	no	https://krishna-palacio.itch.io/minifantasy-dark-brotherhood	creature, aggressive
Cannon Fodder: Zealot	creature	Dark Brotherhood		yes 	no	no	https://krishna-palacio.itch.io/minifantasy-dark-brotherhood	creature. aggressive
Devoted Brothers: Devoted Blade	creature	Dark Brotherhood		yes 	no	no	https://krishna-palacio.itch.io/minifantasy-dark-brotherhood	creature. aggressive
Devoted Brothers: Devoted Stalker	creature	Dark Brotherhood		yes 	no	no	https://krishna-palacio.itch.io/minifantasy-dark-brotherhood	creature. aggressive
Devoted Brothers: Devoted Sentinel	creature	Dark Brotherhood		yes 	no	no	https://krishna-palacio.itch.io/minifantasy-dark-brotherhood	creature. aggressive
Chosen Ones: Ritual Guard	creature	Dark Brotherhood		yes 	no	no	https://krishna-palacio.itch.io/minifantasy-dark-brotherhood	creature. aggressive
Chosen Ones: Flagellant	creature	Dark Brotherhood		yes 	no	no	https://krishna-palacio.itch.io/minifantasy-dark-brotherhood	creature. aggressive
Chosen Ones: Dark Channeler	creature	Dark Brotherhood		yes 	no	no	https://krishna-palacio.itch.io/minifantasy-dark-brotherhood	creature. aggressive
Possessed: Dark Cultist	creature	Dark Brotherhood		yes 	no	no	https://krishna-palacio.itch.io/minifantasy-dark-brotherhood	creature. aggressive
Possessed: Dark Abomination	creature	Dark Brotherhood		yes 	no	no	https://krishna-palacio.itch.io/minifantasy-dark-brotherhood	creature. aggressive
Possessed: Dark Hound	creature	Dark Brotherhood		yes 	no	no	https://krishna-palacio.itch.io/minifantasy-dark-brotherhood	creature. aggressive
3D Dirt tiles	tileset	Desolate Desert		yes	yes	no	https://krishna-palacio.itch.io/minifantasy-desolate-desert	nature, outdoor, indoor
3D Oasis tiles	tileset	Desolate Desert		yes	yes	no	https://krishna-palacio.itch.io/minifantasy-desolate-desert	oasis, arid, sand, water, 
3D Trail tiles	tileset	Desolate Desert		yes	yes	no	https://krishna-palacio.itch.io/minifantasy-desolate-desert	nature, outdoor
3D Sand tiles	tileset	Desolate Desert		yes	yes	no	https://krishna-palacio.itch.io/minifantasy-desolate-desert	nature, outdoor, desert
3D Water tiles	tileset	Desolate Desert		yes	yes	no	https://krishna-palacio.itch.io/minifantasy-desolate-desert	nature, outdoor, water
3D Rock cliff tiles	tileset	Desolate Desert		yes	yes	no	https://krishna-palacio.itch.io/minifantasy-desolate-desert	nature, outdoor, rock
3D Different types of Cactus	natural prop	Desolate Desert		yes	yes	no	https://krishna-palacio.itch.io/minifantasy-desolate-desert	nature, outdoor, green
3D Other plants	natural prop	Desolate Desert		yes	yes	no	https://krishna-palacio.itch.io/minifantasy-desolate-desert	nature, outdoor, green
3D Palm Trees	natural prop	Desolate Desert		yes	yes	no	https://krishna-palacio.itch.io/minifantasy-desolate-desert	nature, outdoor, green
3D Rocks	natural prop	Desolate Desert		yes	yes	no	https://krishna-palacio.itch.io/minifantasy-desolate-desert	nature, outdoor, rock
3D Animal bones	natural prop	Desolate Desert		yes	yes	no	https://krishna-palacio.itch.io/minifantasy-desolate-desert	nature, corpse
3D Tumbleweed!	natural prop	Desolate Desert		yes	yes	no	https://krishna-palacio.itch.io/minifantasy-desolate-desert	nature, plant, green
Magic projectiles	icon		Exclusive Icons: Spells And Professions	no	no	yes	https://www.patreon.com/posts/exclusive-icons-53938421	spell, magic, sorcery
Magic explosions	icon		Exclusive Icons: Spells And Professions	no	no	yes	https://www.patreon.com/posts/exclusive-icons-53938421	spell, magic, sorcery
Magic shields	icon		Exclusive Icons: Spells And Professions	no	no	yes	https://www.patreon.com/posts/exclusive-icons-53938421	spell, magic, sorcery
Holy spells	icon		Exclusive Icons: Spells And Professions	no	no	yes	https://www.patreon.com/posts/exclusive-icons-53938421	spell, magic, sorcery
Buffs	icon		Exclusive icons miscellany	no	no	yes	https://www.patreon.com/posts/exclusive-icons-52562685	spell, magic, sorcery
Harvesting/herbalism 	icon		Exclusive Icons: Spells And Professions	no	no	yes	https://www.patreon.com/posts/exclusive-icons-53938421	proffesion, gathering
Logging 	icon		Exclusive Icons: Spells And Professions	no	no	yes	https://www.patreon.com/posts/exclusive-icons-53938421	proffesion, gathering
Mining	icon		Exclusive Icons: Spells And Professions	no	no	yes	https://www.patreon.com/posts/exclusive-icons-53938421	proffesion, gathering
Bug Catching	icon		Exclusive Icons: Spells And Professions	no	no	yes	https://www.patreon.com/posts/exclusive-icons-53938421	proffesion, gathering
Fishing 	icon		Exclusive Icons: Spells And Professions	no	no	yes	https://www.patreon.com/posts/exclusive-icons-53938421	proffesion, gathering
Hunting	icon		Exclusive Icons: Spells And Professions	no	no	yes	https://www.patreon.com/posts/exclusive-icons-53938421	proffesion, gathering
Alchemy	icon		Exclusive Icons: Spells And Professions	no	no	yes	https://www.patreon.com/posts/exclusive-icons-53938421	proffesion, gathering
Blacksmith	icon		Exclusive Icons: Spells And Professions	no	no	yes	https://www.patreon.com/posts/exclusive-icons-53938421	proffesion, gathering
Jewelry	icon		Exclusive Icons: Spells And Professions	no	no	yes	https://www.patreon.com/posts/exclusive-icons-53938421	proffesion, gathering
Tailor	icon		Exclusive Icons: Spells And Professions	no	no	yes	https://www.patreon.com/posts/exclusive-icons-53938421	proffesion, gathering
Woodworking	icon		Exclusive Icons: Spells And Professions	no	no	yes	https://www.patreon.com/posts/exclusive-icons-53938421	proffesion, gathering
Cooking	icon		Exclusive Icons: Spells And Professions	no	no	yes	https://www.patreon.com/posts/exclusive-icons-53938421	proffesion, gathering
Dyeing	icon		Exclusive Icons: Spells And Professions	no	no	yes	https://www.patreon.com/posts/exclusive-icons-53938421	proffesion, gathering
Leatherwork	icon		Exclusive Icons: Spells And Professions	no	no	yes	https://www.patreon.com/posts/exclusive-icons-53938421	proffesion, gathering
Dolphins	creature	Aquatic Adventures		yes 	no	no	https://krishna-palacio.itch.io/minifantasy-aquatic-adventures	animal, mammal, aquatic
Otter	creature	Aquatic Adventures		yes 	no	no	https://krishna-palacio.itch.io/minifantasy-aquatic-adventures	animal, aggressive, natural, aquatic
Kraken	creature	Aquatic Adventures		yes 	no	no	https://krishna-palacio.itch.io/minifantasy-aquatic-adventures	monster, aggressive, aquatic
Frogfolk	creature	Aquatic Adventures		yes 	no	no	https://krishna-palacio.itch.io/minifantasy-aquatic-adventures	monster, aggressive, aquatic
Shark	creature	Aquatic Adventures		yes 	no	no	https://krishna-palacio.itch.io/minifantasy-aquatic-adventures	animal, aggressive, natural, aquatic
Water Elemental	creature	Aquatic Adventures		yes 	no	no	https://krishna-palacio.itch.io/minifantasy-aquatic-adventures	monster, aggressive, aquatic
Human	base character expanded animations	Aquatic Adventures		yes 	no	no	https://krishna-palacio.itch.io/minifantasy-aquatic-adventures	base character, human
Elf	base character expanded animations	Aquatic Adventures		yes 	no	no	https://krishna-palacio.itch.io/minifantasy-aquatic-adventures	base character, monster
Orc	base character expanded animations	Aquatic Adventures		yes 	no	no	https://krishna-palacio.itch.io/minifantasy-aquatic-adventures	base character, monster
Goblin	base character expanded animations	Aquatic Adventures		yes 	no	no	https://krishna-palacio.itch.io/minifantasy-aquatic-adventures	base character, monster
Halfling	base character expanded animations	Aquatic Adventures		yes 	no	no	https://krishna-palacio.itch.io/minifantasy-aquatic-adventures	base character, monster
Dwarf	base character expanded animations	Aquatic Adventures		yes 	no	no	https://krishna-palacio.itch.io/minifantasy-aquatic-adventures	base character, monster
Expanded water tilesets	tileset	Aquatic Adventures		yes 	no	no	https://krishna-palacio.itch.io/minifantasy-aquatic-adventures	nature, outdoor, water
Stats Icons	icon		Stats And Loot Icons	no	no	yes	https://www.patreon.com/posts/exclusive-icons-55041609	RPG stats
Loot Icons	icon		Stats And Loot Icons	no	no	yes	https://www.patreon.com/posts/exclusive-icons-55041609	Loots icons
Home products Icons	icon		Home And Farm Animal Products Icons	no	no	yes	https://www.patreon.com/posts/exclusive-icons-56836886	products
Farm animal products Icons	icon		Home And Farm Animal Products Icons	no	no	yes	https://www.patreon.com/posts/exclusive-icons-56836886	farm animal products
Legendary Equipment Icons	icon		Legendary Equipment And Races Icons	no	no	yes	https://www.patreon.com/posts/exclusive-icons-57627945	equipment, utility, item
Racial Icons	icon		Legendary Equipment And Races Icons	no	no	yes	https://www.patreon.com/posts/exclusive-icons-57627945	humanoids races
Religions Icons	icon		Religions And Druid Skills Icons	no	no	yes	https://www.patreon.com/posts/exclusive-icons-58804753	religion
Druid Skills Icons	icon		Religions And Druid Skills Icons	no	no	yes	https://www.patreon.com/posts/exclusive-icons-58804753	creature, hero
Food Recipes Icons	icon		Food Recipes Icons	no	no	yes	https://www.patreon.com/posts/exclusive-more-59971021	equipment, utility, item
Hero Classes Icons	icon		Hero Classes And Upgrade/Downgrade Equipment Icons	no	no	yes	https://www.patreon.com/posts/exclusive-icons-61359113	human, hero
Upgrade/Downgrade Equipment Icons	icon		Hero Classes And Upgrade/Downgrade Equipment Icons	no	no	yes	https://www.patreon.com/posts/exclusive-icons-61359113	equipment, utility, item
Lockpicking Icons	icon		Lockpicking And Status Effects Icons	no	no	yes	https://www.patreon.com/posts/exclusive-icons-62678417	equipment, utility, item
Status Effects Icons	icon		Lockpicking And Status Effects Icons	no	no	yes	https://www.patreon.com/posts/exclusive-icons-62678417	layered animation
Written Stuff Icons	icon		Written Stuff And Fishing gear Icons	no	no	yes	https://www.patreon.com/posts/exclusive-icons-64746186	equipment, utility, item
Fishing gear Icons	icon		Written Stuff And Fishing gear Icons	no	no	yes	https://www.patreon.com/posts/exclusive-icons-64746186	equipment, utility, item
3D Cave walls	tileset	3D Deep Caves		yes	no	no	https://krishna-palacio.itch.io/minifantasy-3d-deep-caves	rock, undesground, dungeon
3D Cave walls with gemstones	tileset	3D Deep Caves		yes	no	no	https://krishna-palacio.itch.io/minifantasy-3d-deep-caves	rock, underground, dungeon, pretty
3D Cracked walls	tileset	3D Deep Caves		yes	no	no	https://krishna-palacio.itch.io/minifantasy-3d-deep-caves	rock, underground. dungeon, broken
3D Mouldy Walls	tileset	3D Deep Caves		yes	no	no	https://krishna-palacio.itch.io/minifantasy-3d-deep-caves	rock, underground, dungeon, moldy
3D Cave Cliffs	tileset	3D Deep Caves		yes	no	no	https://krishna-palacio.itch.io/minifantasy-3d-deep-caves	rock, underground, dungeon
3D Cave ground	tileset	3D Deep Caves		yes	no	no	https://krishna-palacio.itch.io/minifantasy-3d-deep-caves	rock, underground, dungeon
3D Eroded cave ground	tileset	3D Deep Caves		yes	no	no	https://krishna-palacio.itch.io/minifantasy-3d-deep-caves	rock, underground, dungeon
3D Cave passageway	tileset	3D Deep Caves		yes	no	no	https://krishna-palacio.itch.io/minifantasy-3d-deep-caves	rock, underground, dungeon
3D Stalactites	natural prop	3D Deep Caves		yes	no	no	https://krishna-palacio.itch.io/minifantasy-3d-deep-caves	rock, underground, dungeon
3D Stalagmites	natural prop	3D Deep Caves		yes	no	no	https://krishna-palacio.itch.io/minifantasy-3d-deep-caves	rock, underground, dungeon
3D Cave crystals	natural prop	3D Deep Caves		yes	no	no	https://krishna-palacio.itch.io/minifantasy-3d-deep-caves	rock, underground, dungeon
3D Skulls	natural prop	3D Deep Caves		yes	no	no	https://krishna-palacio.itch.io/minifantasy-3d-deep-caves	creepy, corpse, horror
3D Skull on a spear	manufactured prop	3D Deep Caves		yes	no	no	https://krishna-palacio.itch.io/minifantasy-3d-deep-caves	creepy, corpse, horror
3D Blood Pentagram	manufactured prop	3D Deep Caves		yes	no	no	https://krishna-palacio.itch.io/minifantasy-3d-deep-caves	creepy, corpse, horror
3D Ritualistic blood circle	manufactured prop	3D Deep Caves		yes	no	no	https://krishna-palacio.itch.io/minifantasy-3d-deep-caves	creepy, corpse, horror
Orc Blade	creature	Dark Orc Army		yes	no	no	https://krishna-palacio.itch.io/minifantasy-dark-orc-army	creature, orc, aggressive, monster
Orc Scout	creature	Dark Orc Army		yes	no	no	https://krishna-palacio.itch.io/minifantasy-dark-orc-army	creature, orc, aggressive, monster
Orc Rider	creature	Dark Orc Army		yes	no	no	https://krishna-palacio.itch.io/minifantasy-dark-orc-army	creature, orc, aggressive, monster
Warg	creature	Dark Orc Army		yes	no	no	https://krishna-palacio.itch.io/minifantasy-dark-orc-army	creature, orc, aggressive, monster
Feral Blade	creature	Dark Orc Army		yes	no	no	https://krishna-palacio.itch.io/minifantasy-dark-orc-army	creature, orc, aggressive, monster
Feral Arbalist	creature	Dark Orc Army		yes	no	no	https://krishna-palacio.itch.io/minifantasy-dark-orc-army	creature, orc, aggressive, monster
Feral Berserker	creature	Dark Orc Army		yes	no	no	https://krishna-palacio.itch.io/minifantasy-dark-orc-army	creature, orc, aggressive, monster
Feral Phalanx	creature	Dark Orc Army		yes	no	no	https://krishna-palacio.itch.io/minifantasy-dark-orc-army	creature, orc, aggressive, monster
Warbreed Blade	creature	Dark Orc Army		yes	no	no	https://krishna-palacio.itch.io/minifantasy-dark-orc-army	creature, orc, aggressive, monster
Warbreed Arbalist	creature	Dark Orc Army		yes	no	no	https://krishna-palacio.itch.io/minifantasy-dark-orc-army	creature, orc, aggressive, monster
Warbreed Berserker	creature	Dark Orc Army		yes	no	no	https://krishna-palacio.itch.io/minifantasy-dark-orc-army	creature, orc, aggressive, monster
Warbreed Phalanx	creature	Dark Orc Army		yes	no	no	https://krishna-palacio.itch.io/minifantasy-dark-orc-army	creature, orc, aggressive, monster
Pale Champion	creature	Dark Orc Army		yes	no	no	https://krishna-palacio.itch.io/minifantasy-dark-orc-army	creature, orc, aggressive, monster
Cave Troll	creature	Dark Orc Army		yes	no	no	https://krishna-palacio.itch.io/minifantasy-dark-orc-army	creature, orc, aggressive, monster
Dark metal walls	tileset	Reliquary Vault		yes	no 	no	https://krishna-palacio.itch.io/minifantasy-scifi-reliquary-vault	construction, building, metal
Gothic arches and wall decorations	tileset	Reliquary Vault		yes	no 	no	https://krishna-palacio.itch.io/minifantasy-scifi-reliquary-vault	construction, building, decoration
Wall variations	tileset	Reliquary Vault		yes	no 	no	https://krishna-palacio.itch.io/minifantasy-scifi-reliquary-vault	construction, building, outdoor, indoor
Additional wall tiles	tileset	Reliquary Vault		yes	no 	no	https://krishna-palacio.itch.io/minifantasy-scifi-reliquary-vault	construction, building, outdoor, indoor
Gothic windows	tileset	Reliquary Vault		yes	no 	no	https://krishna-palacio.itch.io/minifantasy-scifi-reliquary-vault	cconstruction, building, outdoor, indoor
Gates and doors	tileset	Reliquary Vault		yes	no 	no	https://krishna-palacio.itch.io/minifantasy-scifi-reliquary-vault	construction, building, outdoor, indoor, entrance
Wall engravings	tileset	Reliquary Vault		yes	no 	no	https://krishna-palacio.itch.io/minifantasy-scifi-reliquary-vault	decoration
Metal mesh floor 	tileset	Reliquary Vault		yes	no 	no	https://krishna-palacio.itch.io/minifantasy-scifi-reliquary-vault	building, floor, metal
Rugs	tileset	Reliquary Vault		yes	no 	no	https://krishna-palacio.itch.io/minifantasy-scifi-reliquary-vault	construction, building
Space Derelict connecting section	tileset	Reliquary Vault		yes	no 	no	https://krishna-palacio.itch.io/minifantasy-scifi-reliquary-vault	construcction, building, connecting section
Main altar machine	manufactured prop	Reliquary Vault		yes	no 	no	https://krishna-palacio.itch.io/minifantasy-scifi-reliquary-vault	furniture, decoration, religious
Prayer console	manufactured prop	Reliquary Vault		yes	no 	no	https://krishna-palacio.itch.io/minifantasy-scifi-reliquary-vault	furniture, decoration, religious
Relics shrine	manufactured prop	Reliquary Vault		yes	no 	no	https://krishna-palacio.itch.io/minifantasy-scifi-reliquary-vault	furniture, decoration, religious
Input console	manufactured prop	Reliquary Vault		yes	no 	no	https://krishna-palacio.itch.io/minifantasy-scifi-reliquary-vault	furniture, decoration
Relics	manufactured prop	Reliquary Vault		yes	no 	no	https://krishna-palacio.itch.io/minifantasy-scifi-reliquary-vault	decoration, religious
Statues	manufactured prop	Reliquary Vault		yes	no 	no	https://krishna-palacio.itch.io/minifantasy-scifi-reliquary-vault	decoration, religious
Candles	manufactured prop	Reliquary Vault		yes	no 	no	https://krishna-palacio.itch.io/minifantasy-scifi-reliquary-vault	decoration, light
Banners	manufactured prop	Reliquary Vault		yes	no 	no	https://krishna-palacio.itch.io/minifantasy-scifi-reliquary-vault	decoration
Tables and chairs	manufactured prop	Reliquary Vault		yes	no 	no	https://krishna-palacio.itch.io/minifantasy-scifi-reliquary-vault	furniture
Hanging censer	manufactured prop	Reliquary Vault		yes	no 	no	https://krishna-palacio.itch.io/minifantasy-scifi-reliquary-vault	furniture, decoration, religious
Hanging chandelier	manufactured prop	Reliquary Vault		yes	no 	no	https://krishna-palacio.itch.io/minifantasy-scifi-reliquary-vault	furniture, decoration, light
Hanging chains	manufactured prop	Reliquary Vault		yes	no 	no	https://krishna-palacio.itch.io/minifantasy-scifi-reliquary-vault	decoration
Doors	animated prop	Reliquary Vault		yes	no 	no	https://krishna-palacio.itch.io/minifantasy-scifi-reliquary-vault	building, outdoor, indoor
Candles	animated prop	Reliquary Vault		yes	no 	no	https://krishna-palacio.itch.io/minifantasy-scifi-reliquary-vault	decoration, light
Smoky censer	animated prop	Reliquary Vault		yes	no 	no	https://krishna-palacio.itch.io/minifantasy-scifi-reliquary-vault	decoration, religious
Chandelier	animated prop	Reliquary Vault		yes	no 	no	https://krishna-palacio.itch.io/minifantasy-scifi-reliquary-vault	decoration, light
3D Snow	tileset	3D Icy Wilderness		yes	no	no	https://krishna-palacio.itch.io/minifantasy-3d-icy-wilderness	outdoor, winter, cold, white
3D Ice	tileset	3D Icy Wilderness		yes	no	no	https://krishna-palacio.itch.io/minifantasy-3d-icy-wilderness	outdoor, winter, cold, white
3D Path on the snow	tileset	3D Icy Wilderness		yes	no	no	https://krishna-palacio.itch.io/minifantasy-3d-icy-wilderness	nature, outdoor
3D Water 	tileset	3D Icy Wilderness		yes	no	no	https://krishna-palacio.itch.io/minifantasy-3d-icy-wilderness	nature, outdoor, water
3D Cliff 	tileset	3D Icy Wilderness		yes	no	no	https://krishna-palacio.itch.io/minifantasy-3d-icy-wilderness	nature, dangerous, rock
3D Hill	tileset	3D Icy Wilderness		yes	no	no	https://krishna-palacio.itch.io/minifantasy-3d-icy-wilderness	nature, land
3D Plants	natural prop	3D Icy Wilderness		yes	no	no	https://krishna-palacio.itch.io/minifantasy-3d-icy-wilderness	nature, outdoor, green
3D Rocks	natural prop	3D Icy Wilderness		yes	no	no	https://krishna-palacio.itch.io/minifantasy-3d-icy-wilderness	nature, outdoor, rocks
3D Pine trees	natural prop	3D Icy Wilderness		yes	no	no	https://krishna-palacio.itch.io/minifantasy-3d-icy-wilderness	nature, outdoor, green, forrest, trees
3D Fallen branches	natural prop	3D Icy Wilderness		yes	no	no	https://krishna-palacio.itch.io/minifantasy-3d-icy-wilderness	nature, outdoor, decoration
3D Ice boulders and spikes	natural prop	3D Icy Wilderness		yes	no	no	https://krishna-palacio.itch.io/minifantasy-3d-icy-wilderness	nature, dangeorus, rock, ice
3D Snowmen	manufactured prop	3D Icy Wilderness		yes	no	no	https://krishna-palacio.itch.io/minifantasy-3d-icy-wilderness	decoration, snow, white
3D Penguins	creature	3D Icy Wilderness		yes	no	no	https://krishna-palacio.itch.io/minifantasy-3d-icy-wilderness	animal, bird, non-aggressive
3D Icy breeze	animated effect	3D Icy Wilderness		yes	no	no	https://krishna-palacio.itch.io/minifantasy-3d-icy-wilderness	nature, wind, cold, winter
Minigames Icons	icon		Minigames And Gambling Icons	no	no	yes	https://www.patreon.com/posts/exclusive-icons-65883515	utility, item
Gamblings Icons	icon		Minigames And Gambling Icons	no	no	yes	https://www.patreon.com/posts/exclusive-icons-65883515	utility, item
Rank Icons	icon		Rank Icons	no	no	yes	https://www.patreon.com/posts/exclusive-icons-66949842	utility, item
Creatures Icons	icon		Creatures And Musical Instruments Icons	no	no	yes	https://www.patreon.com/posts/exclusive-icons-68631742	creature, monster, animal, character
Musical Instruments Icons	icon		Creatures And Musical Instruments Icons	no	no	yes	https://www.patreon.com/posts/exclusive-icons-68631742	equipment, utility, item
Containers Icons	icon		Containers Icons And True Heroes II Icons	no	no	yes	https://www.patreon.com/posts/exclusive-icons-69530767	equipment, utility, item
True Heroes II Icons	icon		Containers Icons And True Heroes II Icons	no	no	yes	https://www.patreon.com/posts/exclusive-icons-69530767	creature, hero
DnD Class Armour Icons	icon		DnD Class Armour Icons And Train Icons	no	no	yes	https://www.patreon.com/posts/exclusive-icons-70855020	equipment, utility, item
Train Icons	icon		DnD Class Armour Icons And Train Icons	no	no	yes	https://www.patreon.com/posts/exclusive-icons-70855020	mechanical, vehicle
Adventurer's Gear Icons	icon		Adventurer's Gear Icons And Ninja Weapon Icons	no	no	yes	https://www.patreon.com/posts/exclusive-icons-72366756	equipment, utility, item
Ninja Weapon Icons	icon		Adventurer's Gear Icons And Ninja Weapon Icons	no	no	yes	https://www.patreon.com/posts/exclusive-icons-72366756	equipment, utility, item
Classic Chess Figures Icons	icon		Classic Chess Figures Icons	no	no	yes	https://www.patreon.com/posts/exclusive-icons-73885108	utility, item
Medicine Related Icons	icon		Medicine Related Icons	no	no	yes	https://www.patreon.com/posts/exclusive-icons-74344620	equipment, utility, item
Junk Loot Icons	icon		Junk Loot Icons	no	no	yes	https://www.patreon.com/posts/exclusive-icons-77820625	loot, treasure
Space Derelict Icons	icon		Space Derelict Icons	no	no	yes	https://www.patreon.com/posts/exclusive-icons-77907934	vehicle, mechanical, derelict
Body Part Icons	icon		Body Part Icons	no	no	yes	https://www.patreon.com/posts/exclusive-icons-79323198	body part
Illness Icons	icon		Illness And Ailment Icons	no	no	yes	https://www.patreon.com/posts/exclusive-icons-80659864	illness, ailment 
Ailment Icons	icon		Illness And Ailment Icons	no	no	yes	https://www.patreon.com/posts/exclusive-icons-80659864	illness, ailment 
Creature Type Icons	icon		Creature Type Icons	no	no	yes	https://www.patreon.com/posts/exclusive-add-on-120459891	creature
Biome Icons	icon		Biome Icons	no	no	yes	https://www.patreon.com/posts/exclusive-add-on-144435134	nature, biome
Skill Icons For True Heroes I & II	icon		Skill Icons For True Heroes I & II	no	no	yes	https://www.patreon.com/posts/exclusive-add-on-119158386	character, ui
Skill Icons For True Heroes III & IV	icon		Skill Icons For True Heroes III & IV	no	no	yes	https://www.patreon.com/posts/exclusive-add-on-140672726	character, ui
Undead Dragon	creature		Undead Dragon	no	no	yes	https://www.patreon.com/posts/exclusive-undead-107121865	creature, monster, aggressive
Alien Bio-Horror	creature		Alien Bio-Horror	no	no	yes	https://www.patreon.com/posts/exclusive-alien-108052436	monster, aggressive
Giant Scorpion	creature		Giant Scorpion	no	no	yes	https://www.patreon.com/posts/exclusive-giant-108599093	monster, aggressive
Modern Warfare Soldiers	creature		Modern Warfare Soldiers	no	no	yes	https://www.patreon.com/posts/exclusive-modern-109638071	human, hero, modern
Pit Warriors	creature		Pit Warriors	no	no	yes	https://www.patreon.com/posts/exclusive-pit-110211219	human, aggressive
Insect Swarm	creature		Insect Swarm	no	no	yes	https://www.patreon.com/posts/exclusive-insect-110870121	insect, aggressive
Rune Bear	creature		Rune Bear	no	no	yes	https://www.patreon.com/posts/exclusive-rune-114690298	animal, mammal, aggressive
Goblin Raider	creature		Goblin Raider	no	no	yes	https://www.patreon.com/posts/exclusive-goblin-115005852	monster, aggressive
Combat Sister	creature		Combat Sister	no	no	yes	https://www.patreon.com/posts/exclusive-combat-115537299	human, aggressive
Frogfolk	creature		Frogfolk	no	no	yes	https://www.patreon.com/posts/exclusive-116884576	monster, aggressive, aquatic
Reliquary Combat Armor	creature		Reliquary Combat Armor	no	no	yes	https://www.patreon.com/posts/exclusive-combat-117966757	monster, aggressive
Evil Snowman	creature		Winter Villains	no	no	yes	https://www.patreon.com/posts/seasonal-pack-118362963	monster, aggressive, snow
Ancient Danger Leader	creature		Ancient Danger Leader	no	no	yes	https://www.patreon.com/posts/last-post-of-119006963	monster, aggressive
Headless Horseman	creature		Headless Horseman	no	no	yes	https://www.patreon.com/posts/exclusive-120045479	monster, aggressive
Orb Sentinel	creature		Orb Sentinel	no	no	yes	https://www.patreon.com/posts/exclusive-orb-120601567	monster, aggressive
Dwarven Marksman	creature		Dwarven Marksman	no	no	yes	https://www.patreon.com/posts/exclusive-122022289	human, aggressive
Giant Tortoise	creature		Giant Tortoise	no	no	yes	https://www.patreon.com/posts/exclusive-giant-122982838	animal, aggressive
Divine Angel	creature		Divine Angel	no	no	yes	https://www.patreon.com/posts/exclusive-divine-125050976	monster, humanoid, aggressive
Ancient Danger Heavy Warrior	creature		Ancient Danger Heavy Warrior	no	no	yes	https://www.patreon.com/posts/exclusive-danger-125284521	monster, aggressive
Griffin	creature		Griffin	no	no	yes	https://www.patreon.com/posts/exclusive-127813134	monster, aggressive
Elf Druid	creature		Elf Druid	no	no	yes	https://www.patreon.com/posts/exclusive-elf-127981724	elf, aggressive
Orc Shaman	creature		Orc Shaman	no	no	yes	https://www.patreon.com/posts/exclusive-orc-128748750	orc, aggressive
War Servitor	creature		War Servitor	no	no	yes	https://www.patreon.com/posts/exclusive-war-129430271	monster, aggressive
The King In Yellow	creature		The King In Yellow	no	no	yes	https://www.patreon.com/posts/exclusive-king-133812532	monster, aggressive
Divine God	creature		Divine God	no	no	yes	https://www.patreon.com/posts/exclusive-divine-134171614	monster, aggressive
Dragon Hatchling	creature		Dragon Hatchling	no	no	yes	https://www.patreon.com/posts/exclusive-dragon-134925435	monster, aggressive
Space Orc	creature		Space Orc	no	no	yes	https://www.patreon.com/posts/exclusive-space-135462202	orc, aggressive
Spectre	creature		Spectre	no	no	yes	https://www.patreon.com/posts/exclusive-139451317	undead, monster, aggressive
Goblin Sapper	creature		Goblin Sapper	no	no	yes	https://www.patreon.com/posts/exclusive-goblin-140085283	monster, aggressive
Undead Knight	creature		Undead Knight	no	no	yes	https://www.patreon.com/posts/exclusive-undead-142417153	undead, humanoid, aggressive
Cockatrice	creature		Cockatrice	no	no	yes	https://www.patreon.com/posts/exclusive-143485755	monster, aggressive
Space Hunter	creature		Space Hunter	no	no	yes	https://www.patreon.com/posts/exclusive-space-143924835	monster, aggressive
Divine Guardian	creature		Divine Guardian	no	no	yes	https://www.patreon.com/posts/exclusive-divine-145980624	monster, aggressive
Magma Golem	creature		Magma Golem	no	no	yes	https://www.patreon.com/posts/exclusive-magma-146990213	monster, aggressive
Travelling Merchan	creature		Travelling Merchan	no	no	yes	https://www.patreon.com/posts/exclusive-147748174	human, non-aggressive
Evil Pumpking	creature		Evil Pumpking	no	no	yes	https://www.patreon.com/posts/exclusive-evil-149824202	monster, aggressive
Space Orc Boss	creature		Space Orc Boss	no	no	yes	https://www.patreon.com/posts/exclusive-space-150339339	orc, aggressive
Divine Warden	creature		Divine Warden	no	no	yes	https://www.patreon.com/posts/exclusive-divine-150571548	monster, aggressive
Ballista Emplacement	creature		Ballista Emplacement	no	no	yes	https://www.patreon.com/posts/exclusive-152862491	monster, aggressive
Evil Wind-Up Teddy Bear	creature		Evil Wind-Up Teddy Bear	no	no	yes	https://www.patreon.com/posts/exclusive-evil-153503671	monster, aggressive
Huntsman Spider	creature		Huntsman Spider	no	no	yes	https://www.patreon.com/posts/exclusive-spider-155161572	insect, aggressive
Tomb perimeter walls	tileset	Ancient Danger Tomb		yes	no	no	https://krishna-palacio.itch.io/minifantasy-sci-fi-ancient-danger-tomb	building, construction, 
Ancient civilization stone walls	tileset	Ancient Danger Tomb		yes	no	no	https://krishna-palacio.itch.io/minifantasy-sci-fi-ancient-danger-tomb	building, construction, stone
Ancient civilization metal walls	tileset	Ancient Danger Tomb		yes	no	no	https://krishna-palacio.itch.io/minifantasy-sci-fi-ancient-danger-tomb	building, construction,  metal
Ancient civilization gates	tileset	Ancient Danger Tomb		yes	no	no	https://krishna-palacio.itch.io/minifantasy-sci-fi-ancient-danger-tomb	building, construction, entrance
Wall niches filled with dormant warriors	tileset	Ancient Danger Tomb		yes	no	no	https://krishna-palacio.itch.io/minifantasy-sci-fi-ancient-danger-tomb	building, underground, indoor
Ancient civilization floor tiles	tileset	Ancient Danger Tomb		yes	no	no	https://krishna-palacio.itch.io/minifantasy-sci-fi-ancient-danger-tomb	building, construction, floor
Floating platforms	tileset	Ancient Danger Tomb		yes	no	no	https://krishna-palacio.itch.io/minifantasy-sci-fi-ancient-danger-tomb	construction, platform, dangerous
Chasms to the void	tileset	Ancient Danger Tomb		yes	no	no	https://krishna-palacio.itch.io/minifantasy-sci-fi-ancient-danger-tomb	dangerous, abyss
Pyramids	manufactured prop	Ancient Danger Tomb		yes	no	no	https://krishna-palacio.itch.io/minifantasy-sci-fi-ancient-danger-tomb	construcction, building, decoration, stone
Monoliths	manufactured prop	Ancient Danger Tomb		yes	no	no	https://krishna-palacio.itch.io/minifantasy-sci-fi-ancient-danger-tomb	decoration, construction, stone
Energy Crystals	manufactured prop	Ancient Danger Tomb		yes	no	no	https://krishna-palacio.itch.io/minifantasy-sci-fi-ancient-danger-tomb	decoration, energy
Sarcophagi	manufactured prop	Ancient Danger Tomb		yes	no	no	https://krishna-palacio.itch.io/minifantasy-sci-fi-ancient-danger-tomb	decoration, creepy, horror
Pedestals	manufactured prop	Ancient Danger Tomb		yes	no	no	https://krishna-palacio.itch.io/minifantasy-sci-fi-ancient-danger-tomb	decoration, stone
Thrones	manufactured prop	Ancient Danger Tomb		yes	no	no	https://krishna-palacio.itch.io/minifantasy-sci-fi-ancient-danger-tomb	furniture
Statues	manufactured prop	Ancient Danger Tomb		yes	no	no	https://krishna-palacio.itch.io/minifantasy-sci-fi-ancient-danger-tomb	decoration
Pulsating Pyramids	animated prop	Ancient Danger Tomb		yes	no	no	https://krishna-palacio.itch.io/minifantasy-sci-fi-ancient-danger-tomb	construction, decoration
Pulsating and floating monoliths	animated prop	Ancient Danger Tomb		yes	no	no	https://krishna-palacio.itch.io/minifantasy-sci-fi-ancient-danger-tomb	decoration, stone
Pulsating and floating crystals	animated prop	Ancient Danger Tomb		yes	no	no	https://krishna-palacio.itch.io/minifantasy-sci-fi-ancient-danger-tomb	decoration, crystal, energy
Pulsating walls	animated tileset	Ancient Danger Tomb		yes	no	no	https://krishna-palacio.itch.io/minifantasy-sci-fi-ancient-danger-tomb	building, construction
Pulsating floor tiles	animated tileset	Ancient Danger Tomb		yes	no	no	https://krishna-palacio.itch.io/minifantasy-sci-fi-ancient-danger-tomb	building, construction
Pulsating and floating platforms	animated tileset	Ancient Danger Tomb		yes	no	no	https://krishna-palacio.itch.io/minifantasy-sci-fi-ancient-danger-tomb	building, construction
3D Swamp mossy ground	tileset	3D Silent Swamp		yes	no	no	https://krishna-palacio.itch.io/minifantasy-3d-silent-swamp	outdoor, green, swamp, mossy
3D Swamp mud areas	tileset	3D Silent Swamp		yes	no	no	https://krishna-palacio.itch.io/minifantasy-3d-silent-swamp	outdoor, mud, swamp
3D Animated swampy water	animated tileset	3D Silent Swamp		yes	no	no	https://krishna-palacio.itch.io/minifantasy-3d-silent-swamp	water, swamp
3D Water transitions to mossy and muddy ground	animated tileset	3D Silent Swamp		yes	no	no	https://krishna-palacio.itch.io/minifantasy-3d-silent-swamp	water, swamp
3D Transition tiles to Forgotten Plains	tileset	3D Silent Swamp		yes	no	no	https://krishna-palacio.itch.io/minifantasy-3d-silent-swamp	transition, swamp
3D Elevated wooden walkway and platform tiles	tileset	3D Silent Swamp		yes	no	no	https://krishna-palacio.itch.io/minifantasy-3d-silent-swamp	construction, dangerous
3D Reeds	natural prop	3D Silent Swamp		yes	no	no	https://krishna-palacio.itch.io/minifantasy-3d-silent-swamp	nature, outdoor, green
3D Rocks	natural prop	3D Silent Swamp		yes	no	no	https://krishna-palacio.itch.io/minifantasy-3d-silent-swamp	nature, outdoor, rocks
3D Aquatic plants	natural prop	3D Silent Swamp		yes	no	no	https://krishna-palacio.itch.io/minifantasy-3d-silent-swamp	nature, outdoor, green, aquatics
3D Willow tree	natural prop	3D Silent Swamp		yes	no	no	https://krishna-palacio.itch.io/minifantasy-3d-silent-swamp	nature, outdoor, green, tree
3D Broken logs	natural prop	3D Silent Swamp		yes	no	no	https://krishna-palacio.itch.io/minifantasy-3d-silent-swamp	nature, brown, wood
3D Tree barks	natural prop	3D Silent Swamp		yes	no	no	https://krishna-palacio.itch.io/minifantasy-3d-silent-swamp	nature, outdoor, green
3D Tentacle	creature	3D Silent Swamp		yes	no	no	https://krishna-palacio.itch.io/minifantasy-3d-silent-swamp	monster, aggressive
3D Giant Toad	creature	3D Silent Swamp		yes	no	no	https://krishna-palacio.itch.io/minifantasy-3d-silent-swamp	animal, amphibian, aggressive
3D Crocodile	creature	3D Silent Swamp		yes	no	no	https://krishna-palacio.itch.io/minifantasy-3d-silent-swamp	animal, reptile, aggressive, aquatic
3D Swamp Ogre	creature	3D Silent Swamp		yes	no	no	https://krishna-palacio.itch.io/minifantasy-3d-silent-swamp	monster, aggressive
Ancient Danger Leader	creature	Ancient Danger Legion		yes	no	no	https://krishna-palacio.itch.io/minifantasy-ancient-danger-legion	monster, aggressive
Ancient Danger Heavy Warrior	creature	Ancient Danger Legion		yes	no	no	https://krishna-palacio.itch.io/minifantasy-ancient-danger-legion	monster, aggressive
Ancient Danger Scarab	creature	Ancient Danger Legion		yes	no	no	https://krishna-palacio.itch.io/minifantasy-ancient-danger-legion	creature, animal, aggressive
Ancient Danger Warrior	creature	Ancient Danger Legion		yes	no	no	https://krishna-palacio.itch.io/minifantasy-ancient-danger-legion	monster, aggressive
Ancient Danger Orb Sentinel	creature	Ancient Danger Legion		yes	no	no	https://krishna-palacio.itch.io/minifantasy-ancient-danger-legion	monster, aggressive
Hellscape Mineral Nodes	natural prop		Hellscape Mineral Nodes	no	no	yes	https://www.patreon.com/posts/exclusive-nodes-109768193	nature, outdoor, decoration
Material Piles	tileset		Material Piles	no	no	yes	https://www.patreon.com/posts/exclusive-add-on-128200450	material
Ossuary Skeleton Spawn Point	animated prop		Ossuary Skeleton Spawn Point	no	no	yes	https://www.patreon.com/posts/exclusive-spawn-114548130	monster, undead, aggressive
More Lovecraftian Statues	manufactured prop		More Lovecraftian Statues	no	no	yes	https://www.patreon.com/posts/exclusive-add-on-124541943	lovecraftian, decoration
New Hill Tilesets In Increments of 1	tileset		New Hill Tilesets In Increments of 1	no	no	yes	https://www.patreon.com/posts/exclusive-new-in-105086342	nature, outdoor
Cenote (cave lake)	tileset		Cenote (cave lake)	no	no	yes	https://www.patreon.com/posts/exclusive-add-on-134604181	nature, lake, cave
Sand Dunes	tileset		Sand Dunes	no	no	yes	https://www.patreon.com/posts/exclusive-sand-115339053	nature, sand
Farming Animations 	base character expanded animations		Farming Animations For Base Characters I	no	no	yes	https://www.patreon.com/posts/exclusive-add-on-149434328	base character, human, orc, elf, halfling, gobling, dwarf
Monster Shaped Balloon Stall	animated prop		Monster Shaped Balloon Stall	no	no	yes	https://www.patreon.com/posts/exclusive-add-on-154023960	decoracion, monster
Shop Signs for Medieval City	manufactured prop		Shop Signs for Medieval City	no	no	yes	https://www.patreon.com/posts/exclusive-add-on-122553214	shop, business
Ruined Stone House	tileset		Ruined Stone House	no	no	yes	https://www.patreon.com/posts/exclusive-add-on-130496417	building, construction
Walls	tileset		Chamber Of Secrets	no	no	yes	https://www.patreon.com/krishna_palacio/posts/exclusive-add-on-121484741	building, construction
Entrance 	tileset		Chamber Of Secrets	no	no	yes	https://www.patreon.com/krishna_palacio/posts/exclusive-add-on-121484741	building, construction
Ground	tileset		Chamber Of Secrets	no	no	yes	https://www.patreon.com/krishna_palacio/posts/exclusive-add-on-121484741	building, construction
Columns	manufactured prop		Chamber Of Secrets	no	no	yes	https://www.patreon.com/krishna_palacio/posts/exclusive-add-on-121484741	building, construction
Optional snake decoration for columns	manufactured prop		Chamber Of Secrets	no	no	yes	https://www.patreon.com/krishna_palacio/posts/exclusive-add-on-121484741	decoration
Large snake sculptures 	manufactured prop		Chamber Of Secrets	no	no	yes	https://www.patreon.com/krishna_palacio/posts/exclusive-add-on-121484741	decoration, sculpture, scaly, polished
Stained Glass Windows	manufactured prop		Stained Glass Windows for Wizards Academy	no	no	yes	https://www.patreon.com/krishna_palacio/posts/exclusive-add-on-159453264	stained glad windows, decoration
Sci-fi Holographic Tables	manufactured prop		Sci-fi Holographic Tables	no	no	yes	https://www.patreon.com/krishna_palacio/posts/exclusive-add-on-147484177	furniture, holographic
More Animated Hi-Tech Doors	manufactured prop		More Animated Hi-Tech Doors	no	no	yes	https://www.patreon.com/krishna_palacio/posts/exclusive-add-on-153251337	indoor, outdoor, door
Drop Pod	manufactured prop		Drop Pod	no	no	yes	https://www.patreon.com/krishna_palacio/posts/exclusive-add-on-157884728	vehicle, weapon
Orthogonal ship interior walls	tileset	Space Derelict II		yes	no	no	https://krishna-palacio.itch.io/minifantasy-sci-fi-space-derelict-ii	building, construction, indoor
Diagonal ship interior walls	tileset	Space Derelict II		yes	no	no	https://krishna-palacio.itch.io/minifantasy-sci-fi-space-derelict-ii	building, construction, indoor
Gothic-style pointed arches in various sizes	tileset	Space Derelict II		yes	no	no	https://krishna-palacio.itch.io/minifantasy-sci-fi-space-derelict-ii	building, construction, indoor
Tinted arched windows	tileset	Space Derelict II		yes	no	no	https://krishna-palacio.itch.io/minifantasy-sci-fi-space-derelict-ii	building, construction, indoor
Sunken floor sections 	tileset	Space Derelict II		yes	no	no	https://krishna-palacio.itch.io/minifantasy-sci-fi-space-derelict-ii	building, construction, indoor
Spaceship floor tiles	tileset	Space Derelict II		yes	no	no	https://krishna-palacio.itch.io/minifantasy-sci-fi-space-derelict-ii	building, construction, indoor
Metal stairs	tileset	Space Derelict II		yes	no	no	https://krishna-palacio.itch.io/minifantasy-sci-fi-space-derelict-ii	building, construction, indoor, metal
Wall indicator LEDs	tileset	Space Derelict II		yes	no	no	https://krishna-palacio.itch.io/minifantasy-sci-fi-space-derelict-ii	building, construction, indoor
Wall and floor transitions	tileset	Space Derelict II		yes	no	no	https://krishna-palacio.itch.io/minifantasy-sci-fi-space-derelict-ii	building, construction, indoor
Bridge controls	manufactured prop	Space Derelict II		yes	no	no	https://krishna-palacio.itch.io/minifantasy-sci-fi-space-derelict-ii	decoration, furniture
Control panels	manufactured prop	Space Derelict II		yes	no	no	https://krishna-palacio.itch.io/minifantasy-sci-fi-space-derelict-ii	decoration, furniture
Server racks	manufactured prop	Space Derelict II		yes	no	no	https://krishna-palacio.itch.io/minifantasy-sci-fi-space-derelict-ii	decoration, furniture
Bridge armchairs	manufactured prop	Space Derelict II		yes	no	no	https://krishna-palacio.itch.io/minifantasy-sci-fi-space-derelict-ii	furniture
Bridge chairs	manufactured prop	Space Derelict II		yes	no	no	https://krishna-palacio.itch.io/minifantasy-sci-fi-space-derelict-ii	furniture
Wall-mounted monitors	manufactured prop	Space Derelict II		yes	no	no	https://krishna-palacio.itch.io/minifantasy-sci-fi-space-derelict-ii	decoration, furniture
Digital mission table	manufactured prop	Space Derelict II		yes	no	no	https://krishna-palacio.itch.io/minifantasy-sci-fi-space-derelict-ii	furniture
Beds	manufactured prop	Space Derelict II		yes	no	no	https://krishna-palacio.itch.io/minifantasy-sci-fi-space-derelict-ii	furniture
Bunk beds	manufactured prop	Space Derelict II		yes	no	no	https://krishna-palacio.itch.io/minifantasy-sci-fi-space-derelict-ii	furniture
Crew lockers	manufactured prop	Space Derelict II		yes	no	no	https://krishna-palacio.itch.io/minifantasy-sci-fi-space-derelict-ii	furniture
Round tables	manufactured prop	Space Derelict II		yes	no	no	https://krishna-palacio.itch.io/minifantasy-sci-fi-space-derelict-ii	furniture
Cantina chairs	manufactured prop	Space Derelict II		yes	no	no	https://krishna-palacio.itch.io/minifantasy-sci-fi-space-derelict-ii	furniture
Microwave	manufactured prop	Space Derelict II		yes	no	no	https://krishna-palacio.itch.io/minifantasy-sci-fi-space-derelict-ii	decoration, furniture
Food trays	manufactured prop	Space Derelict II		yes	no	no	https://krishna-palacio.itch.io/minifantasy-sci-fi-space-derelict-ii	decoration, furniture
Cargo crates	manufactured prop	Space Derelict II		yes	no	no	https://krishna-palacio.itch.io/minifantasy-sci-fi-space-derelict-ii	decoration, furniture
Barrels	manufactured prop	Space Derelict II		yes	no	no	https://krishna-palacio.itch.io/minifantasy-sci-fi-space-derelict-ii	decoration, furniture
Claw crane	manufactured prop	Space Derelict II		yes	no	no	https://krishna-palacio.itch.io/minifantasy-sci-fi-space-derelict-ii	decoration, furniture
Floor markings	manufactured prop	Space Derelict II		yes	no	no	https://krishna-palacio.itch.io/minifantasy-sci-fi-space-derelict-ii	decoration, furniture
3D Brick (House facades and walls)	tileset	3D Towns II		yes	no	no	https://krishna-palacio.itch.io/minifantasy-3d-towns-ii	building, construction, brick
3D Stucco (House facades and walls)	tileset	3D Towns II		yes	no	no	https://krishna-palacio.itch.io/minifantasy-3d-towns-ii	building, construction, stucco
3D Wooden plank (House facades and walls)	tileset	3D Towns II		yes	no	no	https://krishna-palacio.itch.io/minifantasy-3d-towns-ii	building, construction, wood
3D Tiles (roofs)	tileset	3D Towns II		yes	no	no	https://krishna-palacio.itch.io/minifantasy-3d-towns-ii	building, construction, roof
3D Thatch (roofs)	tileset	3D Towns II		yes	no	no	https://krishna-palacio.itch.io/minifantasy-3d-towns-ii	building, construction, roof
3D Wood (roofs)	tileset	3D Towns II		yes	no	no	https://krishna-palacio.itch.io/minifantasy-3d-towns-ii	building, construction, roof
3D Floor (Interiors)	tileset	3D Towns II		yes	no	no	https://krishna-palacio.itch.io/minifantasy-3d-towns-ii	building, construction, indoor
3D Walls (Interiors)	tileset	3D Towns II		yes	no	no	https://krishna-palacio.itch.io/minifantasy-3d-towns-ii	building, construction, indoor
3D Modular stone bridge	tileset	3D Towns II		yes	no	no	https://krishna-palacio.itch.io/minifantasy-3d-towns-ii	building, construction, stone
3D Windmill	tileset	3D Towns II		yes	no	no	https://krishna-palacio.itch.io/minifantasy-3d-towns-ii	building, construction
3D Couches	manufactured prop	3D Towns II		yes	no	no	https://krishna-palacio.itch.io/minifantasy-3d-towns-ii	furniture
3D Tables	manufactured prop	3D Towns II		yes	no	no	https://krishna-palacio.itch.io/minifantasy-3d-towns-ii	furniture
3D Carpets	manufactured prop	3D Towns II		yes	no	no	https://krishna-palacio.itch.io/minifantasy-3d-towns-ii	furniture, decoration
3D Counters	manufactured prop	3D Towns II		yes	no	no	https://krishna-palacio.itch.io/minifantasy-3d-towns-ii	furniture, decoration
3D Bath tube	manufactured prop	3D Towns II		yes	no	no	https://krishna-palacio.itch.io/minifantasy-3d-towns-ii	furniture, bathroom
3D Sink	manufactured prop	3D Towns II		yes	no	no	https://krishna-palacio.itch.io/minifantasy-3d-towns-ii	furniture, bathroom
3D Toilet	manufactured prop	3D Towns II		yes	no	no	https://krishna-palacio.itch.io/minifantasy-3d-towns-ii	furniture, bathroom
3D Towel hanger	manufactured prop	3D Towns II		yes	no	no	https://krishna-palacio.itch.io/minifantasy-3d-towns-ii	furniture, bathroom
3D Bathroom shelf	manufactured prop	3D Towns II		yes	no	no	https://krishna-palacio.itch.io/minifantasy-3d-towns-ii	furniture, bathroom
3D Stairs	manufactured prop	3D Towns II		yes	no	no	https://krishna-palacio.itch.io/minifantasy-3d-towns-ii	furniture
3D ladders	manufactured prop	3D Towns II		yes	no	no	https://krishna-palacio.itch.io/minifantasy-3d-towns-ii	furniture
3D Millstone	manufactured prop	3D Towns II		yes	no	no	https://krishna-palacio.itch.io/minifantasy-3d-towns-ii	furniture
Wrecked bows	manufactured prop		Shipwreck Props	no	no	yes	https://www.patreon.com/posts/exclusive-add-on-129925319	ship, damaged, dangerous
Wrecked sterns	manufactured prop		Shipwreck Props	no	no	yes	https://www.patreon.com/posts/exclusive-add-on-129925319	ship, damaged, dangerous
Wrecked masts	manufactured prop		Shipwreck Props	no	no	yes	https://www.patreon.com/posts/exclusive-add-on-129925319	ship, damaged, dangerous
Wrecked deck pieces	manufactured prop		Shipwreck Props	no	no	yes	https://www.patreon.com/posts/exclusive-add-on-129925319	ship, damaged, dangerous
Miscellaneous ship debris	manufactured prop		Shipwreck Props	no	no	yes	https://www.patreon.com/posts/exclusive-add-on-129925319	ship, damaged, dangerous
Roofs Frogfolk	manufactured prop		Frogfolk Settlement	no	no	yes	https://www.patreon.com/posts/exclusive-add-on-142810333	building, construction
Huts Frogfolk	manufactured prop		Frogfolk Settlement	no	no	yes	https://www.patreon.com/posts/exclusive-add-on-142810333	building, construction
Wooden platforms Frogfolk	manufactured prop		Frogfolk Settlement	no	no	yes	https://www.patreon.com/posts/exclusive-add-on-142810333	building, construction, wood
Posts Frogfolk	manufactured prop		Frogfolk Settlement	no	no	yes	https://www.patreon.com/posts/exclusive-add-on-142810333	furniture, decoration
Fences Frogfolk	manufactured prop		Frogfolk Settlement	no	no	yes	https://www.patreon.com/posts/exclusive-add-on-142810333	furniture, decoration
Water Magic - Tsunami	animated prop		Water Magic - Tsunami	no	no	yes	https://www.patreon.com/posts/exclusive-add-on-143768601	water, tsunami, spell
Tiny Buildings	manufactured prop		Upgradeable Tiny Buildings	no	no	yes	https://www.patreon.com/posts/exclusive-add-on-123217271	building, construction, tiny
White and dark cloud tilesets	tileset		Tiny Weather Effects	no	no	yes	https://www.patreon.com/posts/exclusive-add-on-147633928	weater, cloud, tiny
Animated lightning effects	animated effect		Tiny Weather Effects	no	no	yes	https://www.patreon.com/posts/exclusive-add-on-147633928	weater, tiny
Animated rain effects	animated effect		Tiny Weather Effects	no	no	yes	https://www.patreon.com/posts/exclusive-add-on-147633928	weater, tiny
Animated fog effects	animated effect		Tiny Weather Effects	no	no	yes	https://www.patreon.com/posts/exclusive-add-on-147633928	weater, tiny
Rarity Effects For Cards	animated effect		Rarity Effects For Cards	no	no	yes	https://www.patreon.com/posts/exclusive-add-on-138574569	ui
Shop and barter UI	GUI/HUD		Shop and barter UI	no	no	yes	https://www.patreon.com/posts/exclusive-add-on-146430230	ui
Status Effects for the TCG UI Add-on I	GUI/HUD		Status Effects for the TCG UI Add-on I	no	no	yes	https://www.patreon.com/krishna_palacio/posts/exclusive-add-on-150406601	ui
Opening & closing animations for the Reality Cracks	animated effect		Opening & closing animations for the Reality Cracks	no	no	yes	https://www.patreon.com/krishna_palacio/posts/exclusive-add-on-150984531	indoor, outdoor, open, close
The Gambler	creature	True Villains II		yes	no	no	https://krishna-palacio.itch.io/minifantasy-true-villains-ii	creature, aggressive
The Plague Doctor	creature	True Villains II		yes	no	no	https://krishna-palacio.itch.io/minifantasy-true-villains-ii	creature, aggressive
The Puppeteer	creature	True Villains II		yes	no	no	https://krishna-palacio.itch.io/minifantasy-true-villains-ii	creature, aggressive
Castle walls	tileset	Castles And Strongholds		yes	no	no	https://krishna-palacio.itch.io/minifantasy-castles-and-strongholds	buildling, construction
Battlements	tileset	Castles And Strongholds		yes	no	no	https://krishna-palacio.itch.io/minifantasy-castles-and-strongholds	building, construction, castle, outdoor
Wooden walkways/roofs	tileset	Castles And Strongholds		yes	no	no	https://krishna-palacio.itch.io/minifantasy-castles-and-strongholds	building, wood, outdoor
Stairs	tileset	Castles And Strongholds		yes	no	no	https://krishna-palacio.itch.io/minifantasy-castles-and-strongholds	building, construction
Doors and windows of different sizes	tileset	Castles And Strongholds		yes	no	no	https://krishna-palacio.itch.io/minifantasy-castles-and-strongholds	building, construction
Different floor types	tileset	Castles And Strongholds		yes	no	no	https://krishna-palacio.itch.io/minifantasy-castles-and-strongholds	building, construction, indoor, outdoor
Water pit tiles	tileset	Castles And Strongholds		yes	no	no	https://krishna-palacio.itch.io/minifantasy-castles-and-strongholds	building, construction
Cobblestone tiles	tileset	Castles And Strongholds		yes	no	no	https://krishna-palacio.itch.io/minifantasy-castles-and-strongholds	building, outdoor, indoor
Gravel and grass tiles	tileset	Castles And Strongholds		yes	no	no	https://krishna-palacio.itch.io/minifantasy-castles-and-strongholds	building, outdoor, indoor
Drawbridge	manufactured prop	Castles And Strongholds		yes	no	no	https://krishna-palacio.itch.io/minifantasy-castles-and-strongholds	construction, outdoor
Wall banners	manufactured prop	Castles And Strongholds		yes	no	no	https://krishna-palacio.itch.io/minifantasy-castles-and-strongholds	decoration
Wall torch	manufactured prop	Castles And Strongholds		yes	no	no	https://krishna-palacio.itch.io/minifantasy-castles-and-strongholds	light, decoration
Paints	manufactured prop	Castles And Strongholds		yes	no	no	https://krishna-palacio.itch.io/minifantasy-castles-and-strongholds	decoration
Decorative wall weapons	manufactured prop	Castles And Strongholds		yes	no	no	https://krishna-palacio.itch.io/minifantasy-castles-and-strongholds	decoration, weapons
Hunt trophy	manufactured prop	Castles And Strongholds		yes	no	no	https://krishna-palacio.itch.io/minifantasy-castles-and-strongholds	decoration, trophy
Royal treasure chest	manufactured prop	Castles And Strongholds		yes	no	no	https://krishna-palacio.itch.io/minifantasy-castles-and-strongholds	treasure, chest, decoration, luxury
Royal bed	manufactured prop	Castles And Strongholds		yes	no	no	https://krishna-palacio.itch.io/minifantasy-castles-and-strongholds	furniture, luxury, royal
Thrones	manufactured prop	Castles And Strongholds		yes	no	no	https://krishna-palacio.itch.io/minifantasy-castles-and-strongholds	furniture, royal
Luxury chairs	manufactured prop	Castles And Strongholds		yes	no	no	https://krishna-palacio.itch.io/minifantasy-castles-and-strongholds	furniture, luxury
Decorative armours	manufactured prop	Castles And Strongholds		yes	no	no	https://krishna-palacio.itch.io/minifantasy-castles-and-strongholds	decoration
Lamp	manufactured prop	Castles And Strongholds		yes	no	no	https://krishna-palacio.itch.io/minifantasy-castles-and-strongholds	light, decoration
Luxury carpet	manufactured prop	Castles And Strongholds		yes	no	no	https://krishna-palacio.itch.io/minifantasy-castles-and-strongholds	furniture, decoration, luxury
Banquet table	manufactured prop	Castles And Strongholds		yes	no	no	https://krishna-palacio.itch.io/minifantasy-castles-and-strongholds	furniture
Seabed terrain	tileset	Sunken City		yes	no	no	https://krishna-palacio.itch.io/minifantasy-sunken-city	nature, sunken
Underwater hills	tileset	Sunken City		yes	no	no	https://krishna-palacio.itch.io/minifantasy-sunken-city	nature, sunken
Animated underwater ambient effect	animated tileset	Sunken City		yes	no	no	https://krishna-palacio.itch.io/minifantasy-sunken-city	nature, sunken, underwater
Sunken city walls	tileset	Sunken City		yes	no	no	https://krishna-palacio.itch.io/minifantasy-sunken-city	building, construction
Stone blocks	tileset	Sunken City		yes	no	no	https://krishna-palacio.itch.io/minifantasy-sunken-city	building, construction, stone
Pillars	manufactured prop	Sunken City		yes	no	no	https://krishna-palacio.itch.io/minifantasy-sunken-city	building, construction, pillar, grey
Door and window	manufactured prop	Sunken City		yes	no	no	https://krishna-palacio.itch.io/minifantasy-sunken-city	building, construction, indoor, outdoor
Roof	tileset	Sunken City		yes	no	no	https://krishna-palacio.itch.io/minifantasy-sunken-city	building, construction, outdoor
City floor	tileset	Sunken City		yes	no	no	https://krishna-palacio.itch.io/minifantasy-sunken-city	outdoor, indoor
Sunken Road	tileset	Sunken City		yes	no	no	https://krishna-palacio.itch.io/minifantasy-sunken-city	road, path, outdoor, sunken
Sidewalk edges	tileset	Sunken City		yes	no	no	https://krishna-palacio.itch.io/minifantasy-sunken-city	floor, outdoor
Stairs	tileset	Sunken City		yes	no	no	https://krishna-palacio.itch.io/minifantasy-sunken-city	building, construction
Seagrass meadows	tileset	Sunken City		yes	no	no	https://krishna-palacio.itch.io/minifantasy-sunken-city	naature, sunken
Underwater rocks	natural prop	Sunken City		yes	no	no	https://krishna-palacio.itch.io/minifantasy-sunken-city	rock, underwater, outdoor
Varied seaweed and underwater flora	natural prop	Sunken City		yes	no	no	https://krishna-palacio.itch.io/minifantasy-sunken-city	nature, underwater, outdoor
Kelp of different sizes for creating kelp forests	natural prop	Sunken City		yes	no	no	https://krishna-palacio.itch.io/minifantasy-sunken-city	nature, underwater, outdoor
Coral formations	natural prop	Sunken City		yes	no	no	https://krishna-palacio.itch.io/minifantasy-sunken-city	nature, underwater, outdoor
Sea flora colonies	natural prop	Sunken City		yes	no	no	https://krishna-palacio.itch.io/minifantasy-sunken-city	nature, underwater, outdoor
Wall-growing corals and flora	natural prop	Sunken City		yes	no	no	https://krishna-palacio.itch.io/minifantasy-sunken-city	nature, underwater, outdoor
Building debris	manufactured prop	Sunken City		yes	no	no	https://krishna-palacio.itch.io/minifantasy-sunken-city	ruin, damaged
Columns	manufactured prop	Sunken City		yes	no	no	https://krishna-palacio.itch.io/minifantasy-sunken-city	building, construction, decoration
Sand accumulation for building corners	natural prop	Sunken City		yes	no	no	https://krishna-palacio.itch.io/minifantasy-sunken-city	nature, underwater, ruin, damaged
3D Treetop 	tileset	3D Elven Kingdom		yes	no	no	https://krishna-palacio.itch.io/minifantasy-3d-elven-kingdom	oudoor, building, nature, oak, hickory, pine, willow, birch
3D Giant tree trunk	tileset	3D Elven Kingdom		yes	no	no	https://krishna-palacio.itch.io/minifantasy-3d-elven-kingdom	oudoor, building, nature, oak, hickory, pine, willow, birch
3D Wooden platform	tileset	3D Elven Kingdom		yes	no	no	https://krishna-palacio.itch.io/minifantasy-3d-elven-kingdom	oudoor, building, nature, oak, hickory, pine, willow, birch
3D Bark wall	tileset	3D Elven Kingdom		yes	no	no	https://krishna-palacio.itch.io/minifantasy-3d-elven-kingdom	oudoor, building, nature, oak, hickory, pine, willow, birch
3D Leaf wall	tileset	3D Elven Kingdom		yes	no	no	https://krishna-palacio.itch.io/minifantasy-3d-elven-kingdom	oudoor, building, nature, oak, hickory, pine, willow, birch
3DTree rings wooden floor 	tileset	3D Elven Kingdom		yes	no	no	https://krishna-palacio.itch.io/minifantasy-3d-elven-kingdom	oudoor, building, nature, oak, hickory, pine, willow, birch
3D Leaf floor	tileset	3D Elven Kingdom		yes	no	no	https://krishna-palacio.itch.io/minifantasy-3d-elven-kingdom	oudoor, building, nature, oak, hickory, pine, willow, birch
3D Elven Screens 	manufactured prop	3D Elven Kingdom		yes	no	no	https://krishna-palacio.itch.io/minifantasy-3d-elven-kingdom	furniture, nature, oak, hickory, pine, willow, birch
3D Elven Hammocks 	manufactured prop	3D Elven Kingdom		yes	no	no	https://krishna-palacio.itch.io/minifantasy-3d-elven-kingdom	furniture, nature, oak, hickory, pine, willow, birch
3D Elven Shelves 	manufactured prop	3D Elven Kingdom		yes	no	no	https://krishna-palacio.itch.io/minifantasy-3d-elven-kingdom	furniture, nature, oak, hickory, pine, willow, birch
3D Elven Bean Bags 	manufactured prop	3D Elven Kingdom		yes	no	no	https://krishna-palacio.itch.io/minifantasy-3d-elven-kingdom	furniture, nature, oak, hickory, pine, willow, birch
3D Elven Pillows 	manufactured prop	3D Elven Kingdom		yes	no	no	https://krishna-palacio.itch.io/minifantasy-3d-elven-kingdom	furniture, nature, oak, hickory, pine, willow, birch
3D Elven Tables 	manufactured prop	3D Elven Kingdom		yes	no	no	https://krishna-palacio.itch.io/minifantasy-3d-elven-kingdom	furniture, nature, oak, hickory, pine, willow, birch
3D Elven Chairs	manufactured prop	3D Elven Kingdom		yes	no	no	https://krishna-palacio.itch.io/minifantasy-3d-elven-kingdom	furniture, nature, oak, hickory, pine, willow, birch
3D Elven Thrones 	manufactured prop	3D Elven Kingdom		yes	no	no	https://krishna-palacio.itch.io/minifantasy-3d-elven-kingdom	furniture, nature, oak, hickory, pine, willow, birch
3D Elven Carpets 	manufactured prop	3D Elven Kingdom		yes	no	no	https://krishna-palacio.itch.io/minifantasy-3d-elven-kingdom	furniture, nature, oak, hickory, pine, willow, birch
3D Elven Banners	manufactured prop	3D Elven Kingdom		yes	no	no	https://krishna-palacio.itch.io/minifantasy-3d-elven-kingdom	furniture, nature, oak, hickory, pine, willow, birch
3D Elven Ladders	manufactured prop	3D Elven Kingdom		yes	no	no	https://krishna-palacio.itch.io/minifantasy-3d-elven-kingdom	furniture, nature, oak, hickory, pine, willow, birch
3D Branch sets	natural prop	3D Elven Kingdom		yes	no	no	https://krishna-palacio.itch.io/minifantasy-3d-elven-kingdom	furniture, nature, oak, hickory, pine, willow, birch
Meadow of Seasons Grass 	tileset	Meadow of Seasons		yes	no	no	https://krishna-palacio.itch.io/minifantasy-meadow-of-seasons	nature, outdoor, green, yellow, blue, red
Meadow of Seasons Pond	tileset	Meadow of Seasons		yes	no	no	https://krishna-palacio.itch.io/minifantasy-meadow-of-seasons	nature, outdoor, water
Meadow of Seasons Hills and soft elevations	tileset	Meadow of Seasons		yes	no	no	https://krishna-palacio.itch.io/minifantasy-meadow-of-seasons	nature, outdoor, green, yellow, blue, red
Meadow of Seasons Tick forest/wall of trees	tileset	Meadow of Seasons		yes	no	no	https://krishna-palacio.itch.io/minifantasy-meadow-of-seasons	nature, outdoor, green, yellow, blue, red
Forgotten Plains of Seasons Grass	tileset	Meadow of Seasons		yes	no	no	https://krishna-palacio.itch.io/minifantasy-meadow-of-seasons	nature, outdoor, green, yellow, blue, red
Forgotten Plains of Seasons Dirt	tileset	Meadow of Seasons		yes	no	no	https://krishna-palacio.itch.io/minifantasy-meadow-of-seasons	nature, outdoor
Forgotten Plains of Seasons Paths	tileset	Meadow of Seasons		yes	no	no	https://krishna-palacio.itch.io/minifantasy-meadow-of-seasons	nature, outdoor
Forgotten Plains of Seasons Lake	tileset	Meadow of Seasons		yes	no	no	https://krishna-palacio.itch.io/minifantasy-meadow-of-seasons	nature, outdoor, water
Forgotten Plains of Seasons floors covered by nature	tileset	Meadow of Seasons		yes	no	no	https://krishna-palacio.itch.io/minifantasy-meadow-of-seasons	nature, outdoor
Forgotten Plains of Seasons Tall hills	tileset	Meadow of Seasons		yes	no	no	https://krishna-palacio.itch.io/minifantasy-meadow-of-seasons	nature, outdoor
Forgotten Plains of Seasons Cliffs	tileset	Meadow of Seasons		yes	no	no	https://krishna-palacio.itch.io/minifantasy-meadow-of-seasons	nature, outdoor
Meadow of Seasons Trees	natural prop	Meadow of Seasons		yes	no	no	https://krishna-palacio.itch.io/minifantasy-meadow-of-seasons	nature, outdoor
Meadow of Seasons Forgotten ruins	manufactured prop	Meadow of Seasons		yes	no	no	https://krishna-palacio.itch.io/minifantasy-meadow-of-seasons	nature, outdoor, stone
Meadow of Seasons Rocks	natural prop	Meadow of Seasons		yes	no	no	https://krishna-palacio.itch.io/minifantasy-meadow-of-seasons	nature, outdoor, stone
Meadow of Seasons Trunks and branches	natural prop	Meadow of Seasons		yes	no	no	https://krishna-palacio.itch.io/minifantasy-meadow-of-seasons	nature, outdoor
Meadow of Seasons Flowers	natural prop	Meadow of Seasons		yes	no	no	https://krishna-palacio.itch.io/minifantasy-meadow-of-seasons	nature, outdoor
Meadow of Seasons Plants	natural prop	Meadow of Seasons		yes	no	no	https://krishna-palacio.itch.io/minifantasy-meadow-of-seasons	nature, outdoor
Meadow of Seasons Creepers	natural prop	Meadow of Seasons		yes	no	no	https://krishna-palacio.itch.io/minifantasy-meadow-of-seasons	nature, outdoor
Engineer	creature	True Heroes V		yes	no	no	https://krishna-palacio.itch.io/minifantasytrue-heroes-v	aggressive, mechanical
Runesmith	creature	True Heroes V		yes	no	no	https://krishna-palacio.itch.io/minifantasytrue-heroes-v	wise, magic, aggressive
Guardian	creature	True Heroes V		yes	no	no	https://krishna-palacio.itch.io/minifantasytrue-heroes-v	warrior, aggressive, armored